[0m15:57:40.527620 [debug] [MainThread]: Sending event: {'category': 'dbt', 'action': 'invocation', 'label': 'start', 'context': [<snowplow_tracker.self_describing_json.SelfDescribingJson object at 0x000002360778BE00>, <snowplow_tracker.self_describing_json.SelfDescribingJson object at 0x0000023607385E50>, <snowplow_tracker.self_describing_json.SelfDescribingJson object at 0x000002360656C910>]}


============================== 15:57:40.544720 | 390d71b6-70fd-4b25-ba7b-f86b3c39abd0 ==============================
[0m15:57:40.544720 [info ] [MainThread]: Running with dbt=1.8.2
[0m15:57:40.547018 [debug] [MainThread]: running dbt with arguments {'printer_width': '80', 'indirect_selection': 'eager', 'log_cache_events': 'False', 'write_json': 'True', 'partial_parse': 'True', 'cache_selected_only': 'False', 'warn_error': 'None', 'fail_fast': 'False', 'debug': 'False', 'log_path': 'C:\\Users\\Qc\\Desktop\\self-healing-pipeline\\transform\\dbt_project\\logs', 'version_check': 'True', 'profiles_dir': 'C:\\Users\\Qc\\Desktop\\self-healing-pipeline\\transform\\dbt_project', 'use_colors': 'True', 'use_experimental_parser': 'False', 'no_print': 'None', 'quiet': 'False', 'warn_error_options': 'WarnErrorOptions(include=[], exclude=[])', 'invocation_command': 'dbt run', 'introspect': 'True', 'static_parser': 'True', 'target_path': 'None', 'log_format': 'default', 'send_anonymous_usage_stats': 'True'}
[0m15:57:42.024054 [debug] [MainThread]: Sending event: {'category': 'dbt', 'action': 'project_id', 'label': '390d71b6-70fd-4b25-ba7b-f86b3c39abd0', 'context': [<snowplow_tracker.self_describing_json.SelfDescribingJson object at 0x000002360A60F360>]}
[0m15:57:42.465296 [debug] [MainThread]: Sending event: {'category': 'dbt', 'action': 'adapter_info', 'label': '390d71b6-70fd-4b25-ba7b-f86b3c39abd0', 'context': [<snowplow_tracker.self_describing_json.SelfDescribingJson object at 0x000002360A3387C0>]}
[0m15:57:42.472381 [info ] [MainThread]: Registered adapter: postgres=1.8.2
[0m15:57:43.863857 [debug] [MainThread]: checksum: f0a141b9de567cb7f131613ba2682f40b3a1c6a157f81c6e5435862eff68f109, vars: {}, profile: , target: , version: 1.8.2
[0m15:57:43.870852 [info ] [MainThread]: Unable to do partial parsing because saved manifest not found. Starting full parse.
[0m15:57:43.873254 [debug] [MainThread]: Sending event: {'category': 'dbt', 'action': 'partial_parser', 'label': '390d71b6-70fd-4b25-ba7b-f86b3c39abd0', 'context': [<snowplow_tracker.self_describing_json.SelfDescribingJson object at 0x000002360A458B50>]}
[0m15:57:57.941366 [warn ] [MainThread]: [[33mWARNING[0m]: Deprecated functionality
The `tests` config has been renamed to `data_tests`. Please see
https://docs.getdbt.com/docs/build/data-tests#new-data_tests-syntax for more
information.
[0m15:57:57.950953 [debug] [MainThread]: Sending event: {'category': 'dbt', 'action': 'deprecation', 'label': '390d71b6-70fd-4b25-ba7b-f86b3c39abd0', 'property_': 'warn', 'context': [<snowplow_tracker.self_describing_json.SelfDescribingJson object at 0x000002360A75E7B0>]}
[0m15:58:02.876029 [debug] [MainThread]: Sending event: {'category': 'dbt', 'action': 'load_project', 'label': '390d71b6-70fd-4b25-ba7b-f86b3c39abd0', 'context': [<snowplow_tracker.self_describing_json.SelfDescribingJson object at 0x000002360BA94130>]}
[0m15:58:04.332615 [debug] [MainThread]: Sending event: {'category': 'dbt', 'action': 'resource_counts', 'label': '390d71b6-70fd-4b25-ba7b-f86b3c39abd0', 'context': [<snowplow_tracker.self_describing_json.SelfDescribingJson object at 0x000002360BC63BA0>]}
[0m15:58:04.334106 [info ] [MainThread]: Found 2 models, 6 data tests, 1 source, 428 macros
[0m15:58:04.335802 [debug] [MainThread]: Sending event: {'category': 'dbt', 'action': 'runnable_timing', 'label': '390d71b6-70fd-4b25-ba7b-f86b3c39abd0', 'context': [<snowplow_tracker.self_describing_json.SelfDescribingJson object at 0x000002360A66E2D0>]}
[0m15:58:04.342001 [info ] [MainThread]: 
[0m15:58:04.345596 [debug] [MainThread]: Acquiring new postgres connection 'master'
[0m15:58:04.663111 [debug] [ThreadPool]: Acquiring new postgres connection 'list_shp'
[0m15:58:17.477255 [debug] [ThreadPool]: Using postgres connection "list_shp"
[0m15:58:17.479034 [debug] [ThreadPool]: On list_shp: /* {"app": "dbt", "dbt_version": "1.8.2", "profile_name": "self_healing_pipeline", "target_name": "dev", "connection_name": "list_shp"} */

    select distinct nspname from pg_namespace
  
[0m15:58:17.482042 [debug] [ThreadPool]: Opening a new connection, currently in state init
[0m15:58:17.619401 [debug] [ThreadPool]: SQL status: SELECT 4 in 0.139 seconds
[0m15:58:17.623821 [debug] [ThreadPool]: On list_shp: Close
[0m15:58:17.643117 [debug] [ThreadPool]: Acquiring new postgres connection 'list_shp_public'
[0m15:58:17.669137 [debug] [ThreadPool]: Using postgres connection "list_shp_public"
[0m15:58:17.670186 [debug] [ThreadPool]: On list_shp_public: BEGIN
[0m15:58:17.671441 [debug] [ThreadPool]: Opening a new connection, currently in state init
[0m15:58:17.723548 [debug] [ThreadPool]: SQL status: BEGIN in 0.052 seconds
[0m15:58:17.724787 [debug] [ThreadPool]: Using postgres connection "list_shp_public"
[0m15:58:17.725928 [debug] [ThreadPool]: On list_shp_public: /* {"app": "dbt", "dbt_version": "1.8.2", "profile_name": "self_healing_pipeline", "target_name": "dev", "connection_name": "list_shp_public"} */
select
      'shp' as database,
      tablename as name,
      schemaname as schema,
      'table' as type
    from pg_tables
    where schemaname ilike 'public'
    union all
    select
      'shp' as database,
      viewname as name,
      schemaname as schema,
      'view' as type
    from pg_views
    where schemaname ilike 'public'
    union all
    select
      'shp' as database,
      matviewname as name,
      schemaname as schema,
      'materialized_view' as type
    from pg_matviews
    where schemaname ilike 'public'
  
[0m15:58:17.757920 [debug] [ThreadPool]: SQL status: SELECT 1 in 0.031 seconds
[0m15:58:17.761731 [debug] [ThreadPool]: On list_shp_public: ROLLBACK
[0m15:58:17.764032 [debug] [ThreadPool]: On list_shp_public: Close
[0m15:58:17.780667 [debug] [MainThread]: Using postgres connection "master"
[0m15:58:17.781857 [debug] [MainThread]: On master: BEGIN
[0m15:58:17.782903 [debug] [MainThread]: Opening a new connection, currently in state init
[0m15:58:17.821108 [debug] [MainThread]: SQL status: BEGIN in 0.038 seconds
[0m15:58:17.822259 [debug] [MainThread]: Using postgres connection "master"
[0m15:58:17.823832 [debug] [MainThread]: On master: /* {"app": "dbt", "dbt_version": "1.8.2", "profile_name": "self_healing_pipeline", "target_name": "dev", "connection_name": "master"} */
with relation as (
        select
            pg_rewrite.ev_class as class,
            pg_rewrite.oid as id
        from pg_rewrite
    ),
    class as (
        select
            oid as id,
            relname as name,
            relnamespace as schema,
            relkind as kind
        from pg_class
    ),
    dependency as (
        select distinct
            pg_depend.objid as id,
            pg_depend.refobjid as ref
        from pg_depend
    ),
    schema as (
        select
            pg_namespace.oid as id,
            pg_namespace.nspname as name
        from pg_namespace
        where nspname != 'information_schema' and nspname not like 'pg\_%'
    ),
    referenced as (
        select
            relation.id AS id,
            referenced_class.name ,
            referenced_class.schema ,
            referenced_class.kind
        from relation
        join class as referenced_class on relation.class=referenced_class.id
        where referenced_class.kind in ('r', 'v', 'm')
    ),
    relationships as (
        select
            referenced.name as referenced_name,
            referenced.schema as referenced_schema_id,
            dependent_class.name as dependent_name,
            dependent_class.schema as dependent_schema_id,
            referenced.kind as kind
        from referenced
        join dependency on referenced.id=dependency.id
        join class as dependent_class on dependency.ref=dependent_class.id
        where
            (referenced.name != dependent_class.name or
             referenced.schema != dependent_class.schema)
    )

    select
        referenced_schema.name as referenced_schema,
        relationships.referenced_name as referenced_name,
        dependent_schema.name as dependent_schema,
        relationships.dependent_name as dependent_name
    from relationships
    join schema as dependent_schema on relationships.dependent_schema_id=dependent_schema.id
    join schema as referenced_schema on relationships.referenced_schema_id=referenced_schema.id
    group by referenced_schema, referenced_name, dependent_schema, dependent_name
    order by referenced_schema, referenced_name, dependent_schema, dependent_name;
[0m15:58:17.854494 [debug] [MainThread]: SQL status: SELECT 0 in 0.029 seconds
[0m15:58:17.858034 [debug] [MainThread]: Sending event: {'category': 'dbt', 'action': 'runnable_timing', 'label': '390d71b6-70fd-4b25-ba7b-f86b3c39abd0', 'context': [<snowplow_tracker.self_describing_json.SelfDescribingJson object at 0x000002360BC7CE10>]}
[0m15:58:17.859593 [debug] [MainThread]: On master: ROLLBACK
[0m15:58:17.861973 [debug] [MainThread]: Using postgres connection "master"
[0m15:58:17.863046 [debug] [MainThread]: On master: BEGIN
[0m15:58:17.866364 [debug] [MainThread]: SQL status: BEGIN in 0.002 seconds
[0m15:58:17.867472 [debug] [MainThread]: On master: COMMIT
[0m15:58:17.868712 [debug] [MainThread]: Using postgres connection "master"
[0m15:58:17.869739 [debug] [MainThread]: On master: COMMIT
[0m15:58:17.871998 [debug] [MainThread]: SQL status: COMMIT in 0.001 seconds
[0m15:58:17.873301 [debug] [MainThread]: On master: Close
[0m15:58:17.875182 [info ] [MainThread]: Concurrency: 4 threads (target='dev')
[0m15:58:17.876722 [info ] [MainThread]: 
[0m15:58:17.890994 [debug] [Thread-1 (]: Began running node model.self_healing_pipeline.stg_weather
[0m15:58:17.892906 [info ] [Thread-1 (]: 1 of 2 START sql view model public.stg_weather ................................. [RUN]
[0m15:58:17.894957 [debug] [Thread-1 (]: Acquiring new postgres connection 'model.self_healing_pipeline.stg_weather'
[0m15:58:17.897901 [debug] [Thread-1 (]: Began compiling node model.self_healing_pipeline.stg_weather
[0m15:58:17.924393 [debug] [Thread-1 (]: Writing injected SQL for node "model.self_healing_pipeline.stg_weather"
[0m15:58:17.929202 [debug] [Thread-1 (]: Began executing node model.self_healing_pipeline.stg_weather
[0m15:58:18.058292 [debug] [Thread-1 (]: Writing runtime sql for node "model.self_healing_pipeline.stg_weather"
[0m15:58:18.063971 [debug] [Thread-1 (]: Using postgres connection "model.self_healing_pipeline.stg_weather"
[0m15:58:18.065207 [debug] [Thread-1 (]: On model.self_healing_pipeline.stg_weather: BEGIN
[0m15:58:18.066405 [debug] [Thread-1 (]: Opening a new connection, currently in state init
[0m15:58:18.120228 [debug] [Thread-1 (]: SQL status: BEGIN in 0.054 seconds
[0m15:58:18.121520 [debug] [Thread-1 (]: Using postgres connection "model.self_healing_pipeline.stg_weather"
[0m15:58:18.122863 [debug] [Thread-1 (]: On model.self_healing_pipeline.stg_weather: /* {"app": "dbt", "dbt_version": "1.8.2", "profile_name": "self_healing_pipeline", "target_name": "dev", "node_id": "model.self_healing_pipeline.stg_weather"} */

  create view "shp"."public"."stg_weather__dbt_tmp"
    
    
  as (
    -- Cleans raw_weather: casts types, drops obviously bad rows.
-- This is the model that breaks first when --break bad_column or
-- --break schema_drift is used upstream — good starting point for the
-- Monitor Agent to point at in Stage 1.

select
    ts::timestamp                as ts,
    temperature_c::numeric       as temperature_c,
    humidity_pct::numeric        as humidity_pct,
    precipitation_mm::numeric    as precipitation_mm,
    loaded_at
from "shp"."public"."raw_weather"
where ts is not null
  );
[0m15:58:18.132422 [debug] [Thread-1 (]: SQL status: CREATE VIEW in 0.008 seconds
[0m15:58:18.149801 [debug] [Thread-1 (]: Using postgres connection "model.self_healing_pipeline.stg_weather"
[0m15:58:18.151172 [debug] [Thread-1 (]: On model.self_healing_pipeline.stg_weather: /* {"app": "dbt", "dbt_version": "1.8.2", "profile_name": "self_healing_pipeline", "target_name": "dev", "node_id": "model.self_healing_pipeline.stg_weather"} */
alter table "shp"."public"."stg_weather__dbt_tmp" rename to "stg_weather"
[0m15:58:18.156108 [debug] [Thread-1 (]: SQL status: ALTER TABLE in 0.004 seconds
[0m15:58:18.200303 [debug] [Thread-1 (]: On model.self_healing_pipeline.stg_weather: COMMIT
[0m15:58:18.201816 [debug] [Thread-1 (]: Using postgres connection "model.self_healing_pipeline.stg_weather"
[0m15:58:18.203260 [debug] [Thread-1 (]: On model.self_healing_pipeline.stg_weather: COMMIT
[0m15:58:18.212104 [debug] [Thread-1 (]: SQL status: COMMIT in 0.007 seconds
[0m15:58:18.231948 [debug] [Thread-1 (]: Applying DROP to: "shp"."public"."stg_weather__dbt_backup"
[0m15:58:18.247068 [debug] [Thread-1 (]: Using postgres connection "model.self_healing_pipeline.stg_weather"
[0m15:58:18.248375 [debug] [Thread-1 (]: On model.self_healing_pipeline.stg_weather: /* {"app": "dbt", "dbt_version": "1.8.2", "profile_name": "self_healing_pipeline", "target_name": "dev", "node_id": "model.self_healing_pipeline.stg_weather"} */
drop view if exists "shp"."public"."stg_weather__dbt_backup" cascade
[0m15:58:18.253391 [debug] [Thread-1 (]: SQL status: DROP VIEW in 0.004 seconds
[0m15:58:18.259850 [debug] [Thread-1 (]: On model.self_healing_pipeline.stg_weather: Close
[0m15:58:18.266049 [debug] [Thread-1 (]: Sending event: {'category': 'dbt', 'action': 'run_model', 'label': '390d71b6-70fd-4b25-ba7b-f86b3c39abd0', 'context': [<snowplow_tracker.self_describing_json.SelfDescribingJson object at 0x0000023609AA3A70>]}
[0m15:58:18.268400 [info ] [Thread-1 (]: 1 of 2 OK created sql view model public.stg_weather ............................ [[32mCREATE VIEW[0m in 0.37s]
[0m15:58:18.270884 [debug] [Thread-1 (]: Finished running node model.self_healing_pipeline.stg_weather
[0m15:58:18.273280 [debug] [Thread-2 (]: Began running node model.self_healing_pipeline.daily_weather_summary
[0m15:58:18.274903 [info ] [Thread-2 (]: 2 of 2 START sql table model public.daily_weather_summary ...................... [RUN]
[0m15:58:18.276689 [debug] [Thread-2 (]: Acquiring new postgres connection 'model.self_healing_pipeline.daily_weather_summary'
[0m15:58:18.277936 [debug] [Thread-2 (]: Began compiling node model.self_healing_pipeline.daily_weather_summary
[0m15:58:18.285408 [debug] [Thread-2 (]: Writing injected SQL for node "model.self_healing_pipeline.daily_weather_summary"
[0m15:58:18.288404 [debug] [Thread-2 (]: Began executing node model.self_healing_pipeline.daily_weather_summary
[0m15:58:18.363669 [debug] [Thread-2 (]: Writing runtime sql for node "model.self_healing_pipeline.daily_weather_summary"
[0m15:58:18.366547 [debug] [Thread-2 (]: Using postgres connection "model.self_healing_pipeline.daily_weather_summary"
[0m15:58:18.367993 [debug] [Thread-2 (]: On model.self_healing_pipeline.daily_weather_summary: BEGIN
[0m15:58:18.369269 [debug] [Thread-2 (]: Opening a new connection, currently in state init
[0m15:58:18.410798 [debug] [Thread-2 (]: SQL status: BEGIN in 0.042 seconds
[0m15:58:18.412075 [debug] [Thread-2 (]: Using postgres connection "model.self_healing_pipeline.daily_weather_summary"
[0m15:58:18.413366 [debug] [Thread-2 (]: On model.self_healing_pipeline.daily_weather_summary: /* {"app": "dbt", "dbt_version": "1.8.2", "profile_name": "self_healing_pipeline", "target_name": "dev", "node_id": "model.self_healing_pipeline.daily_weather_summary"} */

  
    

  create  table "shp"."public"."daily_weather_summary__dbt_tmp"
  
  
    as
  
  (
    select
    date_trunc('day', ts)              as day,
    avg(temperature_c)                 as avg_temp_c,
    min(temperature_c)                 as min_temp_c,
    max(temperature_c)                 as max_temp_c,
    avg(humidity_pct)                  as avg_humidity_pct,
    sum(precipitation_mm)              as total_precipitation_mm,
    count(*)                           as reading_count
from "shp"."public"."stg_weather"
group by 1
  );
  
[0m15:58:18.502944 [debug] [Thread-2 (]: SQL status: SELECT 7 in 0.088 seconds
[0m15:58:18.510647 [debug] [Thread-2 (]: Using postgres connection "model.self_healing_pipeline.daily_weather_summary"
[0m15:58:18.511778 [debug] [Thread-2 (]: On model.self_healing_pipeline.daily_weather_summary: /* {"app": "dbt", "dbt_version": "1.8.2", "profile_name": "self_healing_pipeline", "target_name": "dev", "node_id": "model.self_healing_pipeline.daily_weather_summary"} */
alter table "shp"."public"."daily_weather_summary__dbt_tmp" rename to "daily_weather_summary"
[0m15:58:18.515268 [debug] [Thread-2 (]: SQL status: ALTER TABLE in 0.002 seconds
[0m15:58:18.529113 [debug] [Thread-2 (]: On model.self_healing_pipeline.daily_weather_summary: COMMIT
[0m15:58:18.530542 [debug] [Thread-2 (]: Using postgres connection "model.self_healing_pipeline.daily_weather_summary"
[0m15:58:18.531944 [debug] [Thread-2 (]: On model.self_healing_pipeline.daily_weather_summary: COMMIT
[0m15:58:18.618691 [debug] [Thread-2 (]: SQL status: COMMIT in 0.085 seconds
[0m15:58:18.625673 [debug] [Thread-2 (]: Applying DROP to: "shp"."public"."daily_weather_summary__dbt_backup"
[0m15:58:18.635495 [debug] [Thread-2 (]: Using postgres connection "model.self_healing_pipeline.daily_weather_summary"
[0m15:58:18.636868 [debug] [Thread-2 (]: On model.self_healing_pipeline.daily_weather_summary: /* {"app": "dbt", "dbt_version": "1.8.2", "profile_name": "self_healing_pipeline", "target_name": "dev", "node_id": "model.self_healing_pipeline.daily_weather_summary"} */
drop table if exists "shp"."public"."daily_weather_summary__dbt_backup" cascade
[0m15:58:18.639309 [debug] [Thread-2 (]: SQL status: DROP TABLE in 0.001 seconds
[0m15:58:18.643658 [debug] [Thread-2 (]: On model.self_healing_pipeline.daily_weather_summary: Close
[0m15:58:18.649862 [debug] [Thread-2 (]: Sending event: {'category': 'dbt', 'action': 'run_model', 'label': '390d71b6-70fd-4b25-ba7b-f86b3c39abd0', 'context': [<snowplow_tracker.self_describing_json.SelfDescribingJson object at 0x000002360BF560D0>]}
[0m15:58:18.651947 [info ] [Thread-2 (]: 2 of 2 OK created sql table model public.daily_weather_summary ................. [[32mSELECT 7[0m in 0.37s]
[0m15:58:18.653973 [debug] [Thread-2 (]: Finished running node model.self_healing_pipeline.daily_weather_summary
[0m15:58:18.656859 [debug] [MainThread]: Using postgres connection "master"
[0m15:58:18.657718 [debug] [MainThread]: On master: BEGIN
[0m15:58:18.658495 [debug] [MainThread]: Opening a new connection, currently in state closed
[0m15:58:18.729806 [debug] [MainThread]: SQL status: BEGIN in 0.071 seconds
[0m15:58:18.730737 [debug] [MainThread]: On master: COMMIT
[0m15:58:18.731713 [debug] [MainThread]: Using postgres connection "master"
[0m15:58:18.732654 [debug] [MainThread]: On master: COMMIT
[0m15:58:18.734914 [debug] [MainThread]: SQL status: COMMIT in 0.001 seconds
[0m15:58:18.736133 [debug] [MainThread]: On master: Close
[0m15:58:18.737702 [debug] [MainThread]: Connection 'master' was properly closed.
[0m15:58:18.738583 [debug] [MainThread]: Connection 'list_shp' was properly closed.
[0m15:58:18.739348 [debug] [MainThread]: Connection 'list_shp_public' was properly closed.
[0m15:58:18.740554 [debug] [MainThread]: Connection 'model.self_healing_pipeline.stg_weather' was properly closed.
[0m15:58:18.742636 [debug] [MainThread]: Connection 'model.self_healing_pipeline.daily_weather_summary' was properly closed.
[0m15:58:18.744390 [info ] [MainThread]: 
[0m15:58:18.746745 [info ] [MainThread]: Finished running 1 view model, 1 table model in 0 hours 0 minutes and 14.40 seconds (14.40s).
[0m15:58:18.750253 [debug] [MainThread]: Command end result
[0m15:58:18.901223 [info ] [MainThread]: 
[0m15:58:18.902583 [info ] [MainThread]: [32mCompleted successfully[0m
[0m15:58:18.916116 [info ] [MainThread]: 
[0m15:58:18.917529 [info ] [MainThread]: Done. PASS=2 WARN=0 ERROR=0 SKIP=0 TOTAL=2
[0m15:58:18.919996 [debug] [MainThread]: Command `dbt run` succeeded at 15:58:18.919696 after 39.20 seconds
[0m15:58:18.921203 [debug] [MainThread]: Sending event: {'category': 'dbt', 'action': 'invocation', 'label': 'end', 'context': [<snowplow_tracker.self_describing_json.SelfDescribingJson object at 0x000002360A4110F0>, <snowplow_tracker.self_describing_json.SelfDescribingJson object at 0x0000023603ABA190>, <snowplow_tracker.self_describing_json.SelfDescribingJson object at 0x000002360BA002F0>]}
[0m15:58:18.922227 [debug] [MainThread]: Flushing usage events
[0m15:58:40.977811 [debug] [MainThread]: Sending event: {'category': 'dbt', 'action': 'invocation', 'label': 'start', 'context': [<snowplow_tracker.self_describing_json.SelfDescribingJson object at 0x000001A8AB8EBE00>, <snowplow_tracker.self_describing_json.SelfDescribingJson object at 0x000001A8AB4F5E50>, <snowplow_tracker.self_describing_json.SelfDescribingJson object at 0x000001A8AA6CC910>]}


============================== 15:58:40.995106 | 2dc62862-deec-4367-bc4a-9475d51ffbbb ==============================
[0m15:58:40.995106 [info ] [MainThread]: Running with dbt=1.8.2
[0m15:58:40.998711 [debug] [MainThread]: running dbt with arguments {'printer_width': '80', 'indirect_selection': 'eager', 'log_cache_events': 'False', 'write_json': 'True', 'partial_parse': 'True', 'cache_selected_only': 'False', 'warn_error': 'None', 'version_check': 'True', 'debug': 'False', 'log_path': 'C:\\Users\\Qc\\Desktop\\self-healing-pipeline\\transform\\dbt_project\\logs', 'profiles_dir': 'C:\\Users\\Qc\\Desktop\\self-healing-pipeline\\transform\\dbt_project', 'fail_fast': 'False', 'use_colors': 'True', 'use_experimental_parser': 'False', 'no_print': 'None', 'quiet': 'False', 'warn_error_options': 'WarnErrorOptions(include=[], exclude=[])', 'introspect': 'True', 'invocation_command': 'dbt test', 'static_parser': 'True', 'target_path': 'None', 'log_format': 'default', 'send_anonymous_usage_stats': 'True'}
[0m15:58:42.240494 [debug] [MainThread]: Sending event: {'category': 'dbt', 'action': 'project_id', 'label': '2dc62862-deec-4367-bc4a-9475d51ffbbb', 'context': [<snowplow_tracker.self_describing_json.SelfDescribingJson object at 0x000001A8AE79F360>]}
[0m15:58:42.656337 [debug] [MainThread]: Sending event: {'category': 'dbt', 'action': 'adapter_info', 'label': '2dc62862-deec-4367-bc4a-9475d51ffbbb', 'context': [<snowplow_tracker.self_describing_json.SelfDescribingJson object at 0x000001A8AE4A87C0>]}
[0m15:58:42.663974 [info ] [MainThread]: Registered adapter: postgres=1.8.2
[0m15:58:44.472962 [debug] [MainThread]: checksum: f0a141b9de567cb7f131613ba2682f40b3a1c6a157f81c6e5435862eff68f109, vars: {}, profile: , target: , version: 1.8.2
[0m15:58:46.268704 [debug] [MainThread]: Partial parsing enabled: 0 files deleted, 0 files added, 0 files changed.
[0m15:58:46.269726 [debug] [MainThread]: Partial parsing enabled, no changes found, skipping parsing
[0m15:58:46.536902 [debug] [MainThread]: Sending event: {'category': 'dbt', 'action': 'load_project', 'label': '2dc62862-deec-4367-bc4a-9475d51ffbbb', 'context': [<snowplow_tracker.self_describing_json.SelfDescribingJson object at 0x000001A8AFBC8550>]}
[0m15:58:47.367516 [debug] [MainThread]: Sending event: {'category': 'dbt', 'action': 'resource_counts', 'label': '2dc62862-deec-4367-bc4a-9475d51ffbbb', 'context': [<snowplow_tracker.self_describing_json.SelfDescribingJson object at 0x000001A8AFCB1400>]}
[0m15:58:47.369954 [info ] [MainThread]: Found 2 models, 6 data tests, 1 source, 428 macros
[0m15:58:47.372042 [debug] [MainThread]: Sending event: {'category': 'dbt', 'action': 'runnable_timing', 'label': '2dc62862-deec-4367-bc4a-9475d51ffbbb', 'context': [<snowplow_tracker.self_describing_json.SelfDescribingJson object at 0x000001A8AFCD2510>]}
[0m15:58:47.389707 [info ] [MainThread]: 
[0m15:58:47.394772 [debug] [MainThread]: Acquiring new postgres connection 'master'
[0m15:58:47.423651 [debug] [ThreadPool]: Acquiring new postgres connection 'list_shp_public'
[0m15:58:47.784153 [debug] [ThreadPool]: Using postgres connection "list_shp_public"
[0m15:58:47.785656 [debug] [ThreadPool]: On list_shp_public: BEGIN
[0m15:58:47.786768 [debug] [ThreadPool]: Opening a new connection, currently in state init
[0m15:58:47.862976 [debug] [ThreadPool]: SQL status: BEGIN in 0.076 seconds
[0m15:58:47.863959 [debug] [ThreadPool]: Using postgres connection "list_shp_public"
[0m15:58:47.864872 [debug] [ThreadPool]: On list_shp_public: /* {"app": "dbt", "dbt_version": "1.8.2", "profile_name": "self_healing_pipeline", "target_name": "dev", "connection_name": "list_shp_public"} */
select
      'shp' as database,
      tablename as name,
      schemaname as schema,
      'table' as type
    from pg_tables
    where schemaname ilike 'public'
    union all
    select
      'shp' as database,
      viewname as name,
      schemaname as schema,
      'view' as type
    from pg_views
    where schemaname ilike 'public'
    union all
    select
      'shp' as database,
      matviewname as name,
      schemaname as schema,
      'materialized_view' as type
    from pg_matviews
    where schemaname ilike 'public'
  
[0m15:58:47.870303 [debug] [ThreadPool]: SQL status: SELECT 3 in 0.005 seconds
[0m15:58:47.873831 [debug] [ThreadPool]: On list_shp_public: ROLLBACK
[0m15:58:47.876857 [debug] [ThreadPool]: On list_shp_public: Close
[0m15:58:47.898412 [debug] [MainThread]: Using postgres connection "master"
[0m15:58:47.899703 [debug] [MainThread]: On master: BEGIN
[0m15:58:47.901153 [debug] [MainThread]: Opening a new connection, currently in state init
[0m15:58:47.962245 [debug] [MainThread]: SQL status: BEGIN in 0.061 seconds
[0m15:58:47.963270 [debug] [MainThread]: Using postgres connection "master"
[0m15:58:47.964816 [debug] [MainThread]: On master: /* {"app": "dbt", "dbt_version": "1.8.2", "profile_name": "self_healing_pipeline", "target_name": "dev", "connection_name": "master"} */
with relation as (
        select
            pg_rewrite.ev_class as class,
            pg_rewrite.oid as id
        from pg_rewrite
    ),
    class as (
        select
            oid as id,
            relname as name,
            relnamespace as schema,
            relkind as kind
        from pg_class
    ),
    dependency as (
        select distinct
            pg_depend.objid as id,
            pg_depend.refobjid as ref
        from pg_depend
    ),
    schema as (
        select
            pg_namespace.oid as id,
            pg_namespace.nspname as name
        from pg_namespace
        where nspname != 'information_schema' and nspname not like 'pg\_%'
    ),
    referenced as (
        select
            relation.id AS id,
            referenced_class.name ,
            referenced_class.schema ,
            referenced_class.kind
        from relation
        join class as referenced_class on relation.class=referenced_class.id
        where referenced_class.kind in ('r', 'v', 'm')
    ),
    relationships as (
        select
            referenced.name as referenced_name,
            referenced.schema as referenced_schema_id,
            dependent_class.name as dependent_name,
            dependent_class.schema as dependent_schema_id,
            referenced.kind as kind
        from referenced
        join dependency on referenced.id=dependency.id
        join class as dependent_class on dependency.ref=dependent_class.id
        where
            (referenced.name != dependent_class.name or
             referenced.schema != dependent_class.schema)
    )

    select
        referenced_schema.name as referenced_schema,
        relationships.referenced_name as referenced_name,
        dependent_schema.name as dependent_schema,
        relationships.dependent_name as dependent_name
    from relationships
    join schema as dependent_schema on relationships.dependent_schema_id=dependent_schema.id
    join schema as referenced_schema on relationships.referenced_schema_id=referenced_schema.id
    group by referenced_schema, referenced_name, dependent_schema, dependent_name
    order by referenced_schema, referenced_name, dependent_schema, dependent_name;
[0m15:58:47.991028 [debug] [MainThread]: SQL status: SELECT 1 in 0.024 seconds
[0m15:58:47.999189 [debug] [MainThread]: Sending event: {'category': 'dbt', 'action': 'runnable_timing', 'label': '2dc62862-deec-4367-bc4a-9475d51ffbbb', 'context': [<snowplow_tracker.self_describing_json.SelfDescribingJson object at 0x000001A8AFEE9D90>]}
[0m15:58:48.000559 [debug] [MainThread]: On master: ROLLBACK
[0m15:58:48.002934 [debug] [MainThread]: Using postgres connection "master"
[0m15:58:48.004086 [debug] [MainThread]: On master: BEGIN
[0m15:58:48.007896 [debug] [MainThread]: SQL status: BEGIN in 0.002 seconds
[0m15:58:48.013519 [debug] [MainThread]: On master: COMMIT
[0m15:58:48.015543 [debug] [MainThread]: Using postgres connection "master"
[0m15:58:48.016593 [debug] [MainThread]: On master: COMMIT
[0m15:58:48.018898 [debug] [MainThread]: SQL status: COMMIT in 0.001 seconds
[0m15:58:48.019993 [debug] [MainThread]: On master: Close
[0m15:58:48.022578 [info ] [MainThread]: Concurrency: 4 threads (target='dev')
[0m15:58:48.029291 [info ] [MainThread]: 
[0m15:58:48.110349 [debug] [Thread-1 (]: Began running node test.self_healing_pipeline.not_null_daily_weather_summary_day.94fef7bf6b
[0m15:58:48.115096 [debug] [Thread-4 (]: Began running node test.self_healing_pipeline.not_null_stg_weather_temperature_c.3a7a09f65f
[0m15:58:48.113458 [info ] [Thread-1 (]: 1 of 6 START test not_null_daily_weather_summary_day ........................... [RUN]
[0m15:58:48.118254 [debug] [Thread-2 (]: Began running node test.self_healing_pipeline.not_null_daily_weather_summary_reading_count.a3aae03769
[0m15:58:48.119972 [debug] [Thread-1 (]: Acquiring new postgres connection 'test.self_healing_pipeline.not_null_daily_weather_summary_day.94fef7bf6b'
[0m15:58:48.121274 [debug] [Thread-3 (]: Began running node test.self_healing_pipeline.not_null_stg_weather_humidity_pct.2b05ac1847
[0m15:58:48.116621 [info ] [Thread-4 (]: 4 of 6 START test not_null_stg_weather_temperature_c ........................... [RUN]
[0m15:58:48.123816 [info ] [Thread-2 (]: 2 of 6 START test not_null_daily_weather_summary_reading_count ................. [RUN]
[0m15:58:48.127895 [debug] [Thread-1 (]: Began compiling node test.self_healing_pipeline.not_null_daily_weather_summary_day.94fef7bf6b
[0m15:58:48.130416 [info ] [Thread-3 (]: 3 of 6 START test not_null_stg_weather_humidity_pct ............................ [RUN]
[0m15:58:48.132453 [debug] [Thread-4 (]: Acquiring new postgres connection 'test.self_healing_pipeline.not_null_stg_weather_temperature_c.3a7a09f65f'
[0m15:58:48.134448 [debug] [Thread-2 (]: Acquiring new postgres connection 'test.self_healing_pipeline.not_null_daily_weather_summary_reading_count.a3aae03769'
[0m15:58:48.152550 [debug] [Thread-3 (]: Acquiring new postgres connection 'test.self_healing_pipeline.not_null_stg_weather_humidity_pct.2b05ac1847'
[0m15:58:48.190073 [debug] [Thread-3 (]: Began compiling node test.self_healing_pipeline.not_null_stg_weather_humidity_pct.2b05ac1847
[0m15:58:48.187503 [debug] [Thread-4 (]: Began compiling node test.self_healing_pipeline.not_null_stg_weather_temperature_c.3a7a09f65f
[0m15:58:48.188941 [debug] [Thread-2 (]: Began compiling node test.self_healing_pipeline.not_null_daily_weather_summary_reading_count.a3aae03769
[0m15:58:48.274950 [debug] [Thread-1 (]: Writing injected SQL for node "test.self_healing_pipeline.not_null_daily_weather_summary_day.94fef7bf6b"
[0m15:58:48.284597 [debug] [Thread-3 (]: Writing injected SQL for node "test.self_healing_pipeline.not_null_stg_weather_humidity_pct.2b05ac1847"
[0m15:58:48.298318 [debug] [Thread-4 (]: Writing injected SQL for node "test.self_healing_pipeline.not_null_stg_weather_temperature_c.3a7a09f65f"
[0m15:58:48.309787 [debug] [Thread-2 (]: Writing injected SQL for node "test.self_healing_pipeline.not_null_daily_weather_summary_reading_count.a3aae03769"
[0m15:58:48.316481 [debug] [Thread-1 (]: Began executing node test.self_healing_pipeline.not_null_daily_weather_summary_day.94fef7bf6b
[0m15:58:48.332581 [debug] [Thread-3 (]: Began executing node test.self_healing_pipeline.not_null_stg_weather_humidity_pct.2b05ac1847
[0m15:58:48.397598 [debug] [Thread-2 (]: Began executing node test.self_healing_pipeline.not_null_daily_weather_summary_reading_count.a3aae03769
[0m15:58:48.526486 [debug] [Thread-1 (]: Writing runtime sql for node "test.self_healing_pipeline.not_null_daily_weather_summary_day.94fef7bf6b"
[0m15:58:48.557709 [debug] [Thread-3 (]: Writing runtime sql for node "test.self_healing_pipeline.not_null_stg_weather_humidity_pct.2b05ac1847"
[0m15:58:48.573363 [debug] [Thread-2 (]: Writing runtime sql for node "test.self_healing_pipeline.not_null_daily_weather_summary_reading_count.a3aae03769"
[0m15:58:48.584655 [debug] [Thread-2 (]: Using postgres connection "test.self_healing_pipeline.not_null_daily_weather_summary_reading_count.a3aae03769"
[0m15:58:48.585919 [debug] [Thread-2 (]: On test.self_healing_pipeline.not_null_daily_weather_summary_reading_count.a3aae03769: BEGIN
[0m15:58:48.587401 [debug] [Thread-2 (]: Opening a new connection, currently in state init
[0m15:58:48.589407 [debug] [Thread-1 (]: Using postgres connection "test.self_healing_pipeline.not_null_daily_weather_summary_day.94fef7bf6b"
[0m15:58:48.591868 [debug] [Thread-1 (]: On test.self_healing_pipeline.not_null_daily_weather_summary_day.94fef7bf6b: BEGIN
[0m15:58:48.596040 [debug] [Thread-3 (]: Using postgres connection "test.self_healing_pipeline.not_null_stg_weather_humidity_pct.2b05ac1847"
[0m15:58:48.597257 [debug] [Thread-1 (]: Opening a new connection, currently in state init
[0m15:58:48.598593 [debug] [Thread-3 (]: On test.self_healing_pipeline.not_null_stg_weather_humidity_pct.2b05ac1847: BEGIN
[0m15:58:48.600163 [debug] [Thread-3 (]: Opening a new connection, currently in state init
[0m15:58:48.618625 [debug] [Thread-4 (]: Began executing node test.self_healing_pipeline.not_null_stg_weather_temperature_c.3a7a09f65f
[0m15:58:48.634029 [debug] [Thread-4 (]: Writing runtime sql for node "test.self_healing_pipeline.not_null_stg_weather_temperature_c.3a7a09f65f"
[0m15:58:48.640396 [debug] [Thread-4 (]: Using postgres connection "test.self_healing_pipeline.not_null_stg_weather_temperature_c.3a7a09f65f"
[0m15:58:48.646097 [debug] [Thread-4 (]: On test.self_healing_pipeline.not_null_stg_weather_temperature_c.3a7a09f65f: BEGIN
[0m15:58:48.647718 [debug] [Thread-4 (]: Opening a new connection, currently in state init
[0m15:58:48.696047 [debug] [Thread-2 (]: SQL status: BEGIN in 0.109 seconds
[0m15:58:48.697701 [debug] [Thread-2 (]: Using postgres connection "test.self_healing_pipeline.not_null_daily_weather_summary_reading_count.a3aae03769"
[0m15:58:48.699147 [debug] [Thread-2 (]: On test.self_healing_pipeline.not_null_daily_weather_summary_reading_count.a3aae03769: /* {"app": "dbt", "dbt_version": "1.8.2", "profile_name": "self_healing_pipeline", "target_name": "dev", "node_id": "test.self_healing_pipeline.not_null_daily_weather_summary_reading_count.a3aae03769"} */
select
      count(*) as failures,
      count(*) != 0 as should_warn,
      count(*) != 0 as should_error
    from (
      
    
    



select reading_count
from "shp"."public"."daily_weather_summary"
where reading_count is null



      
    ) dbt_internal_test
[0m15:58:48.706319 [debug] [Thread-2 (]: SQL status: SELECT 1 in 0.006 seconds
[0m15:58:48.720514 [debug] [Thread-2 (]: On test.self_healing_pipeline.not_null_daily_weather_summary_reading_count.a3aae03769: ROLLBACK
[0m15:58:48.737619 [debug] [Thread-2 (]: On test.self_healing_pipeline.not_null_daily_weather_summary_reading_count.a3aae03769: Close
[0m15:58:48.739758 [info ] [Thread-2 (]: 2 of 6 PASS not_null_daily_weather_summary_reading_count ....................... [[32mPASS[0m in 0.61s]
[0m15:58:48.743243 [debug] [Thread-2 (]: Finished running node test.self_healing_pipeline.not_null_daily_weather_summary_reading_count.a3aae03769
[0m15:58:48.745688 [debug] [Thread-2 (]: Began running node test.self_healing_pipeline.not_null_stg_weather_ts.4f82cf9d8b
[0m15:58:48.748168 [info ] [Thread-2 (]: 5 of 6 START test not_null_stg_weather_ts ...................................... [RUN]
[0m15:58:48.750172 [debug] [Thread-2 (]: Re-using an available connection from the pool (formerly test.self_healing_pipeline.not_null_daily_weather_summary_reading_count.a3aae03769, now test.self_healing_pipeline.not_null_stg_weather_ts.4f82cf9d8b)
[0m15:58:48.751971 [debug] [Thread-2 (]: Began compiling node test.self_healing_pipeline.not_null_stg_weather_ts.4f82cf9d8b
[0m15:58:48.769028 [debug] [Thread-2 (]: Writing injected SQL for node "test.self_healing_pipeline.not_null_stg_weather_ts.4f82cf9d8b"
[0m15:58:48.770358 [debug] [Thread-1 (]: SQL status: BEGIN in 0.173 seconds
[0m15:58:48.772080 [debug] [Thread-1 (]: Using postgres connection "test.self_healing_pipeline.not_null_daily_weather_summary_day.94fef7bf6b"
[0m15:58:48.773979 [debug] [Thread-1 (]: On test.self_healing_pipeline.not_null_daily_weather_summary_day.94fef7bf6b: /* {"app": "dbt", "dbt_version": "1.8.2", "profile_name": "self_healing_pipeline", "target_name": "dev", "node_id": "test.self_healing_pipeline.not_null_daily_weather_summary_day.94fef7bf6b"} */
select
      count(*) as failures,
      count(*) != 0 as should_warn,
      count(*) != 0 as should_error
    from (
      
    
    



select day
from "shp"."public"."daily_weather_summary"
where day is null



      
    ) dbt_internal_test
[0m15:58:48.776430 [debug] [Thread-2 (]: Began executing node test.self_healing_pipeline.not_null_stg_weather_ts.4f82cf9d8b
[0m15:58:48.784341 [debug] [Thread-2 (]: Writing runtime sql for node "test.self_healing_pipeline.not_null_stg_weather_ts.4f82cf9d8b"
[0m15:58:48.785638 [debug] [Thread-1 (]: SQL status: SELECT 1 in 0.010 seconds
[0m15:58:48.791814 [debug] [Thread-1 (]: On test.self_healing_pipeline.not_null_daily_weather_summary_day.94fef7bf6b: ROLLBACK
[0m15:58:48.800826 [debug] [Thread-2 (]: Using postgres connection "test.self_healing_pipeline.not_null_stg_weather_ts.4f82cf9d8b"
[0m15:58:48.802129 [debug] [Thread-2 (]: On test.self_healing_pipeline.not_null_stg_weather_ts.4f82cf9d8b: BEGIN
[0m15:58:48.803717 [debug] [Thread-2 (]: Opening a new connection, currently in state closed
[0m15:58:48.814585 [debug] [Thread-1 (]: On test.self_healing_pipeline.not_null_daily_weather_summary_day.94fef7bf6b: Close
[0m15:58:48.816821 [info ] [Thread-1 (]: 1 of 6 PASS not_null_daily_weather_summary_day ................................. [[32mPASS[0m in 0.70s]
[0m15:58:48.818996 [debug] [Thread-1 (]: Finished running node test.self_healing_pipeline.not_null_daily_weather_summary_day.94fef7bf6b
[0m15:58:48.820424 [debug] [Thread-1 (]: Began running node test.self_healing_pipeline.unique_daily_weather_summary_day.3ac2b955ee
[0m15:58:48.821890 [info ] [Thread-1 (]: 6 of 6 START test unique_daily_weather_summary_day ............................. [RUN]
[0m15:58:48.823341 [debug] [Thread-1 (]: Re-using an available connection from the pool (formerly test.self_healing_pipeline.not_null_daily_weather_summary_day.94fef7bf6b, now test.self_healing_pipeline.unique_daily_weather_summary_day.3ac2b955ee)
[0m15:58:48.824934 [debug] [Thread-1 (]: Began compiling node test.self_healing_pipeline.unique_daily_weather_summary_day.3ac2b955ee
[0m15:58:48.848276 [debug] [Thread-1 (]: Writing injected SQL for node "test.self_healing_pipeline.unique_daily_weather_summary_day.3ac2b955ee"
[0m15:58:48.850782 [debug] [Thread-1 (]: Began executing node test.self_healing_pipeline.unique_daily_weather_summary_day.3ac2b955ee
[0m15:58:48.858174 [debug] [Thread-1 (]: Writing runtime sql for node "test.self_healing_pipeline.unique_daily_weather_summary_day.3ac2b955ee"
[0m15:58:48.861154 [debug] [Thread-1 (]: Using postgres connection "test.self_healing_pipeline.unique_daily_weather_summary_day.3ac2b955ee"
[0m15:58:48.863030 [debug] [Thread-1 (]: On test.self_healing_pipeline.unique_daily_weather_summary_day.3ac2b955ee: BEGIN
[0m15:58:48.864416 [debug] [Thread-1 (]: Opening a new connection, currently in state closed
[0m15:58:48.876954 [debug] [Thread-3 (]: SQL status: BEGIN in 0.275 seconds
[0m15:58:48.881456 [debug] [Thread-3 (]: Using postgres connection "test.self_healing_pipeline.not_null_stg_weather_humidity_pct.2b05ac1847"
[0m15:58:48.883214 [debug] [Thread-3 (]: On test.self_healing_pipeline.not_null_stg_weather_humidity_pct.2b05ac1847: /* {"app": "dbt", "dbt_version": "1.8.2", "profile_name": "self_healing_pipeline", "target_name": "dev", "node_id": "test.self_healing_pipeline.not_null_stg_weather_humidity_pct.2b05ac1847"} */
select
      count(*) as failures,
      count(*) != 0 as should_warn,
      count(*) != 0 as should_error
    from (
      
    
    



select humidity_pct
from "shp"."public"."stg_weather"
where humidity_pct is null



      
    ) dbt_internal_test
[0m15:58:48.888844 [debug] [Thread-3 (]: SQL status: SELECT 1 in 0.003 seconds
[0m15:58:48.898567 [debug] [Thread-3 (]: On test.self_healing_pipeline.not_null_stg_weather_humidity_pct.2b05ac1847: ROLLBACK
[0m15:58:48.901673 [debug] [Thread-3 (]: On test.self_healing_pipeline.not_null_stg_weather_humidity_pct.2b05ac1847: Close
[0m15:58:48.903565 [info ] [Thread-3 (]: 3 of 6 PASS not_null_stg_weather_humidity_pct .................................. [[32mPASS[0m in 0.75s]
[0m15:58:48.905194 [debug] [Thread-3 (]: Finished running node test.self_healing_pipeline.not_null_stg_weather_humidity_pct.2b05ac1847
[0m15:58:48.970540 [debug] [Thread-4 (]: SQL status: BEGIN in 0.323 seconds
[0m15:58:48.972049 [debug] [Thread-4 (]: Using postgres connection "test.self_healing_pipeline.not_null_stg_weather_temperature_c.3a7a09f65f"
[0m15:58:48.973712 [debug] [Thread-4 (]: On test.self_healing_pipeline.not_null_stg_weather_temperature_c.3a7a09f65f: /* {"app": "dbt", "dbt_version": "1.8.2", "profile_name": "self_healing_pipeline", "target_name": "dev", "node_id": "test.self_healing_pipeline.not_null_stg_weather_temperature_c.3a7a09f65f"} */
select
      count(*) as failures,
      count(*) != 0 as should_warn,
      count(*) != 0 as should_error
    from (
      
    
    



select temperature_c
from "shp"."public"."stg_weather"
where temperature_c is null



      
    ) dbt_internal_test
[0m15:58:48.996979 [debug] [Thread-4 (]: SQL status: SELECT 1 in 0.021 seconds
[0m15:58:49.001746 [debug] [Thread-4 (]: On test.self_healing_pipeline.not_null_stg_weather_temperature_c.3a7a09f65f: ROLLBACK
[0m15:58:49.003975 [debug] [Thread-4 (]: On test.self_healing_pipeline.not_null_stg_weather_temperature_c.3a7a09f65f: Close
[0m15:58:49.006132 [info ] [Thread-4 (]: 4 of 6 PASS not_null_stg_weather_temperature_c ................................. [[32mPASS[0m in 0.87s]
[0m15:58:49.008001 [debug] [Thread-4 (]: Finished running node test.self_healing_pipeline.not_null_stg_weather_temperature_c.3a7a09f65f
[0m15:58:49.054817 [debug] [Thread-1 (]: SQL status: BEGIN in 0.190 seconds
[0m15:58:49.056444 [debug] [Thread-1 (]: Using postgres connection "test.self_healing_pipeline.unique_daily_weather_summary_day.3ac2b955ee"
[0m15:58:49.058263 [debug] [Thread-1 (]: On test.self_healing_pipeline.unique_daily_weather_summary_day.3ac2b955ee: /* {"app": "dbt", "dbt_version": "1.8.2", "profile_name": "self_healing_pipeline", "target_name": "dev", "node_id": "test.self_healing_pipeline.unique_daily_weather_summary_day.3ac2b955ee"} */
select
      count(*) as failures,
      count(*) != 0 as should_warn,
      count(*) != 0 as should_error
    from (
      
    
    

select
    day as unique_field,
    count(*) as n_records

from "shp"."public"."daily_weather_summary"
where day is not null
group by day
having count(*) > 1



      
    ) dbt_internal_test
[0m15:58:49.066758 [debug] [Thread-2 (]: SQL status: BEGIN in 0.263 seconds
[0m15:58:49.068256 [debug] [Thread-1 (]: SQL status: SELECT 1 in 0.006 seconds
[0m15:58:49.069605 [debug] [Thread-2 (]: Using postgres connection "test.self_healing_pipeline.not_null_stg_weather_ts.4f82cf9d8b"
[0m15:58:49.076214 [debug] [Thread-1 (]: On test.self_healing_pipeline.unique_daily_weather_summary_day.3ac2b955ee: ROLLBACK
[0m15:58:49.078708 [debug] [Thread-2 (]: On test.self_healing_pipeline.not_null_stg_weather_ts.4f82cf9d8b: /* {"app": "dbt", "dbt_version": "1.8.2", "profile_name": "self_healing_pipeline", "target_name": "dev", "node_id": "test.self_healing_pipeline.not_null_stg_weather_ts.4f82cf9d8b"} */
select
      count(*) as failures,
      count(*) != 0 as should_warn,
      count(*) != 0 as should_error
    from (
      
    
    



select ts
from "shp"."public"."stg_weather"
where ts is null



      
    ) dbt_internal_test
[0m15:58:49.082107 [debug] [Thread-1 (]: On test.self_healing_pipeline.unique_daily_weather_summary_day.3ac2b955ee: Close
[0m15:58:49.083711 [debug] [Thread-2 (]: SQL status: SELECT 1 in 0.003 seconds
[0m15:58:49.088506 [debug] [Thread-2 (]: On test.self_healing_pipeline.not_null_stg_weather_ts.4f82cf9d8b: ROLLBACK
[0m15:58:49.090420 [info ] [Thread-1 (]: 6 of 6 PASS unique_daily_weather_summary_day ................................... [[32mPASS[0m in 0.27s]
[0m15:58:49.096423 [debug] [Thread-1 (]: Finished running node test.self_healing_pipeline.unique_daily_weather_summary_day.3ac2b955ee
[0m15:58:49.097686 [debug] [Thread-2 (]: On test.self_healing_pipeline.not_null_stg_weather_ts.4f82cf9d8b: Close
[0m15:58:49.100307 [info ] [Thread-2 (]: 5 of 6 PASS not_null_stg_weather_ts ............................................ [[32mPASS[0m in 0.35s]
[0m15:58:49.103396 [debug] [Thread-2 (]: Finished running node test.self_healing_pipeline.not_null_stg_weather_ts.4f82cf9d8b
[0m15:58:49.107904 [debug] [MainThread]: Using postgres connection "master"
[0m15:58:49.109442 [debug] [MainThread]: On master: BEGIN
[0m15:58:49.111108 [debug] [MainThread]: Opening a new connection, currently in state closed
[0m15:58:49.172781 [debug] [MainThread]: SQL status: BEGIN in 0.062 seconds
[0m15:58:49.175951 [debug] [MainThread]: On master: COMMIT
[0m15:58:49.177382 [debug] [MainThread]: Using postgres connection "master"
[0m15:58:49.180257 [debug] [MainThread]: On master: COMMIT
[0m15:58:49.187583 [debug] [MainThread]: SQL status: COMMIT in 0.005 seconds
[0m15:58:49.188984 [debug] [MainThread]: On master: Close
[0m15:58:49.190936 [debug] [MainThread]: Connection 'master' was properly closed.
[0m15:58:49.193461 [debug] [MainThread]: Connection 'list_shp_public' was properly closed.
[0m15:58:49.196563 [debug] [MainThread]: Connection 'test.self_healing_pipeline.unique_daily_weather_summary_day.3ac2b955ee' was properly closed.
[0m15:58:49.197628 [debug] [MainThread]: Connection 'test.self_healing_pipeline.not_null_stg_weather_temperature_c.3a7a09f65f' was properly closed.
[0m15:58:49.199122 [debug] [MainThread]: Connection 'test.self_healing_pipeline.not_null_stg_weather_ts.4f82cf9d8b' was properly closed.
[0m15:58:49.200364 [debug] [MainThread]: Connection 'test.self_healing_pipeline.not_null_stg_weather_humidity_pct.2b05ac1847' was properly closed.
[0m15:58:49.201531 [info ] [MainThread]: 
[0m15:58:49.202865 [info ] [MainThread]: Finished running 6 data tests in 0 hours 0 minutes and 1.81 seconds (1.81s).
[0m15:58:49.211236 [debug] [MainThread]: Command end result
[0m15:58:49.464149 [info ] [MainThread]: 
[0m15:58:49.466664 [info ] [MainThread]: [32mCompleted successfully[0m
[0m15:58:49.470193 [info ] [MainThread]: 
[0m15:58:49.471812 [info ] [MainThread]: Done. PASS=6 WARN=0 ERROR=0 SKIP=0 TOTAL=6
[0m15:58:49.479161 [debug] [MainThread]: Command `dbt test` succeeded at 15:58:49.478643 after 9.40 seconds
[0m15:58:49.481377 [debug] [MainThread]: Sending event: {'category': 'dbt', 'action': 'invocation', 'label': 'end', 'context': [<snowplow_tracker.self_describing_json.SelfDescribingJson object at 0x000001A8AE50D190>, <snowplow_tracker.self_describing_json.SelfDescribingJson object at 0x000001A8AFCF5390>, <snowplow_tracker.self_describing_json.SelfDescribingJson object at 0x000001A8AFCF5020>]}
[0m15:58:49.483332 [debug] [MainThread]: Flushing usage events
[0m16:22:37.294160 [debug] [MainThread]: Sending event: {'category': 'dbt', 'action': 'invocation', 'label': 'start', 'context': [<snowplow_tracker.self_describing_json.SelfDescribingJson object at 0x0000020A37C6BE00>, <snowplow_tracker.self_describing_json.SelfDescribingJson object at 0x0000020A37875E50>, <snowplow_tracker.self_describing_json.SelfDescribingJson object at 0x0000020A36A4C910>]}


============================== 16:22:37.307173 | 61276e2a-574c-4c3b-8f92-910e4ca4493b ==============================
[0m16:22:37.307173 [info ] [MainThread]: Running with dbt=1.8.2
[0m16:22:37.308924 [debug] [MainThread]: running dbt with arguments {'printer_width': '80', 'indirect_selection': 'eager', 'write_json': 'True', 'log_cache_events': 'False', 'partial_parse': 'True', 'cache_selected_only': 'False', 'warn_error': 'None', 'version_check': 'True', 'debug': 'False', 'log_path': 'C:\\Users\\Qc\\Desktop\\self-healing-pipeline\\transform\\dbt_project\\logs', 'profiles_dir': 'C:\\Users\\Qc\\Desktop\\self-healing-pipeline\\transform\\dbt_project', 'fail_fast': 'False', 'use_colors': 'True', 'use_experimental_parser': 'False', 'no_print': 'None', 'quiet': 'False', 'log_format': 'default', 'invocation_command': 'dbt run', 'introspect': 'True', 'static_parser': 'True', 'target_path': 'None', 'warn_error_options': 'WarnErrorOptions(include=[], exclude=[])', 'send_anonymous_usage_stats': 'True'}
[0m16:22:38.624935 [debug] [MainThread]: Sending event: {'category': 'dbt', 'action': 'project_id', 'label': '61276e2a-574c-4c3b-8f92-910e4ca4493b', 'context': [<snowplow_tracker.self_describing_json.SelfDescribingJson object at 0x0000020A3AB5F360>]}
[0m16:22:40.609567 [debug] [MainThread]: Sending event: {'category': 'dbt', 'action': 'adapter_info', 'label': '61276e2a-574c-4c3b-8f92-910e4ca4493b', 'context': [<snowplow_tracker.self_describing_json.SelfDescribingJson object at 0x0000020A3A8287C0>]}
[0m16:22:40.636987 [info ] [MainThread]: Registered adapter: postgres=1.8.2
[0m16:22:44.290196 [debug] [MainThread]: checksum: f0a141b9de567cb7f131613ba2682f40b3a1c6a157f81c6e5435862eff68f109, vars: {}, profile: , target: , version: 1.8.2
[0m16:22:47.445447 [debug] [MainThread]: Partial parsing enabled: 0 files deleted, 0 files added, 0 files changed.
[0m16:22:47.447645 [debug] [MainThread]: Partial parsing enabled, no changes found, skipping parsing
[0m16:22:47.805587 [debug] [MainThread]: Sending event: {'category': 'dbt', 'action': 'load_project', 'label': '61276e2a-574c-4c3b-8f92-910e4ca4493b', 'context': [<snowplow_tracker.self_describing_json.SelfDescribingJson object at 0x0000020A3BF88550>]}
[0m16:22:48.996922 [debug] [MainThread]: Sending event: {'category': 'dbt', 'action': 'resource_counts', 'label': '61276e2a-574c-4c3b-8f92-910e4ca4493b', 'context': [<snowplow_tracker.self_describing_json.SelfDescribingJson object at 0x0000020A3ACAFE30>]}
[0m16:22:48.998391 [info ] [MainThread]: Found 2 models, 6 data tests, 1 source, 428 macros
[0m16:22:48.999642 [debug] [MainThread]: Sending event: {'category': 'dbt', 'action': 'runnable_timing', 'label': '61276e2a-574c-4c3b-8f92-910e4ca4493b', 'context': [<snowplow_tracker.self_describing_json.SelfDescribingJson object at 0x0000020A3BFB1A90>]}
[0m16:22:49.008249 [info ] [MainThread]: 
[0m16:22:49.010106 [debug] [MainThread]: Acquiring new postgres connection 'master'
[0m16:22:49.025393 [debug] [ThreadPool]: Acquiring new postgres connection 'list_shp'
[0m16:22:49.440485 [debug] [ThreadPool]: Using postgres connection "list_shp"
[0m16:22:49.441649 [debug] [ThreadPool]: On list_shp: /* {"app": "dbt", "dbt_version": "1.8.2", "profile_name": "self_healing_pipeline", "target_name": "dev", "connection_name": "list_shp"} */

    select distinct nspname from pg_namespace
  
[0m16:22:49.442774 [debug] [ThreadPool]: Opening a new connection, currently in state init
[0m16:22:49.575904 [debug] [ThreadPool]: SQL status: SELECT 4 in 0.133 seconds
[0m16:22:49.580007 [debug] [ThreadPool]: On list_shp: Close
[0m16:22:49.591160 [debug] [ThreadPool]: Acquiring new postgres connection 'list_shp_public'
[0m16:22:49.609731 [debug] [ThreadPool]: Using postgres connection "list_shp_public"
[0m16:22:49.610977 [debug] [ThreadPool]: On list_shp_public: BEGIN
[0m16:22:49.612131 [debug] [ThreadPool]: Opening a new connection, currently in state init
[0m16:22:49.676400 [debug] [ThreadPool]: SQL status: BEGIN in 0.064 seconds
[0m16:22:49.677592 [debug] [ThreadPool]: Using postgres connection "list_shp_public"
[0m16:22:49.679018 [debug] [ThreadPool]: On list_shp_public: /* {"app": "dbt", "dbt_version": "1.8.2", "profile_name": "self_healing_pipeline", "target_name": "dev", "connection_name": "list_shp_public"} */
select
      'shp' as database,
      tablename as name,
      schemaname as schema,
      'table' as type
    from pg_tables
    where schemaname ilike 'public'
    union all
    select
      'shp' as database,
      viewname as name,
      schemaname as schema,
      'view' as type
    from pg_views
    where schemaname ilike 'public'
    union all
    select
      'shp' as database,
      matviewname as name,
      schemaname as schema,
      'materialized_view' as type
    from pg_matviews
    where schemaname ilike 'public'
  
[0m16:22:49.719780 [debug] [ThreadPool]: SQL status: SELECT 3 in 0.039 seconds
[0m16:22:49.723815 [debug] [ThreadPool]: On list_shp_public: ROLLBACK
[0m16:22:49.726226 [debug] [ThreadPool]: On list_shp_public: Close
[0m16:22:49.743212 [debug] [MainThread]: Using postgres connection "master"
[0m16:22:49.744249 [debug] [MainThread]: On master: BEGIN
[0m16:22:49.745190 [debug] [MainThread]: Opening a new connection, currently in state init
[0m16:22:49.795888 [debug] [MainThread]: SQL status: BEGIN in 0.051 seconds
[0m16:22:49.797196 [debug] [MainThread]: Using postgres connection "master"
[0m16:22:49.798807 [debug] [MainThread]: On master: /* {"app": "dbt", "dbt_version": "1.8.2", "profile_name": "self_healing_pipeline", "target_name": "dev", "connection_name": "master"} */
with relation as (
        select
            pg_rewrite.ev_class as class,
            pg_rewrite.oid as id
        from pg_rewrite
    ),
    class as (
        select
            oid as id,
            relname as name,
            relnamespace as schema,
            relkind as kind
        from pg_class
    ),
    dependency as (
        select distinct
            pg_depend.objid as id,
            pg_depend.refobjid as ref
        from pg_depend
    ),
    schema as (
        select
            pg_namespace.oid as id,
            pg_namespace.nspname as name
        from pg_namespace
        where nspname != 'information_schema' and nspname not like 'pg\_%'
    ),
    referenced as (
        select
            relation.id AS id,
            referenced_class.name ,
            referenced_class.schema ,
            referenced_class.kind
        from relation
        join class as referenced_class on relation.class=referenced_class.id
        where referenced_class.kind in ('r', 'v', 'm')
    ),
    relationships as (
        select
            referenced.name as referenced_name,
            referenced.schema as referenced_schema_id,
            dependent_class.name as dependent_name,
            dependent_class.schema as dependent_schema_id,
            referenced.kind as kind
        from referenced
        join dependency on referenced.id=dependency.id
        join class as dependent_class on dependency.ref=dependent_class.id
        where
            (referenced.name != dependent_class.name or
             referenced.schema != dependent_class.schema)
    )

    select
        referenced_schema.name as referenced_schema,
        relationships.referenced_name as referenced_name,
        dependent_schema.name as dependent_schema,
        relationships.dependent_name as dependent_name
    from relationships
    join schema as dependent_schema on relationships.dependent_schema_id=dependent_schema.id
    join schema as referenced_schema on relationships.referenced_schema_id=referenced_schema.id
    group by referenced_schema, referenced_name, dependent_schema, dependent_name
    order by referenced_schema, referenced_name, dependent_schema, dependent_name;
[0m16:22:49.852464 [debug] [MainThread]: SQL status: SELECT 0 in 0.052 seconds
[0m16:22:49.856051 [debug] [MainThread]: Sending event: {'category': 'dbt', 'action': 'runnable_timing', 'label': '61276e2a-574c-4c3b-8f92-910e4ca4493b', 'context': [<snowplow_tracker.self_describing_json.SelfDescribingJson object at 0x0000020A3C215BF0>]}
[0m16:22:49.857399 [debug] [MainThread]: On master: ROLLBACK
[0m16:22:49.859605 [debug] [MainThread]: Using postgres connection "master"
[0m16:22:49.860780 [debug] [MainThread]: On master: BEGIN
[0m16:22:49.863974 [debug] [MainThread]: SQL status: BEGIN in 0.002 seconds
[0m16:22:49.865122 [debug] [MainThread]: On master: COMMIT
[0m16:22:49.866258 [debug] [MainThread]: Using postgres connection "master"
[0m16:22:49.867777 [debug] [MainThread]: On master: COMMIT
[0m16:22:49.870342 [debug] [MainThread]: SQL status: COMMIT in 0.001 seconds
[0m16:22:49.871598 [debug] [MainThread]: On master: Close
[0m16:22:49.873560 [info ] [MainThread]: Concurrency: 4 threads (target='dev')
[0m16:22:49.875081 [info ] [MainThread]: 
[0m16:22:49.917111 [debug] [Thread-1 (]: Began running node model.self_healing_pipeline.stg_weather
[0m16:22:49.923797 [info ] [Thread-1 (]: 1 of 2 START sql view model public.stg_weather ................................. [RUN]
[0m16:22:49.929632 [debug] [Thread-1 (]: Acquiring new postgres connection 'model.self_healing_pipeline.stg_weather'
[0m16:22:49.933037 [debug] [Thread-1 (]: Began compiling node model.self_healing_pipeline.stg_weather
[0m16:22:49.993540 [debug] [Thread-1 (]: Writing injected SQL for node "model.self_healing_pipeline.stg_weather"
[0m16:22:50.000456 [debug] [Thread-1 (]: Began executing node model.self_healing_pipeline.stg_weather
[0m16:22:50.197778 [debug] [Thread-1 (]: Writing runtime sql for node "model.self_healing_pipeline.stg_weather"
[0m16:22:50.201551 [debug] [Thread-1 (]: Using postgres connection "model.self_healing_pipeline.stg_weather"
[0m16:22:50.202978 [debug] [Thread-1 (]: On model.self_healing_pipeline.stg_weather: BEGIN
[0m16:22:50.204205 [debug] [Thread-1 (]: Opening a new connection, currently in state init
[0m16:22:50.262165 [debug] [Thread-1 (]: SQL status: BEGIN in 0.058 seconds
[0m16:22:50.263616 [debug] [Thread-1 (]: Using postgres connection "model.self_healing_pipeline.stg_weather"
[0m16:22:50.265128 [debug] [Thread-1 (]: On model.self_healing_pipeline.stg_weather: /* {"app": "dbt", "dbt_version": "1.8.2", "profile_name": "self_healing_pipeline", "target_name": "dev", "node_id": "model.self_healing_pipeline.stg_weather"} */

  create view "shp"."public"."stg_weather__dbt_tmp"
    
    
  as (
    -- Cleans raw_weather: casts types, drops obviously bad rows.
-- This is the model that breaks first when --break bad_column or
-- --break schema_drift is used upstream — good starting point for the
-- Monitor Agent to point at in Stage 1.

select
    ts::timestamp                as ts,
    temperature_c::numeric       as temperature_c,
    humidity_pct::numeric        as humidity_pct,
    precipitation_mm::numeric    as precipitation_mm,
    loaded_at
from "shp"."public"."raw_weather"
where ts is not null
  );
[0m16:22:50.279855 [debug] [Thread-1 (]: SQL status: CREATE VIEW in 0.013 seconds
[0m16:22:50.299908 [debug] [Thread-1 (]: Using postgres connection "model.self_healing_pipeline.stg_weather"
[0m16:22:50.301891 [debug] [Thread-1 (]: On model.self_healing_pipeline.stg_weather: /* {"app": "dbt", "dbt_version": "1.8.2", "profile_name": "self_healing_pipeline", "target_name": "dev", "node_id": "model.self_healing_pipeline.stg_weather"} */
alter table "shp"."public"."stg_weather__dbt_tmp" rename to "stg_weather"
[0m16:22:50.307411 [debug] [Thread-1 (]: SQL status: ALTER TABLE in 0.004 seconds
[0m16:22:50.357982 [debug] [Thread-1 (]: On model.self_healing_pipeline.stg_weather: COMMIT
[0m16:22:50.359354 [debug] [Thread-1 (]: Using postgres connection "model.self_healing_pipeline.stg_weather"
[0m16:22:50.360965 [debug] [Thread-1 (]: On model.self_healing_pipeline.stg_weather: COMMIT
[0m16:22:50.382351 [debug] [Thread-1 (]: SQL status: COMMIT in 0.020 seconds
[0m16:22:50.406018 [debug] [Thread-1 (]: Applying DROP to: "shp"."public"."stg_weather__dbt_backup"
[0m16:22:50.426337 [debug] [Thread-1 (]: Using postgres connection "model.self_healing_pipeline.stg_weather"
[0m16:22:50.427798 [debug] [Thread-1 (]: On model.self_healing_pipeline.stg_weather: /* {"app": "dbt", "dbt_version": "1.8.2", "profile_name": "self_healing_pipeline", "target_name": "dev", "node_id": "model.self_healing_pipeline.stg_weather"} */
drop view if exists "shp"."public"."stg_weather__dbt_backup" cascade
[0m16:22:50.431332 [debug] [Thread-1 (]: SQL status: DROP VIEW in 0.002 seconds
[0m16:22:50.439402 [debug] [Thread-1 (]: On model.self_healing_pipeline.stg_weather: Close
[0m16:22:50.447609 [debug] [Thread-1 (]: Sending event: {'category': 'dbt', 'action': 'run_model', 'label': '61276e2a-574c-4c3b-8f92-910e4ca4493b', 'context': [<snowplow_tracker.self_describing_json.SelfDescribingJson object at 0x0000020A3C026A50>]}
[0m16:22:50.449792 [info ] [Thread-1 (]: 1 of 2 OK created sql view model public.stg_weather ............................ [[32mCREATE VIEW[0m in 0.51s]
[0m16:22:50.453185 [debug] [Thread-1 (]: Finished running node model.self_healing_pipeline.stg_weather
[0m16:22:50.459935 [debug] [Thread-2 (]: Began running node model.self_healing_pipeline.daily_weather_summary
[0m16:22:50.461725 [info ] [Thread-2 (]: 2 of 2 START sql table model public.daily_weather_summary ...................... [RUN]
[0m16:22:50.464289 [debug] [Thread-2 (]: Acquiring new postgres connection 'model.self_healing_pipeline.daily_weather_summary'
[0m16:22:50.466705 [debug] [Thread-2 (]: Began compiling node model.self_healing_pipeline.daily_weather_summary
[0m16:22:50.479091 [debug] [Thread-2 (]: Writing injected SQL for node "model.self_healing_pipeline.daily_weather_summary"
[0m16:22:50.482003 [debug] [Thread-2 (]: Began executing node model.self_healing_pipeline.daily_weather_summary
[0m16:22:50.622105 [debug] [Thread-2 (]: Writing runtime sql for node "model.self_healing_pipeline.daily_weather_summary"
[0m16:22:50.627305 [debug] [Thread-2 (]: Using postgres connection "model.self_healing_pipeline.daily_weather_summary"
[0m16:22:50.629389 [debug] [Thread-2 (]: On model.self_healing_pipeline.daily_weather_summary: BEGIN
[0m16:22:50.630634 [debug] [Thread-2 (]: Opening a new connection, currently in state init
[0m16:22:50.681512 [debug] [Thread-2 (]: SQL status: BEGIN in 0.051 seconds
[0m16:22:50.683082 [debug] [Thread-2 (]: Using postgres connection "model.self_healing_pipeline.daily_weather_summary"
[0m16:22:50.686159 [debug] [Thread-2 (]: On model.self_healing_pipeline.daily_weather_summary: /* {"app": "dbt", "dbt_version": "1.8.2", "profile_name": "self_healing_pipeline", "target_name": "dev", "node_id": "model.self_healing_pipeline.daily_weather_summary"} */

  
    

  create  table "shp"."public"."daily_weather_summary__dbt_tmp"
  
  
    as
  
  (
    select
    date_trunc('day', ts)              as day,
    avg(temperature_c)                 as avg_temp_c,
    min(temperature_c)                 as min_temp_c,
    max(temperature_c)                 as max_temp_c,
    avg(humidity_pct)                  as avg_humidity_pct,
    sum(precipitation_mm)              as total_precipitation_mm,
    count(*)                           as reading_count
from "shp"."public"."stg_weather"
group by 1
  );
  
[0m16:22:50.753955 [debug] [Thread-2 (]: Postgres adapter: Postgres error: invalid input syntax for type numeric: "not_a_number"

[0m16:22:50.755461 [debug] [Thread-2 (]: On model.self_healing_pipeline.daily_weather_summary: ROLLBACK
[0m16:22:50.758149 [debug] [Thread-2 (]: On model.self_healing_pipeline.daily_weather_summary: Close
[0m16:22:50.902496 [debug] [Thread-2 (]: Database Error in model daily_weather_summary (models\marts\daily_weather_summary.sql)
  invalid input syntax for type numeric: "not_a_number"
  compiled code at target\run\self_healing_pipeline\models\marts\daily_weather_summary.sql
[0m16:22:50.903929 [debug] [Thread-2 (]: Sending event: {'category': 'dbt', 'action': 'run_model', 'label': '61276e2a-574c-4c3b-8f92-910e4ca4493b', 'context': [<snowplow_tracker.self_describing_json.SelfDescribingJson object at 0x0000020A3BFDFAC0>]}
[0m16:22:50.906201 [error] [Thread-2 (]: 2 of 2 ERROR creating sql table model public.daily_weather_summary ............. [[31mERROR[0m in 0.44s]
[0m16:22:50.908602 [debug] [Thread-2 (]: Finished running node model.self_healing_pipeline.daily_weather_summary
[0m16:22:50.913895 [debug] [MainThread]: Using postgres connection "master"
[0m16:22:50.915361 [debug] [MainThread]: On master: BEGIN
[0m16:22:50.916470 [debug] [MainThread]: Opening a new connection, currently in state closed
[0m16:22:50.982697 [debug] [MainThread]: SQL status: BEGIN in 0.066 seconds
[0m16:22:50.984193 [debug] [MainThread]: On master: COMMIT
[0m16:22:50.985648 [debug] [MainThread]: Using postgres connection "master"
[0m16:22:50.987395 [debug] [MainThread]: On master: COMMIT
[0m16:22:50.990694 [debug] [MainThread]: SQL status: COMMIT in 0.001 seconds
[0m16:22:50.991809 [debug] [MainThread]: On master: Close
[0m16:22:50.993425 [debug] [MainThread]: Connection 'master' was properly closed.
[0m16:22:50.994476 [debug] [MainThread]: Connection 'list_shp' was properly closed.
[0m16:22:50.995338 [debug] [MainThread]: Connection 'list_shp_public' was properly closed.
[0m16:22:50.996331 [debug] [MainThread]: Connection 'model.self_healing_pipeline.stg_weather' was properly closed.
[0m16:22:50.997760 [debug] [MainThread]: Connection 'model.self_healing_pipeline.daily_weather_summary' was properly closed.
[0m16:22:50.999010 [info ] [MainThread]: 
[0m16:22:51.000235 [info ] [MainThread]: Finished running 1 view model, 1 table model in 0 hours 0 minutes and 1.99 seconds (1.99s).
[0m16:22:51.004516 [debug] [MainThread]: Command end result
[0m16:22:51.219977 [info ] [MainThread]: 
[0m16:22:51.224000 [info ] [MainThread]: [31mCompleted with 1 error and 0 warnings:[0m
[0m16:22:51.226422 [info ] [MainThread]: 
[0m16:22:51.235651 [error] [MainThread]:   Database Error in model daily_weather_summary (models\marts\daily_weather_summary.sql)
  invalid input syntax for type numeric: "not_a_number"
  compiled code at target\run\self_healing_pipeline\models\marts\daily_weather_summary.sql
[0m16:22:51.237005 [info ] [MainThread]: 
[0m16:22:51.242607 [info ] [MainThread]: Done. PASS=1 WARN=0 ERROR=1 SKIP=0 TOTAL=2
[0m16:22:51.246644 [debug] [MainThread]: Command `dbt run` failed at 16:22:51.246290 after 14.83 seconds
[0m16:22:51.249236 [debug] [MainThread]: Sending event: {'category': 'dbt', 'action': 'invocation', 'label': 'end', 'context': [<snowplow_tracker.self_describing_json.SelfDescribingJson object at 0x0000020A3C307B10>, <snowplow_tracker.self_describing_json.SelfDescribingJson object at 0x0000020A3C2F2CC0>, <snowplow_tracker.self_describing_json.SelfDescribingJson object at 0x0000020A3C3AFED0>]}
[0m16:22:51.256137 [debug] [MainThread]: Flushing usage events
[0m16:39:08.373838 [debug] [MainThread]: Sending event: {'category': 'dbt', 'action': 'invocation', 'label': 'start', 'context': [<snowplow_tracker.self_describing_json.SelfDescribingJson object at 0x000001AEEC52FB60>, <snowplow_tracker.self_describing_json.SelfDescribingJson object at 0x000001AEEC125E50>, <snowplow_tracker.self_describing_json.SelfDescribingJson object at 0x000001AEEB30D310>]}


============================== 16:39:08.386702 | 4ef8d583-1623-44fe-aeda-ee92821be494 ==============================
[0m16:39:08.386702 [info ] [MainThread]: Running with dbt=1.8.2
[0m16:39:08.400255 [debug] [MainThread]: running dbt with arguments {'printer_width': '80', 'indirect_selection': 'eager', 'log_cache_events': 'False', 'write_json': 'True', 'partial_parse': 'True', 'cache_selected_only': 'False', 'profiles_dir': 'C:\\Users\\Qc\\Desktop\\self-healing-pipeline\\transform\\dbt_project', 'version_check': 'True', 'fail_fast': 'False', 'log_path': 'C:\\Users\\Qc\\Desktop\\self-healing-pipeline\\transform\\dbt_project\\logs', 'debug': 'False', 'warn_error': 'None', 'use_colors': 'True', 'use_experimental_parser': 'False', 'no_print': 'None', 'quiet': 'False', 'log_format': 'default', 'invocation_command': 'dbt run', 'static_parser': 'True', 'introspect': 'True', 'target_path': 'None', 'warn_error_options': 'WarnErrorOptions(include=[], exclude=[])', 'send_anonymous_usage_stats': 'True'}
[0m16:39:10.179240 [debug] [MainThread]: Sending event: {'category': 'dbt', 'action': 'project_id', 'label': '4ef8d583-1623-44fe-aeda-ee92821be494', 'context': [<snowplow_tracker.self_describing_json.SelfDescribingJson object at 0x000001AEEF4DF360>]}
[0m16:39:10.618055 [debug] [MainThread]: Sending event: {'category': 'dbt', 'action': 'adapter_info', 'label': '4ef8d583-1623-44fe-aeda-ee92821be494', 'context': [<snowplow_tracker.self_describing_json.SelfDescribingJson object at 0x000001AEEF0D47C0>]}
[0m16:39:10.622116 [info ] [MainThread]: Registered adapter: postgres=1.8.2
[0m16:39:12.820506 [debug] [MainThread]: checksum: f0a141b9de567cb7f131613ba2682f40b3a1c6a157f81c6e5435862eff68f109, vars: {}, profile: , target: , version: 1.8.2
[0m16:39:14.193181 [info ] [MainThread]: Unable to do partial parsing because profile has changed
[0m16:39:14.198655 [debug] [MainThread]: Sending event: {'category': 'dbt', 'action': 'partial_parser', 'label': '4ef8d583-1623-44fe-aeda-ee92821be494', 'context': [<snowplow_tracker.self_describing_json.SelfDescribingJson object at 0x000001AEEF1FFA50>]}
[0m16:39:18.813638 [warn ] [MainThread]: [[33mWARNING[0m]: Deprecated functionality
The `tests` config has been renamed to `data_tests`. Please see
https://docs.getdbt.com/docs/build/data-tests#new-data_tests-syntax for more
information.
[0m16:39:18.815503 [debug] [MainThread]: Sending event: {'category': 'dbt', 'action': 'deprecation', 'label': '4ef8d583-1623-44fe-aeda-ee92821be494', 'property_': 'warn', 'context': [<snowplow_tracker.self_describing_json.SelfDescribingJson object at 0x000001AEEF62A8A0>]}
[0m16:39:20.231307 [debug] [MainThread]: Sending event: {'category': 'dbt', 'action': 'load_project', 'label': '4ef8d583-1623-44fe-aeda-ee92821be494', 'context': [<snowplow_tracker.self_describing_json.SelfDescribingJson object at 0x000001AEF09D3A10>]}
[0m16:39:20.520120 [debug] [MainThread]: Sending event: {'category': 'dbt', 'action': 'resource_counts', 'label': '4ef8d583-1623-44fe-aeda-ee92821be494', 'context': [<snowplow_tracker.self_describing_json.SelfDescribingJson object at 0x000001AEF0BC9570>]}
[0m16:39:20.521506 [info ] [MainThread]: Found 2 models, 6 data tests, 1 source, 428 macros
[0m16:39:20.523554 [debug] [MainThread]: Sending event: {'category': 'dbt', 'action': 'runnable_timing', 'label': '4ef8d583-1623-44fe-aeda-ee92821be494', 'context': [<snowplow_tracker.self_describing_json.SelfDescribingJson object at 0x000001AEF0B3D250>]}
[0m16:39:20.529081 [info ] [MainThread]: 
[0m16:39:20.531219 [debug] [MainThread]: Acquiring new postgres connection 'master'
[0m16:39:20.544869 [debug] [ThreadPool]: Acquiring new postgres connection 'list_shp'
[0m16:39:20.909877 [debug] [ThreadPool]: Using postgres connection "list_shp"
[0m16:39:20.910654 [debug] [ThreadPool]: On list_shp: /* {"app": "dbt", "dbt_version": "1.8.2", "profile_name": "self_healing_pipeline", "target_name": "dev", "connection_name": "list_shp"} */

    select distinct nspname from pg_namespace
  
[0m16:39:20.911742 [debug] [ThreadPool]: Opening a new connection, currently in state init
[0m16:39:21.113389 [debug] [ThreadPool]: Postgres adapter: Got a retryable error when attempting to open a postgres connection.
1 attempts remaining. Retrying in 0 seconds.
Error:
connection to server at "localhost" (::1), port 5432 failed: FATAL:  password authentication failed for user "shp"

[0m16:39:21.282181 [debug] [ThreadPool]: Postgres adapter: Error running SQL: /* {"app": "dbt", "dbt_version": "1.8.2", "profile_name": "self_healing_pipeline", "target_name": "dev", "connection_name": "list_shp"} */

    select distinct nspname from pg_namespace
  
[0m16:39:21.283417 [debug] [ThreadPool]: Postgres adapter: Rolling back transaction.
[0m16:39:21.284515 [debug] [ThreadPool]: Postgres adapter: Error running SQL: macro list_schemas
[0m16:39:21.285499 [debug] [ThreadPool]: Postgres adapter: Rolling back transaction.
[0m16:39:21.286660 [debug] [ThreadPool]: On list_shp: No close available on handle
[0m16:39:21.288931 [debug] [MainThread]: Connection 'master' was properly closed.
[0m16:39:21.289704 [debug] [MainThread]: Connection 'list_shp' was properly closed.
[0m16:39:21.290441 [info ] [MainThread]: 
[0m16:39:21.294124 [info ] [MainThread]: Finished running  in 0 hours 0 minutes and 0.76 seconds (0.76s).
[0m16:39:21.300718 [error] [MainThread]: Encountered an error:
Database Error
  connection to server at "localhost" (::1), port 5432 failed: FATAL:  password authentication failed for user "shp"
  
[0m16:39:21.415155 [debug] [MainThread]: Command `dbt run` failed at 16:39:21.414841 after 15.46 seconds
[0m16:39:21.416432 [debug] [MainThread]: Sending event: {'category': 'dbt', 'action': 'invocation', 'label': 'end', 'context': [<snowplow_tracker.self_describing_json.SelfDescribingJson object at 0x000001AEF0A2F490>, <snowplow_tracker.self_describing_json.SelfDescribingJson object at 0x000001AEF0E96E90>, <snowplow_tracker.self_describing_json.SelfDescribingJson object at 0x000001AEF0E96F30>]}
[0m16:39:21.418444 [debug] [MainThread]: Flushing usage events
[0m16:39:34.304472 [debug] [MainThread]: Sending event: {'category': 'dbt', 'action': 'invocation', 'label': 'start', 'context': [<snowplow_tracker.self_describing_json.SelfDescribingJson object at 0x000001B909ACFB60>, <snowplow_tracker.self_describing_json.SelfDescribingJson object at 0x000001B9096D5E50>, <snowplow_tracker.self_describing_json.SelfDescribingJson object at 0x000001B9088A9310>]}


============================== 16:39:34.315736 | c6fff373-873b-4429-8f7d-bf127835cb2e ==============================
[0m16:39:34.315736 [info ] [MainThread]: Running with dbt=1.8.2
[0m16:39:34.323355 [debug] [MainThread]: running dbt with arguments {'printer_width': '80', 'indirect_selection': 'eager', 'log_cache_events': 'False', 'write_json': 'True', 'partial_parse': 'True', 'cache_selected_only': 'False', 'profiles_dir': 'C:\\Users\\Qc\\Desktop\\self-healing-pipeline\\transform\\dbt_project', 'fail_fast': 'False', 'warn_error': 'None', 'log_path': 'C:\\Users\\Qc\\Desktop\\self-healing-pipeline\\transform\\dbt_project\\logs', 'debug': 'False', 'version_check': 'True', 'use_colors': 'True', 'use_experimental_parser': 'False', 'no_print': 'None', 'quiet': 'False', 'warn_error_options': 'WarnErrorOptions(include=[], exclude=[])', 'static_parser': 'True', 'invocation_command': 'dbt test', 'introspect': 'True', 'target_path': 'None', 'log_format': 'default', 'send_anonymous_usage_stats': 'True'}
[0m16:39:35.248077 [debug] [MainThread]: Sending event: {'category': 'dbt', 'action': 'project_id', 'label': 'c6fff373-873b-4429-8f7d-bf127835cb2e', 'context': [<snowplow_tracker.self_describing_json.SelfDescribingJson object at 0x000001B90C8AF360>]}
[0m16:39:35.609479 [debug] [MainThread]: Sending event: {'category': 'dbt', 'action': 'adapter_info', 'label': 'c6fff373-873b-4429-8f7d-bf127835cb2e', 'context': [<snowplow_tracker.self_describing_json.SelfDescribingJson object at 0x000001B90C6747C0>]}
[0m16:39:35.615427 [info ] [MainThread]: Registered adapter: postgres=1.8.2
[0m16:39:36.846294 [debug] [MainThread]: checksum: f0a141b9de567cb7f131613ba2682f40b3a1c6a157f81c6e5435862eff68f109, vars: {}, profile: , target: , version: 1.8.2
[0m16:39:37.853306 [debug] [MainThread]: Partial parsing enabled: 0 files deleted, 0 files added, 0 files changed.
[0m16:39:37.854419 [debug] [MainThread]: Partial parsing enabled, no changes found, skipping parsing
[0m16:39:38.010703 [debug] [MainThread]: Sending event: {'category': 'dbt', 'action': 'load_project', 'label': 'c6fff373-873b-4429-8f7d-bf127835cb2e', 'context': [<snowplow_tracker.self_describing_json.SelfDescribingJson object at 0x000001B90DCE0550>]}
[0m16:39:38.572984 [debug] [MainThread]: Sending event: {'category': 'dbt', 'action': 'resource_counts', 'label': 'c6fff373-873b-4429-8f7d-bf127835cb2e', 'context': [<snowplow_tracker.self_describing_json.SelfDescribingJson object at 0x000001B90DDBD400>]}
[0m16:39:38.574254 [info ] [MainThread]: Found 2 models, 6 data tests, 1 source, 428 macros
[0m16:39:38.575577 [debug] [MainThread]: Sending event: {'category': 'dbt', 'action': 'runnable_timing', 'label': 'c6fff373-873b-4429-8f7d-bf127835cb2e', 'context': [<snowplow_tracker.self_describing_json.SelfDescribingJson object at 0x000001B90DDDE510>]}
[0m16:39:38.582230 [info ] [MainThread]: 
[0m16:39:38.588759 [debug] [MainThread]: Acquiring new postgres connection 'master'
[0m16:39:38.686251 [debug] [ThreadPool]: Acquiring new postgres connection 'list_shp_public'
[0m16:39:38.972545 [debug] [ThreadPool]: Using postgres connection "list_shp_public"
[0m16:39:38.973727 [debug] [ThreadPool]: On list_shp_public: BEGIN
[0m16:39:38.974806 [debug] [ThreadPool]: Opening a new connection, currently in state init
[0m16:39:39.122478 [debug] [ThreadPool]: Postgres adapter: Got a retryable error when attempting to open a postgres connection.
1 attempts remaining. Retrying in 0 seconds.
Error:
connection to server at "localhost" (::1), port 5432 failed: FATAL:  password authentication failed for user "shp"

[0m16:39:39.218008 [debug] [ThreadPool]: Postgres adapter: Error running SQL: BEGIN
[0m16:39:39.218987 [debug] [ThreadPool]: Postgres adapter: Rolling back transaction.
[0m16:39:39.220242 [debug] [ThreadPool]: Postgres adapter: Error running SQL: macro list_relations_without_caching
[0m16:39:39.221230 [debug] [ThreadPool]: Postgres adapter: Rolling back transaction.
[0m16:39:39.222346 [debug] [ThreadPool]: On list_shp_public: No close available on handle
[0m16:39:39.224539 [debug] [MainThread]: Connection 'master' was properly closed.
[0m16:39:39.225469 [debug] [MainThread]: Connection 'list_shp_public' was properly closed.
[0m16:39:39.226409 [info ] [MainThread]: 
[0m16:39:39.227586 [info ] [MainThread]: Finished running  in 0 hours 0 minutes and 0.64 seconds (0.64s).
[0m16:39:39.229066 [error] [MainThread]: Encountered an error:
Database Error
  connection to server at "localhost" (::1), port 5432 failed: FATAL:  password authentication failed for user "shp"
  
[0m16:39:39.231831 [debug] [MainThread]: Command `dbt test` failed at 16:39:39.231508 after 5.77 seconds
[0m16:39:39.232976 [debug] [MainThread]: Sending event: {'category': 'dbt', 'action': 'invocation', 'label': 'end', 'context': [<snowplow_tracker.self_describing_json.SelfDescribingJson object at 0x000001B90DFFA000>, <snowplow_tracker.self_describing_json.SelfDescribingJson object at 0x000001B90C6DD190>, <snowplow_tracker.self_describing_json.SelfDescribingJson object at 0x000001B90DD0F950>]}
[0m16:39:39.234580 [debug] [MainThread]: Flushing usage events
[0m16:40:12.123079 [debug] [MainThread]: Sending event: {'category': 'dbt', 'action': 'invocation', 'label': 'start', 'context': [<snowplow_tracker.self_describing_json.SelfDescribingJson object at 0x00000287FBDFFB60>, <snowplow_tracker.self_describing_json.SelfDescribingJson object at 0x00000287FBA05E50>, <snowplow_tracker.self_describing_json.SelfDescribingJson object at 0x00000287FABDD310>]}


============================== 16:40:12.133212 | afd5ff3e-be5a-42c5-a597-360d7cc40ebb ==============================
[0m16:40:12.133212 [info ] [MainThread]: Running with dbt=1.8.2
[0m16:40:12.134758 [debug] [MainThread]: running dbt with arguments {'printer_width': '80', 'indirect_selection': 'eager', 'write_json': 'True', 'log_cache_events': 'False', 'partial_parse': 'True', 'cache_selected_only': 'False', 'profiles_dir': 'C:\\Users\\Qc\\Desktop\\self-healing-pipeline\\transform\\dbt_project', 'debug': 'False', 'version_check': 'True', 'log_path': 'C:\\Users\\Qc\\Desktop\\self-healing-pipeline\\transform\\dbt_project\\logs', 'warn_error': 'None', 'fail_fast': 'False', 'use_colors': 'True', 'use_experimental_parser': 'False', 'no_print': 'None', 'quiet': 'False', 'warn_error_options': 'WarnErrorOptions(include=[], exclude=[])', 'introspect': 'True', 'log_format': 'default', 'static_parser': 'True', 'target_path': 'None', 'invocation_command': 'dbt run', 'send_anonymous_usage_stats': 'True'}
[0m16:40:12.738076 [debug] [MainThread]: Sending event: {'category': 'dbt', 'action': 'project_id', 'label': 'afd5ff3e-be5a-42c5-a597-360d7cc40ebb', 'context': [<snowplow_tracker.self_describing_json.SelfDescribingJson object at 0x00000287FEBCF360>]}
[0m16:40:13.170703 [debug] [MainThread]: Sending event: {'category': 'dbt', 'action': 'adapter_info', 'label': 'afd5ff3e-be5a-42c5-a597-360d7cc40ebb', 'context': [<snowplow_tracker.self_describing_json.SelfDescribingJson object at 0x00000287FE9A47C0>]}
[0m16:40:13.176035 [info ] [MainThread]: Registered adapter: postgres=1.8.2
[0m16:40:13.775486 [debug] [MainThread]: checksum: f0a141b9de567cb7f131613ba2682f40b3a1c6a157f81c6e5435862eff68f109, vars: {}, profile: , target: , version: 1.8.2
[0m16:40:14.469443 [info ] [MainThread]: Unable to do partial parsing because profile has changed
[0m16:40:14.470322 [debug] [MainThread]: Sending event: {'category': 'dbt', 'action': 'partial_parser', 'label': 'afd5ff3e-be5a-42c5-a597-360d7cc40ebb', 'context': [<snowplow_tracker.self_describing_json.SelfDescribingJson object at 0x00000287FEACBA50>]}
[0m16:40:18.502271 [warn ] [MainThread]: [[33mWARNING[0m]: Deprecated functionality
The `tests` config has been renamed to `data_tests`. Please see
https://docs.getdbt.com/docs/build/data-tests#new-data_tests-syntax for more
information.
[0m16:40:18.504425 [debug] [MainThread]: Sending event: {'category': 'dbt', 'action': 'deprecation', 'label': 'afd5ff3e-be5a-42c5-a597-360d7cc40ebb', 'property_': 'warn', 'context': [<snowplow_tracker.self_describing_json.SelfDescribingJson object at 0x00000287FED1A8A0>]}
[0m16:40:19.863797 [debug] [MainThread]: Sending event: {'category': 'dbt', 'action': 'load_project', 'label': 'afd5ff3e-be5a-42c5-a597-360d7cc40ebb', 'context': [<snowplow_tracker.self_describing_json.SelfDescribingJson object at 0x000002878019FA10>]}
[0m16:40:20.386139 [debug] [MainThread]: Sending event: {'category': 'dbt', 'action': 'resource_counts', 'label': 'afd5ff3e-be5a-42c5-a597-360d7cc40ebb', 'context': [<snowplow_tracker.self_describing_json.SelfDescribingJson object at 0x00000287803B1570>]}
[0m16:40:20.387685 [info ] [MainThread]: Found 2 models, 6 data tests, 1 source, 428 macros
[0m16:40:20.389856 [debug] [MainThread]: Sending event: {'category': 'dbt', 'action': 'runnable_timing', 'label': 'afd5ff3e-be5a-42c5-a597-360d7cc40ebb', 'context': [<snowplow_tracker.self_describing_json.SelfDescribingJson object at 0x000002878030D250>]}
[0m16:40:20.416624 [info ] [MainThread]: 
[0m16:40:20.418836 [debug] [MainThread]: Acquiring new postgres connection 'master'
[0m16:40:20.440284 [debug] [ThreadPool]: Acquiring new postgres connection 'list_shp'
[0m16:40:21.024306 [debug] [ThreadPool]: Using postgres connection "list_shp"
[0m16:40:21.026828 [debug] [ThreadPool]: On list_shp: /* {"app": "dbt", "dbt_version": "1.8.2", "profile_name": "self_healing_pipeline", "target_name": "dev", "connection_name": "list_shp"} */

    select distinct nspname from pg_namespace
  
[0m16:40:21.029489 [debug] [ThreadPool]: Opening a new connection, currently in state init
[0m16:40:22.758896 [debug] [ThreadPool]: SQL status: SELECT 4 in 1.729 seconds
[0m16:40:22.762749 [debug] [ThreadPool]: On list_shp: Close
[0m16:40:22.770846 [debug] [ThreadPool]: Acquiring new postgres connection 'list_shp_public'
[0m16:40:22.807535 [debug] [ThreadPool]: Using postgres connection "list_shp_public"
[0m16:40:22.809756 [debug] [ThreadPool]: On list_shp_public: BEGIN
[0m16:40:22.812010 [debug] [ThreadPool]: Opening a new connection, currently in state init
[0m16:40:22.868548 [debug] [ThreadPool]: SQL status: BEGIN in 0.056 seconds
[0m16:40:22.869740 [debug] [ThreadPool]: Using postgres connection "list_shp_public"
[0m16:40:22.870933 [debug] [ThreadPool]: On list_shp_public: /* {"app": "dbt", "dbt_version": "1.8.2", "profile_name": "self_healing_pipeline", "target_name": "dev", "connection_name": "list_shp_public"} */
select
      'shp' as database,
      tablename as name,
      schemaname as schema,
      'table' as type
    from pg_tables
    where schemaname ilike 'public'
    union all
    select
      'shp' as database,
      viewname as name,
      schemaname as schema,
      'view' as type
    from pg_views
    where schemaname ilike 'public'
    union all
    select
      'shp' as database,
      matviewname as name,
      schemaname as schema,
      'materialized_view' as type
    from pg_matviews
    where schemaname ilike 'public'
  
[0m16:40:22.982486 [debug] [ThreadPool]: SQL status: SELECT 4 in 0.110 seconds
[0m16:40:22.986540 [debug] [ThreadPool]: On list_shp_public: ROLLBACK
[0m16:40:22.991144 [debug] [ThreadPool]: On list_shp_public: Close
[0m16:40:23.010163 [debug] [MainThread]: Using postgres connection "master"
[0m16:40:23.011138 [debug] [MainThread]: On master: BEGIN
[0m16:40:23.012082 [debug] [MainThread]: Opening a new connection, currently in state init
[0m16:40:23.066299 [debug] [MainThread]: SQL status: BEGIN in 0.054 seconds
[0m16:40:23.067470 [debug] [MainThread]: Using postgres connection "master"
[0m16:40:23.068819 [debug] [MainThread]: On master: /* {"app": "dbt", "dbt_version": "1.8.2", "profile_name": "self_healing_pipeline", "target_name": "dev", "connection_name": "master"} */
with relation as (
        select
            pg_rewrite.ev_class as class,
            pg_rewrite.oid as id
        from pg_rewrite
    ),
    class as (
        select
            oid as id,
            relname as name,
            relnamespace as schema,
            relkind as kind
        from pg_class
    ),
    dependency as (
        select distinct
            pg_depend.objid as id,
            pg_depend.refobjid as ref
        from pg_depend
    ),
    schema as (
        select
            pg_namespace.oid as id,
            pg_namespace.nspname as name
        from pg_namespace
        where nspname != 'information_schema' and nspname not like 'pg\_%'
    ),
    referenced as (
        select
            relation.id AS id,
            referenced_class.name ,
            referenced_class.schema ,
            referenced_class.kind
        from relation
        join class as referenced_class on relation.class=referenced_class.id
        where referenced_class.kind in ('r', 'v', 'm')
    ),
    relationships as (
        select
            referenced.name as referenced_name,
            referenced.schema as referenced_schema_id,
            dependent_class.name as dependent_name,
            dependent_class.schema as dependent_schema_id,
            referenced.kind as kind
        from referenced
        join dependency on referenced.id=dependency.id
        join class as dependent_class on dependency.ref=dependent_class.id
        where
            (referenced.name != dependent_class.name or
             referenced.schema != dependent_class.schema)
    )

    select
        referenced_schema.name as referenced_schema,
        relationships.referenced_name as referenced_name,
        dependent_schema.name as dependent_schema,
        relationships.dependent_name as dependent_name
    from relationships
    join schema as dependent_schema on relationships.dependent_schema_id=dependent_schema.id
    join schema as referenced_schema on relationships.referenced_schema_id=referenced_schema.id
    group by referenced_schema, referenced_name, dependent_schema, dependent_name
    order by referenced_schema, referenced_name, dependent_schema, dependent_name;
[0m16:40:23.187854 [debug] [MainThread]: SQL status: SELECT 1 in 0.118 seconds
[0m16:40:23.192378 [debug] [MainThread]: Sending event: {'category': 'dbt', 'action': 'runnable_timing', 'label': 'afd5ff3e-be5a-42c5-a597-360d7cc40ebb', 'context': [<snowplow_tracker.self_describing_json.SelfDescribingJson object at 0x00000287806B8680>]}
[0m16:40:23.193949 [debug] [MainThread]: On master: ROLLBACK
[0m16:40:23.205484 [debug] [MainThread]: Using postgres connection "master"
[0m16:40:23.206584 [debug] [MainThread]: On master: BEGIN
[0m16:40:23.278260 [debug] [MainThread]: SQL status: BEGIN in 0.071 seconds
[0m16:40:23.279394 [debug] [MainThread]: On master: COMMIT
[0m16:40:23.280453 [debug] [MainThread]: Using postgres connection "master"
[0m16:40:23.281543 [debug] [MainThread]: On master: COMMIT
[0m16:40:23.294992 [debug] [MainThread]: SQL status: COMMIT in 0.012 seconds
[0m16:40:23.296986 [debug] [MainThread]: On master: Close
[0m16:40:23.299023 [info ] [MainThread]: Concurrency: 4 threads (target='dev')
[0m16:40:23.323112 [info ] [MainThread]: 
[0m16:40:23.361538 [debug] [Thread-1 (]: Began running node model.self_healing_pipeline.stg_weather
[0m16:40:23.363893 [info ] [Thread-1 (]: 1 of 2 START sql view model public.stg_weather ................................. [RUN]
[0m16:40:23.367720 [debug] [Thread-1 (]: Acquiring new postgres connection 'model.self_healing_pipeline.stg_weather'
[0m16:40:23.369235 [debug] [Thread-1 (]: Began compiling node model.self_healing_pipeline.stg_weather
[0m16:40:23.405576 [debug] [Thread-1 (]: Writing injected SQL for node "model.self_healing_pipeline.stg_weather"
[0m16:40:23.408881 [debug] [Thread-1 (]: Began executing node model.self_healing_pipeline.stg_weather
[0m16:40:23.559555 [debug] [Thread-1 (]: Writing runtime sql for node "model.self_healing_pipeline.stg_weather"
[0m16:40:23.562629 [debug] [Thread-1 (]: Using postgres connection "model.self_healing_pipeline.stg_weather"
[0m16:40:23.563976 [debug] [Thread-1 (]: On model.self_healing_pipeline.stg_weather: BEGIN
[0m16:40:23.565606 [debug] [Thread-1 (]: Opening a new connection, currently in state init
[0m16:40:23.603114 [debug] [Thread-1 (]: SQL status: BEGIN in 0.038 seconds
[0m16:40:23.604497 [debug] [Thread-1 (]: Using postgres connection "model.self_healing_pipeline.stg_weather"
[0m16:40:23.606044 [debug] [Thread-1 (]: On model.self_healing_pipeline.stg_weather: /* {"app": "dbt", "dbt_version": "1.8.2", "profile_name": "self_healing_pipeline", "target_name": "dev", "node_id": "model.self_healing_pipeline.stg_weather"} */

  create view "shp"."public"."stg_weather__dbt_tmp"
    
    
  as (
    -- Cleans raw_weather: casts types, drops obviously bad rows.
-- This is the model that breaks first when --break bad_column or
-- --break schema_drift is used upstream — good starting point for the
-- Monitor Agent to point at in Stage 1.
select
    ts::timestamp as ts,
    case
        when temperature_c ~ '^-?\d+(\.\d+)?$' then temperature_c::numeric
        else null
    end as temperature_c,
    case
        when humidity_pct ~ '^-?\d+(\.\d+)?$' then humidity_pct::numeric
        else null
    end as humidity_pct,
    case
        when precipitation_mm ~ '^-?\d+(\.\d+)?$' then precipitation_mm::numeric
        else null
    end as precipitation_mm,
    loaded_at
from "shp"."public"."raw_weather"
where ts is not null
  );
[0m16:40:23.635756 [debug] [Thread-1 (]: Postgres adapter: Postgres error: operator does not exist: double precision ~ unknown
LINE 18:         when humidity_pct ~ '^-?\d+(\.\d+)?$' then humidity_...
                                   ^
HINT:  No operator matches the given name and argument types. You might need to add explicit type casts.

[0m16:40:23.637355 [debug] [Thread-1 (]: On model.self_healing_pipeline.stg_weather: ROLLBACK
[0m16:40:23.641089 [debug] [Thread-1 (]: On model.self_healing_pipeline.stg_weather: Close
[0m16:40:23.668603 [debug] [Thread-1 (]: Database Error in model stg_weather (models\staging\stg_weather.sql)
  operator does not exist: double precision ~ unknown
  LINE 18:         when humidity_pct ~ '^-?\d+(\.\d+)?$' then humidity_...
                                     ^
  HINT:  No operator matches the given name and argument types. You might need to add explicit type casts.
  compiled code at target\run\self_healing_pipeline\models\staging\stg_weather.sql
[0m16:40:23.675377 [debug] [Thread-1 (]: Sending event: {'category': 'dbt', 'action': 'run_model', 'label': 'afd5ff3e-be5a-42c5-a597-360d7cc40ebb', 'context': [<snowplow_tracker.self_describing_json.SelfDescribingJson object at 0x00000287FE113A70>]}
[0m16:40:23.677530 [error] [Thread-1 (]: 1 of 2 ERROR creating sql view model public.stg_weather ........................ [[31mERROR[0m in 0.30s]
[0m16:40:23.695995 [debug] [Thread-1 (]: Finished running node model.self_healing_pipeline.stg_weather
[0m16:40:23.699691 [debug] [Thread-2 (]: Began running node model.self_healing_pipeline.daily_weather_summary
[0m16:40:23.701555 [info ] [Thread-2 (]: 2 of 2 SKIP relation public.daily_weather_summary .............................. [[33mSKIP[0m]
[0m16:40:23.703767 [debug] [Thread-2 (]: Finished running node model.self_healing_pipeline.daily_weather_summary
[0m16:40:23.706939 [debug] [MainThread]: Using postgres connection "master"
[0m16:40:23.708324 [debug] [MainThread]: On master: BEGIN
[0m16:40:23.710826 [debug] [MainThread]: Opening a new connection, currently in state closed
[0m16:40:23.762261 [debug] [MainThread]: SQL status: BEGIN in 0.051 seconds
[0m16:40:23.763351 [debug] [MainThread]: On master: COMMIT
[0m16:40:23.764384 [debug] [MainThread]: Using postgres connection "master"
[0m16:40:23.765575 [debug] [MainThread]: On master: COMMIT
[0m16:40:23.770273 [debug] [MainThread]: SQL status: COMMIT in 0.004 seconds
[0m16:40:23.771185 [debug] [MainThread]: On master: Close
[0m16:40:23.772307 [debug] [MainThread]: Connection 'master' was properly closed.
[0m16:40:23.773204 [debug] [MainThread]: Connection 'list_shp' was properly closed.
[0m16:40:23.774317 [debug] [MainThread]: Connection 'list_shp_public' was properly closed.
[0m16:40:23.775162 [debug] [MainThread]: Connection 'model.self_healing_pipeline.stg_weather' was properly closed.
[0m16:40:23.776033 [info ] [MainThread]: 
[0m16:40:23.780158 [info ] [MainThread]: Finished running 1 view model, 1 table model in 0 hours 0 minutes and 3.36 seconds (3.36s).
[0m16:40:23.783832 [debug] [MainThread]: Command end result
[0m16:40:23.917684 [info ] [MainThread]: 
[0m16:40:23.925238 [info ] [MainThread]: [31mCompleted with 1 error and 0 warnings:[0m
[0m16:40:23.928432 [info ] [MainThread]: 
[0m16:40:23.931624 [error] [MainThread]:   Database Error in model stg_weather (models\staging\stg_weather.sql)
  operator does not exist: double precision ~ unknown
  LINE 18:         when humidity_pct ~ '^-?\d+(\.\d+)?$' then humidity_...
                                     ^
  HINT:  No operator matches the given name and argument types. You might need to add explicit type casts.
  compiled code at target\run\self_healing_pipeline\models\staging\stg_weather.sql
[0m16:40:23.934210 [info ] [MainThread]: 
[0m16:40:23.936607 [info ] [MainThread]: Done. PASS=0 WARN=0 ERROR=1 SKIP=1 TOTAL=2
[0m16:40:23.939604 [debug] [MainThread]: Command `dbt run` failed at 16:40:23.939302 after 12.30 seconds
[0m16:40:23.942427 [debug] [MainThread]: Sending event: {'category': 'dbt', 'action': 'invocation', 'label': 'end', 'context': [<snowplow_tracker.self_describing_json.SelfDescribingJson object at 0x000002878017DA50>, <snowplow_tracker.self_describing_json.SelfDescribingJson object at 0x00000287FEC33250>, <snowplow_tracker.self_describing_json.SelfDescribingJson object at 0x00000287FEA81080>]}
[0m16:40:23.943396 [debug] [MainThread]: Flushing usage events
[0m16:40:43.972586 [debug] [MainThread]: Sending event: {'category': 'dbt', 'action': 'invocation', 'label': 'start', 'context': [<snowplow_tracker.self_describing_json.SelfDescribingJson object at 0x000001C27E45FB60>, <snowplow_tracker.self_describing_json.SelfDescribingJson object at 0x000001C27E065E50>, <snowplow_tracker.self_describing_json.SelfDescribingJson object at 0x000001C27D28D310>]}


============================== 16:40:43.996879 | 7306a5a2-27a0-4064-a120-3f52be1ccb09 ==============================
[0m16:40:43.996879 [info ] [MainThread]: Running with dbt=1.8.2
[0m16:40:44.009059 [debug] [MainThread]: running dbt with arguments {'printer_width': '80', 'indirect_selection': 'eager', 'write_json': 'True', 'log_cache_events': 'False', 'partial_parse': 'True', 'cache_selected_only': 'False', 'warn_error': 'None', 'version_check': 'True', 'fail_fast': 'False', 'log_path': 'C:\\Users\\Qc\\Desktop\\self-healing-pipeline\\transform\\dbt_project\\logs', 'profiles_dir': 'C:\\Users\\Qc\\Desktop\\self-healing-pipeline\\transform\\dbt_project', 'debug': 'False', 'use_colors': 'True', 'use_experimental_parser': 'False', 'no_print': 'None', 'quiet': 'False', 'log_format': 'default', 'invocation_command': 'dbt test', 'warn_error_options': 'WarnErrorOptions(include=[], exclude=[])', 'introspect': 'True', 'target_path': 'None', 'static_parser': 'True', 'send_anonymous_usage_stats': 'True'}
[0m16:40:45.062407 [debug] [MainThread]: Sending event: {'category': 'dbt', 'action': 'project_id', 'label': '7306a5a2-27a0-4064-a120-3f52be1ccb09', 'context': [<snowplow_tracker.self_describing_json.SelfDescribingJson object at 0x000001C20136F360>]}
[0m16:40:45.292435 [debug] [MainThread]: Sending event: {'category': 'dbt', 'action': 'adapter_info', 'label': '7306a5a2-27a0-4064-a120-3f52be1ccb09', 'context': [<snowplow_tracker.self_describing_json.SelfDescribingJson object at 0x000001C2010947C0>]}
[0m16:40:45.296979 [info ] [MainThread]: Registered adapter: postgres=1.8.2
[0m16:40:46.530597 [debug] [MainThread]: checksum: f0a141b9de567cb7f131613ba2682f40b3a1c6a157f81c6e5435862eff68f109, vars: {}, profile: , target: , version: 1.8.2
[0m16:40:47.354988 [debug] [MainThread]: Partial parsing enabled: 0 files deleted, 0 files added, 0 files changed.
[0m16:40:47.356206 [debug] [MainThread]: Partial parsing enabled, no changes found, skipping parsing
[0m16:40:47.494581 [debug] [MainThread]: Sending event: {'category': 'dbt', 'action': 'load_project', 'label': '7306a5a2-27a0-4064-a120-3f52be1ccb09', 'context': [<snowplow_tracker.self_describing_json.SelfDescribingJson object at 0x000001C202798550>]}
[0m16:40:47.880111 [debug] [MainThread]: Sending event: {'category': 'dbt', 'action': 'resource_counts', 'label': '7306a5a2-27a0-4064-a120-3f52be1ccb09', 'context': [<snowplow_tracker.self_describing_json.SelfDescribingJson object at 0x000001C20287D400>]}
[0m16:40:47.881314 [info ] [MainThread]: Found 2 models, 6 data tests, 1 source, 428 macros
[0m16:40:47.882746 [debug] [MainThread]: Sending event: {'category': 'dbt', 'action': 'runnable_timing', 'label': '7306a5a2-27a0-4064-a120-3f52be1ccb09', 'context': [<snowplow_tracker.self_describing_json.SelfDescribingJson object at 0x000001C2028A2510>]}
[0m16:40:47.888379 [info ] [MainThread]: 
[0m16:40:47.890050 [debug] [MainThread]: Acquiring new postgres connection 'master'
[0m16:40:47.901097 [debug] [ThreadPool]: Acquiring new postgres connection 'list_shp_public'
[0m16:40:48.228413 [debug] [ThreadPool]: Using postgres connection "list_shp_public"
[0m16:40:48.231994 [debug] [ThreadPool]: On list_shp_public: BEGIN
[0m16:40:48.263323 [debug] [ThreadPool]: Opening a new connection, currently in state init
[0m16:40:48.361174 [debug] [ThreadPool]: SQL status: BEGIN in 0.098 seconds
[0m16:40:48.362390 [debug] [ThreadPool]: Using postgres connection "list_shp_public"
[0m16:40:48.363680 [debug] [ThreadPool]: On list_shp_public: /* {"app": "dbt", "dbt_version": "1.8.2", "profile_name": "self_healing_pipeline", "target_name": "dev", "connection_name": "list_shp_public"} */
select
      'shp' as database,
      tablename as name,
      schemaname as schema,
      'table' as type
    from pg_tables
    where schemaname ilike 'public'
    union all
    select
      'shp' as database,
      viewname as name,
      schemaname as schema,
      'view' as type
    from pg_views
    where schemaname ilike 'public'
    union all
    select
      'shp' as database,
      matviewname as name,
      schemaname as schema,
      'materialized_view' as type
    from pg_matviews
    where schemaname ilike 'public'
  
[0m16:40:48.384146 [debug] [ThreadPool]: SQL status: SELECT 4 in 0.019 seconds
[0m16:40:48.388699 [debug] [ThreadPool]: On list_shp_public: ROLLBACK
[0m16:40:48.396008 [debug] [ThreadPool]: On list_shp_public: Close
[0m16:40:48.426258 [debug] [MainThread]: Using postgres connection "master"
[0m16:40:48.427715 [debug] [MainThread]: On master: BEGIN
[0m16:40:48.429025 [debug] [MainThread]: Opening a new connection, currently in state init
[0m16:40:48.512886 [debug] [MainThread]: SQL status: BEGIN in 0.084 seconds
[0m16:40:48.513987 [debug] [MainThread]: Using postgres connection "master"
[0m16:40:48.515377 [debug] [MainThread]: On master: /* {"app": "dbt", "dbt_version": "1.8.2", "profile_name": "self_healing_pipeline", "target_name": "dev", "connection_name": "master"} */
with relation as (
        select
            pg_rewrite.ev_class as class,
            pg_rewrite.oid as id
        from pg_rewrite
    ),
    class as (
        select
            oid as id,
            relname as name,
            relnamespace as schema,
            relkind as kind
        from pg_class
    ),
    dependency as (
        select distinct
            pg_depend.objid as id,
            pg_depend.refobjid as ref
        from pg_depend
    ),
    schema as (
        select
            pg_namespace.oid as id,
            pg_namespace.nspname as name
        from pg_namespace
        where nspname != 'information_schema' and nspname not like 'pg\_%'
    ),
    referenced as (
        select
            relation.id AS id,
            referenced_class.name ,
            referenced_class.schema ,
            referenced_class.kind
        from relation
        join class as referenced_class on relation.class=referenced_class.id
        where referenced_class.kind in ('r', 'v', 'm')
    ),
    relationships as (
        select
            referenced.name as referenced_name,
            referenced.schema as referenced_schema_id,
            dependent_class.name as dependent_name,
            dependent_class.schema as dependent_schema_id,
            referenced.kind as kind
        from referenced
        join dependency on referenced.id=dependency.id
        join class as dependent_class on dependency.ref=dependent_class.id
        where
            (referenced.name != dependent_class.name or
             referenced.schema != dependent_class.schema)
    )

    select
        referenced_schema.name as referenced_schema,
        relationships.referenced_name as referenced_name,
        dependent_schema.name as dependent_schema,
        relationships.dependent_name as dependent_name
    from relationships
    join schema as dependent_schema on relationships.dependent_schema_id=dependent_schema.id
    join schema as referenced_schema on relationships.referenced_schema_id=referenced_schema.id
    group by referenced_schema, referenced_name, dependent_schema, dependent_name
    order by referenced_schema, referenced_name, dependent_schema, dependent_name;
[0m16:40:48.543012 [debug] [MainThread]: SQL status: SELECT 1 in 0.026 seconds
[0m16:40:48.547090 [debug] [MainThread]: Sending event: {'category': 'dbt', 'action': 'runnable_timing', 'label': '7306a5a2-27a0-4064-a120-3f52be1ccb09', 'context': [<snowplow_tracker.self_describing_json.SelfDescribingJson object at 0x000001C202AB9980>]}
[0m16:40:48.548341 [debug] [MainThread]: On master: ROLLBACK
[0m16:40:48.550702 [debug] [MainThread]: Using postgres connection "master"
[0m16:40:48.551941 [debug] [MainThread]: On master: BEGIN
[0m16:40:48.556045 [debug] [MainThread]: SQL status: BEGIN in 0.003 seconds
[0m16:40:48.557330 [debug] [MainThread]: On master: COMMIT
[0m16:40:48.558462 [debug] [MainThread]: Using postgres connection "master"
[0m16:40:48.559592 [debug] [MainThread]: On master: COMMIT
[0m16:40:48.562199 [debug] [MainThread]: SQL status: COMMIT in 0.002 seconds
[0m16:40:48.563438 [debug] [MainThread]: On master: Close
[0m16:40:48.564934 [info ] [MainThread]: Concurrency: 4 threads (target='dev')
[0m16:40:48.566344 [info ] [MainThread]: 
[0m16:40:48.575464 [debug] [Thread-1 (]: Began running node test.self_healing_pipeline.not_null_daily_weather_summary_day.94fef7bf6b
[0m16:40:48.576882 [debug] [Thread-3 (]: Began running node test.self_healing_pipeline.not_null_stg_weather_humidity_pct.2b05ac1847
[0m16:40:48.578181 [debug] [Thread-4 (]: Began running node test.self_healing_pipeline.not_null_stg_weather_temperature_c.3a7a09f65f
[0m16:40:48.579602 [debug] [Thread-2 (]: Began running node test.self_healing_pipeline.not_null_daily_weather_summary_reading_count.a3aae03769
[0m16:40:48.580933 [info ] [Thread-1 (]: 1 of 6 START test not_null_daily_weather_summary_day ........................... [RUN]
[0m16:40:48.582471 [info ] [Thread-3 (]: 3 of 6 START test not_null_stg_weather_humidity_pct ............................ [RUN]
[0m16:40:48.583957 [info ] [Thread-4 (]: 4 of 6 START test not_null_stg_weather_temperature_c ........................... [RUN]
[0m16:40:48.586811 [debug] [Thread-1 (]: Acquiring new postgres connection 'test.self_healing_pipeline.not_null_daily_weather_summary_day.94fef7bf6b'
[0m16:40:48.585140 [info ] [Thread-2 (]: 2 of 6 START test not_null_daily_weather_summary_reading_count ................. [RUN]
[0m16:40:48.593955 [debug] [Thread-2 (]: Acquiring new postgres connection 'test.self_healing_pipeline.not_null_daily_weather_summary_reading_count.a3aae03769'
[0m16:40:48.594946 [debug] [Thread-2 (]: Began compiling node test.self_healing_pipeline.not_null_daily_weather_summary_reading_count.a3aae03769
[0m16:40:48.591454 [debug] [Thread-1 (]: Began compiling node test.self_healing_pipeline.not_null_daily_weather_summary_day.94fef7bf6b
[0m16:40:48.588655 [debug] [Thread-3 (]: Acquiring new postgres connection 'test.self_healing_pipeline.not_null_stg_weather_humidity_pct.2b05ac1847'
[0m16:40:48.592725 [debug] [Thread-4 (]: Acquiring new postgres connection 'test.self_healing_pipeline.not_null_stg_weather_temperature_c.3a7a09f65f'
[0m16:40:48.657712 [debug] [Thread-1 (]: Writing injected SQL for node "test.self_healing_pipeline.not_null_daily_weather_summary_day.94fef7bf6b"
[0m16:40:48.661423 [debug] [Thread-2 (]: Writing injected SQL for node "test.self_healing_pipeline.not_null_daily_weather_summary_reading_count.a3aae03769"
[0m16:40:48.662561 [debug] [Thread-3 (]: Began compiling node test.self_healing_pipeline.not_null_stg_weather_humidity_pct.2b05ac1847
[0m16:40:48.663958 [debug] [Thread-4 (]: Began compiling node test.self_healing_pipeline.not_null_stg_weather_temperature_c.3a7a09f65f
[0m16:40:48.681183 [debug] [Thread-4 (]: Writing injected SQL for node "test.self_healing_pipeline.not_null_stg_weather_temperature_c.3a7a09f65f"
[0m16:40:48.690087 [debug] [Thread-3 (]: Writing injected SQL for node "test.self_healing_pipeline.not_null_stg_weather_humidity_pct.2b05ac1847"
[0m16:40:48.691463 [debug] [Thread-2 (]: Began executing node test.self_healing_pipeline.not_null_daily_weather_summary_reading_count.a3aae03769
[0m16:40:48.692964 [debug] [Thread-1 (]: Began executing node test.self_healing_pipeline.not_null_daily_weather_summary_day.94fef7bf6b
[0m16:40:48.784346 [debug] [Thread-2 (]: Writing runtime sql for node "test.self_healing_pipeline.not_null_daily_weather_summary_reading_count.a3aae03769"
[0m16:40:48.785880 [debug] [Thread-1 (]: Writing runtime sql for node "test.self_healing_pipeline.not_null_daily_weather_summary_day.94fef7bf6b"
[0m16:40:48.787864 [debug] [Thread-3 (]: Began executing node test.self_healing_pipeline.not_null_stg_weather_humidity_pct.2b05ac1847
[0m16:40:48.789078 [debug] [Thread-4 (]: Began executing node test.self_healing_pipeline.not_null_stg_weather_temperature_c.3a7a09f65f
[0m16:40:48.794856 [debug] [Thread-1 (]: Using postgres connection "test.self_healing_pipeline.not_null_daily_weather_summary_day.94fef7bf6b"
[0m16:40:48.796070 [debug] [Thread-2 (]: Using postgres connection "test.self_healing_pipeline.not_null_daily_weather_summary_reading_count.a3aae03769"
[0m16:40:48.797554 [debug] [Thread-3 (]: Writing runtime sql for node "test.self_healing_pipeline.not_null_stg_weather_humidity_pct.2b05ac1847"
[0m16:40:48.802905 [debug] [Thread-4 (]: Writing runtime sql for node "test.self_healing_pipeline.not_null_stg_weather_temperature_c.3a7a09f65f"
[0m16:40:48.804019 [debug] [Thread-1 (]: On test.self_healing_pipeline.not_null_daily_weather_summary_day.94fef7bf6b: BEGIN
[0m16:40:48.805153 [debug] [Thread-2 (]: On test.self_healing_pipeline.not_null_daily_weather_summary_reading_count.a3aae03769: BEGIN
[0m16:40:48.806538 [debug] [Thread-1 (]: Opening a new connection, currently in state init
[0m16:40:48.807741 [debug] [Thread-2 (]: Opening a new connection, currently in state init
[0m16:40:48.809242 [debug] [Thread-3 (]: Using postgres connection "test.self_healing_pipeline.not_null_stg_weather_humidity_pct.2b05ac1847"
[0m16:40:48.810419 [debug] [Thread-4 (]: Using postgres connection "test.self_healing_pipeline.not_null_stg_weather_temperature_c.3a7a09f65f"
[0m16:40:48.812352 [debug] [Thread-3 (]: On test.self_healing_pipeline.not_null_stg_weather_humidity_pct.2b05ac1847: BEGIN
[0m16:40:48.813627 [debug] [Thread-4 (]: On test.self_healing_pipeline.not_null_stg_weather_temperature_c.3a7a09f65f: BEGIN
[0m16:40:48.815473 [debug] [Thread-3 (]: Opening a new connection, currently in state init
[0m16:40:48.816869 [debug] [Thread-4 (]: Opening a new connection, currently in state init
[0m16:40:48.871769 [debug] [Thread-1 (]: SQL status: BEGIN in 0.065 seconds
[0m16:40:48.872914 [debug] [Thread-2 (]: SQL status: BEGIN in 0.065 seconds
[0m16:40:48.874014 [debug] [Thread-1 (]: Using postgres connection "test.self_healing_pipeline.not_null_daily_weather_summary_day.94fef7bf6b"
[0m16:40:48.875282 [debug] [Thread-2 (]: Using postgres connection "test.self_healing_pipeline.not_null_daily_weather_summary_reading_count.a3aae03769"
[0m16:40:48.876554 [debug] [Thread-1 (]: On test.self_healing_pipeline.not_null_daily_weather_summary_day.94fef7bf6b: /* {"app": "dbt", "dbt_version": "1.8.2", "profile_name": "self_healing_pipeline", "target_name": "dev", "node_id": "test.self_healing_pipeline.not_null_daily_weather_summary_day.94fef7bf6b"} */
select
      count(*) as failures,
      count(*) != 0 as should_warn,
      count(*) != 0 as should_error
    from (
      
    
    



select day
from "shp"."public"."daily_weather_summary"
where day is null



      
    ) dbt_internal_test
[0m16:40:48.877834 [debug] [Thread-2 (]: On test.self_healing_pipeline.not_null_daily_weather_summary_reading_count.a3aae03769: /* {"app": "dbt", "dbt_version": "1.8.2", "profile_name": "self_healing_pipeline", "target_name": "dev", "node_id": "test.self_healing_pipeline.not_null_daily_weather_summary_reading_count.a3aae03769"} */
select
      count(*) as failures,
      count(*) != 0 as should_warn,
      count(*) != 0 as should_error
    from (
      
    
    



select reading_count
from "shp"."public"."daily_weather_summary"
where reading_count is null



      
    ) dbt_internal_test
[0m16:40:48.887578 [debug] [Thread-4 (]: SQL status: BEGIN in 0.071 seconds
[0m16:40:48.888915 [debug] [Thread-4 (]: Using postgres connection "test.self_healing_pipeline.not_null_stg_weather_temperature_c.3a7a09f65f"
[0m16:40:48.890672 [debug] [Thread-4 (]: On test.self_healing_pipeline.not_null_stg_weather_temperature_c.3a7a09f65f: /* {"app": "dbt", "dbt_version": "1.8.2", "profile_name": "self_healing_pipeline", "target_name": "dev", "node_id": "test.self_healing_pipeline.not_null_stg_weather_temperature_c.3a7a09f65f"} */
select
      count(*) as failures,
      count(*) != 0 as should_warn,
      count(*) != 0 as should_error
    from (
      
    
    



select temperature_c
from "shp"."public"."stg_weather"
where temperature_c is null



      
    ) dbt_internal_test
[0m16:40:48.892294 [debug] [Thread-1 (]: SQL status: SELECT 1 in 0.013 seconds
[0m16:40:48.893938 [debug] [Thread-2 (]: SQL status: SELECT 1 in 0.015 seconds
[0m16:40:48.907907 [debug] [Thread-1 (]: On test.self_healing_pipeline.not_null_daily_weather_summary_day.94fef7bf6b: ROLLBACK
[0m16:40:48.912585 [debug] [Thread-2 (]: On test.self_healing_pipeline.not_null_daily_weather_summary_reading_count.a3aae03769: ROLLBACK
[0m16:40:48.913774 [debug] [Thread-3 (]: SQL status: BEGIN in 0.098 seconds
[0m16:40:48.914995 [debug] [Thread-4 (]: Postgres adapter: Postgres error: invalid input syntax for type numeric: "not_a_number"

[0m16:40:48.916661 [debug] [Thread-3 (]: Using postgres connection "test.self_healing_pipeline.not_null_stg_weather_humidity_pct.2b05ac1847"
[0m16:40:48.918402 [debug] [Thread-4 (]: On test.self_healing_pipeline.not_null_stg_weather_temperature_c.3a7a09f65f: ROLLBACK
[0m16:40:48.919841 [debug] [Thread-1 (]: On test.self_healing_pipeline.not_null_daily_weather_summary_day.94fef7bf6b: Close
[0m16:40:48.921220 [debug] [Thread-2 (]: On test.self_healing_pipeline.not_null_daily_weather_summary_reading_count.a3aae03769: Close
[0m16:40:48.922823 [debug] [Thread-3 (]: On test.self_healing_pipeline.not_null_stg_weather_humidity_pct.2b05ac1847: /* {"app": "dbt", "dbt_version": "1.8.2", "profile_name": "self_healing_pipeline", "target_name": "dev", "node_id": "test.self_healing_pipeline.not_null_stg_weather_humidity_pct.2b05ac1847"} */
select
      count(*) as failures,
      count(*) != 0 as should_warn,
      count(*) != 0 as should_error
    from (
      
    
    



select humidity_pct
from "shp"."public"."stg_weather"
where humidity_pct is null



      
    ) dbt_internal_test
[0m16:40:48.925155 [info ] [Thread-1 (]: 1 of 6 PASS not_null_daily_weather_summary_day ................................. [[32mPASS[0m in 0.34s]
[0m16:40:48.933231 [debug] [Thread-1 (]: Finished running node test.self_healing_pipeline.not_null_daily_weather_summary_day.94fef7bf6b
[0m16:40:48.935058 [debug] [Thread-4 (]: On test.self_healing_pipeline.not_null_stg_weather_temperature_c.3a7a09f65f: Close
[0m16:40:48.936569 [debug] [Thread-1 (]: Began running node test.self_healing_pipeline.not_null_stg_weather_ts.4f82cf9d8b
[0m16:40:48.937791 [debug] [Thread-3 (]: SQL status: SELECT 1 in 0.012 seconds
[0m16:40:48.926747 [info ] [Thread-2 (]: 2 of 6 PASS not_null_daily_weather_summary_reading_count ....................... [[32mPASS[0m in 0.33s]
[0m16:40:48.939795 [info ] [Thread-1 (]: 5 of 6 START test not_null_stg_weather_ts ...................................... [RUN]
[0m16:40:48.948407 [debug] [Thread-3 (]: On test.self_healing_pipeline.not_null_stg_weather_humidity_pct.2b05ac1847: ROLLBACK
[0m16:40:48.950692 [debug] [Thread-2 (]: Finished running node test.self_healing_pipeline.not_null_daily_weather_summary_reading_count.a3aae03769
[0m16:40:48.952224 [debug] [Thread-1 (]: Re-using an available connection from the pool (formerly test.self_healing_pipeline.not_null_daily_weather_summary_day.94fef7bf6b, now test.self_healing_pipeline.not_null_stg_weather_ts.4f82cf9d8b)
[0m16:40:48.953842 [debug] [Thread-2 (]: Began running node test.self_healing_pipeline.unique_daily_weather_summary_day.3ac2b955ee
[0m16:40:48.955913 [debug] [Thread-1 (]: Began compiling node test.self_healing_pipeline.not_null_stg_weather_ts.4f82cf9d8b
[0m16:40:48.957495 [debug] [Thread-3 (]: On test.self_healing_pipeline.not_null_stg_weather_humidity_pct.2b05ac1847: Close
[0m16:40:48.970718 [debug] [Thread-1 (]: Writing injected SQL for node "test.self_healing_pipeline.not_null_stg_weather_ts.4f82cf9d8b"
[0m16:40:48.958908 [info ] [Thread-2 (]: 6 of 6 START test unique_daily_weather_summary_day ............................. [RUN]
[0m16:40:48.974130 [debug] [Thread-2 (]: Re-using an available connection from the pool (formerly test.self_healing_pipeline.not_null_daily_weather_summary_reading_count.a3aae03769, now test.self_healing_pipeline.unique_daily_weather_summary_day.3ac2b955ee)
[0m16:40:48.975641 [debug] [Thread-2 (]: Began compiling node test.self_healing_pipeline.unique_daily_weather_summary_day.3ac2b955ee
[0m16:40:48.977817 [debug] [Thread-1 (]: Began executing node test.self_healing_pipeline.not_null_stg_weather_ts.4f82cf9d8b
[0m16:40:48.972971 [info ] [Thread-3 (]: 3 of 6 PASS not_null_stg_weather_humidity_pct .................................. [[32mPASS[0m in 0.38s]
[0m16:40:49.003640 [debug] [Thread-1 (]: Writing runtime sql for node "test.self_healing_pipeline.not_null_stg_weather_ts.4f82cf9d8b"
[0m16:40:49.005466 [debug] [Thread-2 (]: Writing injected SQL for node "test.self_healing_pipeline.unique_daily_weather_summary_day.3ac2b955ee"
[0m16:40:49.007666 [debug] [Thread-3 (]: Finished running node test.self_healing_pipeline.not_null_stg_weather_humidity_pct.2b05ac1847
[0m16:40:49.011283 [debug] [Thread-2 (]: Began executing node test.self_healing_pipeline.unique_daily_weather_summary_day.3ac2b955ee
[0m16:40:49.017779 [debug] [Thread-2 (]: Writing runtime sql for node "test.self_healing_pipeline.unique_daily_weather_summary_day.3ac2b955ee"
[0m16:40:49.020129 [debug] [Thread-1 (]: Using postgres connection "test.self_healing_pipeline.not_null_stg_weather_ts.4f82cf9d8b"
[0m16:40:49.021459 [debug] [Thread-1 (]: On test.self_healing_pipeline.not_null_stg_weather_ts.4f82cf9d8b: BEGIN
[0m16:40:49.022928 [debug] [Thread-2 (]: Using postgres connection "test.self_healing_pipeline.unique_daily_weather_summary_day.3ac2b955ee"
[0m16:40:49.024184 [debug] [Thread-1 (]: Opening a new connection, currently in state closed
[0m16:40:49.025463 [debug] [Thread-2 (]: On test.self_healing_pipeline.unique_daily_weather_summary_day.3ac2b955ee: BEGIN
[0m16:40:49.027356 [debug] [Thread-2 (]: Opening a new connection, currently in state closed
[0m16:40:49.044612 [debug] [Thread-4 (]: Database Error in test not_null_stg_weather_temperature_c (models\staging\sources.yml)
  invalid input syntax for type numeric: "not_a_number"
  compiled code at target\run\self_healing_pipeline\models\staging\sources.yml\not_null_stg_weather_temperature_c.sql
[0m16:40:49.046305 [error] [Thread-4 (]: 4 of 6 ERROR not_null_stg_weather_temperature_c ................................ [[31mERROR[0m in 0.46s]
[0m16:40:49.049485 [debug] [Thread-4 (]: Finished running node test.self_healing_pipeline.not_null_stg_weather_temperature_c.3a7a09f65f
[0m16:40:49.076471 [debug] [Thread-1 (]: SQL status: BEGIN in 0.052 seconds
[0m16:40:49.077844 [debug] [Thread-1 (]: Using postgres connection "test.self_healing_pipeline.not_null_stg_weather_ts.4f82cf9d8b"
[0m16:40:49.079428 [debug] [Thread-1 (]: On test.self_healing_pipeline.not_null_stg_weather_ts.4f82cf9d8b: /* {"app": "dbt", "dbt_version": "1.8.2", "profile_name": "self_healing_pipeline", "target_name": "dev", "node_id": "test.self_healing_pipeline.not_null_stg_weather_ts.4f82cf9d8b"} */
select
      count(*) as failures,
      count(*) != 0 as should_warn,
      count(*) != 0 as should_error
    from (
      
    
    



select ts
from "shp"."public"."stg_weather"
where ts is null



      
    ) dbt_internal_test
[0m16:40:49.081847 [debug] [Thread-2 (]: SQL status: BEGIN in 0.055 seconds
[0m16:40:49.083170 [debug] [Thread-2 (]: Using postgres connection "test.self_healing_pipeline.unique_daily_weather_summary_day.3ac2b955ee"
[0m16:40:49.084603 [debug] [Thread-2 (]: On test.self_healing_pipeline.unique_daily_weather_summary_day.3ac2b955ee: /* {"app": "dbt", "dbt_version": "1.8.2", "profile_name": "self_healing_pipeline", "target_name": "dev", "node_id": "test.self_healing_pipeline.unique_daily_weather_summary_day.3ac2b955ee"} */
select
      count(*) as failures,
      count(*) != 0 as should_warn,
      count(*) != 0 as should_error
    from (
      
    
    

select
    day as unique_field,
    count(*) as n_records

from "shp"."public"."daily_weather_summary"
where day is not null
group by day
having count(*) > 1



      
    ) dbt_internal_test
[0m16:40:49.085886 [debug] [Thread-1 (]: SQL status: SELECT 1 in 0.005 seconds
[0m16:40:49.090758 [debug] [Thread-1 (]: On test.self_healing_pipeline.not_null_stg_weather_ts.4f82cf9d8b: ROLLBACK
[0m16:40:49.093852 [debug] [Thread-1 (]: On test.self_healing_pipeline.not_null_stg_weather_ts.4f82cf9d8b: Close
[0m16:40:49.097437 [debug] [Thread-2 (]: SQL status: SELECT 1 in 0.010 seconds
[0m16:40:49.096064 [info ] [Thread-1 (]: 5 of 6 PASS not_null_stg_weather_ts ............................................ [[32mPASS[0m in 0.14s]
[0m16:40:49.102293 [debug] [Thread-2 (]: On test.self_healing_pipeline.unique_daily_weather_summary_day.3ac2b955ee: ROLLBACK
[0m16:40:49.104419 [debug] [Thread-1 (]: Finished running node test.self_healing_pipeline.not_null_stg_weather_ts.4f82cf9d8b
[0m16:40:49.107502 [debug] [Thread-2 (]: On test.self_healing_pipeline.unique_daily_weather_summary_day.3ac2b955ee: Close
[0m16:40:49.109647 [info ] [Thread-2 (]: 6 of 6 PASS unique_daily_weather_summary_day ................................... [[32mPASS[0m in 0.14s]
[0m16:40:49.111836 [debug] [Thread-2 (]: Finished running node test.self_healing_pipeline.unique_daily_weather_summary_day.3ac2b955ee
[0m16:40:49.115218 [debug] [MainThread]: Using postgres connection "master"
[0m16:40:49.116409 [debug] [MainThread]: On master: BEGIN
[0m16:40:49.117574 [debug] [MainThread]: Opening a new connection, currently in state closed
[0m16:40:49.153997 [debug] [MainThread]: SQL status: BEGIN in 0.036 seconds
[0m16:40:49.155288 [debug] [MainThread]: On master: COMMIT
[0m16:40:49.156300 [debug] [MainThread]: Using postgres connection "master"
[0m16:40:49.157270 [debug] [MainThread]: On master: COMMIT
[0m16:40:49.159926 [debug] [MainThread]: SQL status: COMMIT in 0.002 seconds
[0m16:40:49.161049 [debug] [MainThread]: On master: Close
[0m16:40:49.162561 [debug] [MainThread]: Connection 'master' was properly closed.
[0m16:40:49.164145 [debug] [MainThread]: Connection 'list_shp_public' was properly closed.
[0m16:40:49.165604 [debug] [MainThread]: Connection 'test.self_healing_pipeline.not_null_stg_weather_ts.4f82cf9d8b' was properly closed.
[0m16:40:49.167239 [debug] [MainThread]: Connection 'test.self_healing_pipeline.not_null_stg_weather_humidity_pct.2b05ac1847' was properly closed.
[0m16:40:49.169445 [debug] [MainThread]: Connection 'test.self_healing_pipeline.not_null_stg_weather_temperature_c.3a7a09f65f' was properly closed.
[0m16:40:49.170558 [debug] [MainThread]: Connection 'test.self_healing_pipeline.unique_daily_weather_summary_day.3ac2b955ee' was properly closed.
[0m16:40:49.172504 [info ] [MainThread]: 
[0m16:40:49.182305 [info ] [MainThread]: Finished running 6 data tests in 0 hours 0 minutes and 1.28 seconds (1.28s).
[0m16:40:49.187617 [debug] [MainThread]: Command end result
[0m16:40:49.395746 [info ] [MainThread]: 
[0m16:40:49.408782 [info ] [MainThread]: [31mCompleted with 1 error and 0 warnings:[0m
[0m16:40:49.440641 [info ] [MainThread]: 
[0m16:40:49.452016 [error] [MainThread]:   Database Error in test not_null_stg_weather_temperature_c (models\staging\sources.yml)
  invalid input syntax for type numeric: "not_a_number"
  compiled code at target\run\self_healing_pipeline\models\staging\sources.yml\not_null_stg_weather_temperature_c.sql
[0m16:40:49.454635 [info ] [MainThread]: 
[0m16:40:49.459333 [info ] [MainThread]: Done. PASS=5 WARN=0 ERROR=1 SKIP=0 TOTAL=6
[0m16:40:49.462801 [debug] [MainThread]: Command `dbt test` failed at 16:40:49.462443 after 6.06 seconds
[0m16:40:49.463952 [debug] [MainThread]: Sending event: {'category': 'dbt', 'action': 'invocation', 'label': 'end', 'context': [<snowplow_tracker.self_describing_json.SelfDescribingJson object at 0x000001C2010FD190>, <snowplow_tracker.self_describing_json.SelfDescribingJson object at 0x000001C2028C6570>, <snowplow_tracker.self_describing_json.SelfDescribingJson object at 0x000001C2028C52E0>]}
[0m16:40:49.465293 [debug] [MainThread]: Flushing usage events
[0m16:48:40.156350 [debug] [MainThread]: Sending event: {'category': 'dbt', 'action': 'invocation', 'label': 'start', 'context': [<snowplow_tracker.self_describing_json.SelfDescribingJson object at 0x0000023D693EFB60>, <snowplow_tracker.self_describing_json.SelfDescribingJson object at 0x0000023D68FF5E50>, <snowplow_tracker.self_describing_json.SelfDescribingJson object at 0x0000023D681CD310>]}


============================== 16:48:40.168057 | bb565778-76f5-4d50-83a7-f4fa53da1e03 ==============================
[0m16:48:40.168057 [info ] [MainThread]: Running with dbt=1.8.2
[0m16:48:40.174543 [debug] [MainThread]: running dbt with arguments {'printer_width': '80', 'indirect_selection': 'eager', 'write_json': 'True', 'log_cache_events': 'False', 'partial_parse': 'True', 'cache_selected_only': 'False', 'warn_error': 'None', 'version_check': 'True', 'debug': 'False', 'log_path': 'C:\\Users\\Qc\\Desktop\\self-healing-pipeline\\transform\\dbt_project\\logs', 'fail_fast': 'False', 'profiles_dir': 'C:\\Users\\Qc\\Desktop\\self-healing-pipeline\\transform\\dbt_project', 'use_colors': 'True', 'use_experimental_parser': 'False', 'no_print': 'None', 'quiet': 'False', 'log_format': 'default', 'introspect': 'True', 'warn_error_options': 'WarnErrorOptions(include=[], exclude=[])', 'invocation_command': 'dbt run', 'target_path': 'None', 'static_parser': 'True', 'send_anonymous_usage_stats': 'True'}
[0m16:48:41.009648 [debug] [MainThread]: Sending event: {'category': 'dbt', 'action': 'project_id', 'label': 'bb565778-76f5-4d50-83a7-f4fa53da1e03', 'context': [<snowplow_tracker.self_describing_json.SelfDescribingJson object at 0x0000023D6C36F360>]}
[0m16:48:41.220455 [debug] [MainThread]: Sending event: {'category': 'dbt', 'action': 'adapter_info', 'label': 'bb565778-76f5-4d50-83a7-f4fa53da1e03', 'context': [<snowplow_tracker.self_describing_json.SelfDescribingJson object at 0x0000023D6BF947C0>]}
[0m16:48:41.223555 [info ] [MainThread]: Registered adapter: postgres=1.8.2
[0m16:48:41.888072 [debug] [MainThread]: checksum: f0a141b9de567cb7f131613ba2682f40b3a1c6a157f81c6e5435862eff68f109, vars: {}, profile: , target: , version: 1.8.2
[0m16:48:42.525190 [debug] [MainThread]: Partial parsing enabled: 0 files deleted, 0 files added, 1 files changed.
[0m16:48:42.526740 [debug] [MainThread]: Partial parsing: updated file: self_healing_pipeline://models\staging\stg_weather.sql
[0m16:48:43.295156 [warn ] [MainThread]: [[33mWARNING[0m]: Deprecated functionality
The `tests` config has been renamed to `data_tests`. Please see
https://docs.getdbt.com/docs/build/data-tests#new-data_tests-syntax for more
information.
[0m16:48:43.296402 [debug] [MainThread]: Sending event: {'category': 'dbt', 'action': 'deprecation', 'label': 'bb565778-76f5-4d50-83a7-f4fa53da1e03', 'property_': 'warn', 'context': [<snowplow_tracker.self_describing_json.SelfDescribingJson object at 0x0000023D6C0BEE50>]}
[0m16:48:44.118774 [debug] [MainThread]: Sending event: {'category': 'dbt', 'action': 'load_project', 'label': 'bb565778-76f5-4d50-83a7-f4fa53da1e03', 'context': [<snowplow_tracker.self_describing_json.SelfDescribingJson object at 0x0000023D6D9C8B90>]}
[0m16:48:44.465899 [debug] [MainThread]: Sending event: {'category': 'dbt', 'action': 'resource_counts', 'label': 'bb565778-76f5-4d50-83a7-f4fa53da1e03', 'context': [<snowplow_tracker.self_describing_json.SelfDescribingJson object at 0x0000023D6DA26A50>]}
[0m16:48:44.467046 [info ] [MainThread]: Found 2 models, 6 data tests, 1 source, 428 macros
[0m16:48:44.468639 [debug] [MainThread]: Sending event: {'category': 'dbt', 'action': 'runnable_timing', 'label': 'bb565778-76f5-4d50-83a7-f4fa53da1e03', 'context': [<snowplow_tracker.self_describing_json.SelfDescribingJson object at 0x0000023D6DAD64E0>]}
[0m16:48:44.474449 [info ] [MainThread]: 
[0m16:48:44.476926 [debug] [MainThread]: Acquiring new postgres connection 'master'
[0m16:48:44.488629 [debug] [ThreadPool]: Acquiring new postgres connection 'list_shp'
[0m16:48:44.676715 [debug] [ThreadPool]: Using postgres connection "list_shp"
[0m16:48:44.677943 [debug] [ThreadPool]: On list_shp: /* {"app": "dbt", "dbt_version": "1.8.2", "profile_name": "self_healing_pipeline", "target_name": "dev", "connection_name": "list_shp"} */

    select distinct nspname from pg_namespace
  
[0m16:48:44.678872 [debug] [ThreadPool]: Opening a new connection, currently in state init
[0m16:48:44.792460 [debug] [ThreadPool]: SQL status: SELECT 4 in 0.113 seconds
[0m16:48:44.796575 [debug] [ThreadPool]: On list_shp: Close
[0m16:48:44.804209 [debug] [ThreadPool]: Acquiring new postgres connection 'list_shp_public'
[0m16:48:44.831034 [debug] [ThreadPool]: Using postgres connection "list_shp_public"
[0m16:48:44.832177 [debug] [ThreadPool]: On list_shp_public: BEGIN
[0m16:48:44.833220 [debug] [ThreadPool]: Opening a new connection, currently in state init
[0m16:48:44.884541 [debug] [ThreadPool]: SQL status: BEGIN in 0.051 seconds
[0m16:48:44.885874 [debug] [ThreadPool]: Using postgres connection "list_shp_public"
[0m16:48:44.886975 [debug] [ThreadPool]: On list_shp_public: /* {"app": "dbt", "dbt_version": "1.8.2", "profile_name": "self_healing_pipeline", "target_name": "dev", "connection_name": "list_shp_public"} */
select
      'shp' as database,
      tablename as name,
      schemaname as schema,
      'table' as type
    from pg_tables
    where schemaname ilike 'public'
    union all
    select
      'shp' as database,
      viewname as name,
      schemaname as schema,
      'view' as type
    from pg_views
    where schemaname ilike 'public'
    union all
    select
      'shp' as database,
      matviewname as name,
      schemaname as schema,
      'materialized_view' as type
    from pg_matviews
    where schemaname ilike 'public'
  
[0m16:48:44.908179 [debug] [ThreadPool]: SQL status: SELECT 4 in 0.020 seconds
[0m16:48:44.912657 [debug] [ThreadPool]: On list_shp_public: ROLLBACK
[0m16:48:44.915193 [debug] [ThreadPool]: On list_shp_public: Close
[0m16:48:44.928248 [debug] [MainThread]: Using postgres connection "master"
[0m16:48:44.929035 [debug] [MainThread]: On master: BEGIN
[0m16:48:44.929737 [debug] [MainThread]: Opening a new connection, currently in state init
[0m16:48:45.002610 [debug] [MainThread]: SQL status: BEGIN in 0.073 seconds
[0m16:48:45.003624 [debug] [MainThread]: Using postgres connection "master"
[0m16:48:45.004878 [debug] [MainThread]: On master: /* {"app": "dbt", "dbt_version": "1.8.2", "profile_name": "self_healing_pipeline", "target_name": "dev", "connection_name": "master"} */
with relation as (
        select
            pg_rewrite.ev_class as class,
            pg_rewrite.oid as id
        from pg_rewrite
    ),
    class as (
        select
            oid as id,
            relname as name,
            relnamespace as schema,
            relkind as kind
        from pg_class
    ),
    dependency as (
        select distinct
            pg_depend.objid as id,
            pg_depend.refobjid as ref
        from pg_depend
    ),
    schema as (
        select
            pg_namespace.oid as id,
            pg_namespace.nspname as name
        from pg_namespace
        where nspname != 'information_schema' and nspname not like 'pg\_%'
    ),
    referenced as (
        select
            relation.id AS id,
            referenced_class.name ,
            referenced_class.schema ,
            referenced_class.kind
        from relation
        join class as referenced_class on relation.class=referenced_class.id
        where referenced_class.kind in ('r', 'v', 'm')
    ),
    relationships as (
        select
            referenced.name as referenced_name,
            referenced.schema as referenced_schema_id,
            dependent_class.name as dependent_name,
            dependent_class.schema as dependent_schema_id,
            referenced.kind as kind
        from referenced
        join dependency on referenced.id=dependency.id
        join class as dependent_class on dependency.ref=dependent_class.id
        where
            (referenced.name != dependent_class.name or
             referenced.schema != dependent_class.schema)
    )

    select
        referenced_schema.name as referenced_schema,
        relationships.referenced_name as referenced_name,
        dependent_schema.name as dependent_schema,
        relationships.dependent_name as dependent_name
    from relationships
    join schema as dependent_schema on relationships.dependent_schema_id=dependent_schema.id
    join schema as referenced_schema on relationships.referenced_schema_id=referenced_schema.id
    group by referenced_schema, referenced_name, dependent_schema, dependent_name
    order by referenced_schema, referenced_name, dependent_schema, dependent_name;
[0m16:48:45.035400 [debug] [MainThread]: SQL status: SELECT 1 in 0.029 seconds
[0m16:48:45.039364 [debug] [MainThread]: Sending event: {'category': 'dbt', 'action': 'runnable_timing', 'label': 'bb565778-76f5-4d50-83a7-f4fa53da1e03', 'context': [<snowplow_tracker.self_describing_json.SelfDescribingJson object at 0x0000023D6D7B5190>]}
[0m16:48:45.040522 [debug] [MainThread]: On master: ROLLBACK
[0m16:48:45.049129 [debug] [MainThread]: Using postgres connection "master"
[0m16:48:45.050199 [debug] [MainThread]: On master: BEGIN
[0m16:48:45.058225 [debug] [MainThread]: SQL status: BEGIN in 0.007 seconds
[0m16:48:45.059112 [debug] [MainThread]: On master: COMMIT
[0m16:48:45.060342 [debug] [MainThread]: Using postgres connection "master"
[0m16:48:45.061431 [debug] [MainThread]: On master: COMMIT
[0m16:48:45.064120 [debug] [MainThread]: SQL status: COMMIT in 0.002 seconds
[0m16:48:45.065248 [debug] [MainThread]: On master: Close
[0m16:48:45.066552 [info ] [MainThread]: Concurrency: 4 threads (target='dev')
[0m16:48:45.073889 [info ] [MainThread]: 
[0m16:48:45.091213 [debug] [Thread-1 (]: Began running node model.self_healing_pipeline.stg_weather
[0m16:48:45.092716 [info ] [Thread-1 (]: 1 of 2 START sql view model public.stg_weather ................................. [RUN]
[0m16:48:45.217915 [debug] [Thread-1 (]: Acquiring new postgres connection 'model.self_healing_pipeline.stg_weather'
[0m16:48:45.218982 [debug] [Thread-1 (]: Began compiling node model.self_healing_pipeline.stg_weather
[0m16:48:45.236036 [debug] [Thread-1 (]: Writing injected SQL for node "model.self_healing_pipeline.stg_weather"
[0m16:48:45.238372 [debug] [Thread-1 (]: Began executing node model.self_healing_pipeline.stg_weather
[0m16:48:45.340462 [debug] [Thread-1 (]: Writing runtime sql for node "model.self_healing_pipeline.stg_weather"
[0m16:48:45.342480 [debug] [Thread-1 (]: Using postgres connection "model.self_healing_pipeline.stg_weather"
[0m16:48:45.344037 [debug] [Thread-1 (]: On model.self_healing_pipeline.stg_weather: BEGIN
[0m16:48:45.345416 [debug] [Thread-1 (]: Opening a new connection, currently in state init
[0m16:48:45.383720 [debug] [Thread-1 (]: SQL status: BEGIN in 0.038 seconds
[0m16:48:45.385026 [debug] [Thread-1 (]: Using postgres connection "model.self_healing_pipeline.stg_weather"
[0m16:48:45.386588 [debug] [Thread-1 (]: On model.self_healing_pipeline.stg_weather: /* {"app": "dbt", "dbt_version": "1.8.2", "profile_name": "self_healing_pipeline", "target_name": "dev", "node_id": "model.self_healing_pipeline.stg_weather"} */

  create view "shp"."public"."stg_weather__dbt_tmp"
    
    
  as (
    select
    ts::timestamp as ts,
    case
        when temperature_c ~ '^-?\d+(\.\d+)?$' then temperature_c::numeric
        else null
    end as temperature_c,
    humidity_pct::numeric      as humidity_pct,
    precipitation_mm::numeric  as precipitation_mm,
    loaded_at
from "shp"."public"."raw_weather"
where ts is not null
  );
[0m16:48:45.418027 [debug] [Thread-1 (]: SQL status: CREATE VIEW in 0.030 seconds
[0m16:48:45.434524 [debug] [Thread-1 (]: Using postgres connection "model.self_healing_pipeline.stg_weather"
[0m16:48:45.435151 [debug] [Thread-1 (]: On model.self_healing_pipeline.stg_weather: /* {"app": "dbt", "dbt_version": "1.8.2", "profile_name": "self_healing_pipeline", "target_name": "dev", "node_id": "model.self_healing_pipeline.stg_weather"} */
alter table "shp"."public"."stg_weather" rename to "stg_weather__dbt_backup"
[0m16:48:45.440081 [debug] [Thread-1 (]: SQL status: ALTER TABLE in 0.004 seconds
[0m16:48:45.450602 [debug] [Thread-1 (]: Using postgres connection "model.self_healing_pipeline.stg_weather"
[0m16:48:45.451835 [debug] [Thread-1 (]: On model.self_healing_pipeline.stg_weather: /* {"app": "dbt", "dbt_version": "1.8.2", "profile_name": "self_healing_pipeline", "target_name": "dev", "node_id": "model.self_healing_pipeline.stg_weather"} */
alter table "shp"."public"."stg_weather__dbt_tmp" rename to "stg_weather"
[0m16:48:45.456103 [debug] [Thread-1 (]: SQL status: ALTER TABLE in 0.003 seconds
[0m16:48:45.515840 [debug] [Thread-1 (]: On model.self_healing_pipeline.stg_weather: COMMIT
[0m16:48:45.517021 [debug] [Thread-1 (]: Using postgres connection "model.self_healing_pipeline.stg_weather"
[0m16:48:45.518097 [debug] [Thread-1 (]: On model.self_healing_pipeline.stg_weather: COMMIT
[0m16:48:45.533309 [debug] [Thread-1 (]: SQL status: COMMIT in 0.014 seconds
[0m16:48:45.550839 [debug] [Thread-1 (]: Applying DROP to: "shp"."public"."stg_weather__dbt_backup"
[0m16:48:45.566474 [debug] [Thread-1 (]: Using postgres connection "model.self_healing_pipeline.stg_weather"
[0m16:48:45.567715 [debug] [Thread-1 (]: On model.self_healing_pipeline.stg_weather: /* {"app": "dbt", "dbt_version": "1.8.2", "profile_name": "self_healing_pipeline", "target_name": "dev", "node_id": "model.self_healing_pipeline.stg_weather"} */
drop view if exists "shp"."public"."stg_weather__dbt_backup" cascade
[0m16:48:45.582485 [debug] [Thread-1 (]: SQL status: DROP VIEW in 0.013 seconds
[0m16:48:45.588918 [debug] [Thread-1 (]: On model.self_healing_pipeline.stg_weather: Close
[0m16:48:45.593940 [debug] [Thread-1 (]: Sending event: {'category': 'dbt', 'action': 'run_model', 'label': 'bb565778-76f5-4d50-83a7-f4fa53da1e03', 'context': [<snowplow_tracker.self_describing_json.SelfDescribingJson object at 0x0000023D6DDBCCB0>]}
[0m16:48:45.597310 [info ] [Thread-1 (]: 1 of 2 OK created sql view model public.stg_weather ............................ [[32mCREATE VIEW[0m in 0.50s]
[0m16:48:45.600034 [debug] [Thread-1 (]: Finished running node model.self_healing_pipeline.stg_weather
[0m16:48:45.602101 [debug] [Thread-2 (]: Began running node model.self_healing_pipeline.daily_weather_summary
[0m16:48:45.603968 [info ] [Thread-2 (]: 2 of 2 START sql table model public.daily_weather_summary ...................... [RUN]
[0m16:48:45.606738 [debug] [Thread-2 (]: Acquiring new postgres connection 'model.self_healing_pipeline.daily_weather_summary'
[0m16:48:45.608091 [debug] [Thread-2 (]: Began compiling node model.self_healing_pipeline.daily_weather_summary
[0m16:48:45.619982 [debug] [Thread-2 (]: Writing injected SQL for node "model.self_healing_pipeline.daily_weather_summary"
[0m16:48:45.622916 [debug] [Thread-2 (]: Began executing node model.self_healing_pipeline.daily_weather_summary
[0m16:48:45.692001 [debug] [Thread-2 (]: Writing runtime sql for node "model.self_healing_pipeline.daily_weather_summary"
[0m16:48:45.695100 [debug] [Thread-2 (]: Using postgres connection "model.self_healing_pipeline.daily_weather_summary"
[0m16:48:45.696121 [debug] [Thread-2 (]: On model.self_healing_pipeline.daily_weather_summary: BEGIN
[0m16:48:45.697031 [debug] [Thread-2 (]: Opening a new connection, currently in state init
[0m16:48:45.733810 [debug] [Thread-2 (]: SQL status: BEGIN in 0.036 seconds
[0m16:48:45.734584 [debug] [Thread-2 (]: Using postgres connection "model.self_healing_pipeline.daily_weather_summary"
[0m16:48:45.735404 [debug] [Thread-2 (]: On model.self_healing_pipeline.daily_weather_summary: /* {"app": "dbt", "dbt_version": "1.8.2", "profile_name": "self_healing_pipeline", "target_name": "dev", "node_id": "model.self_healing_pipeline.daily_weather_summary"} */

  
    

  create  table "shp"."public"."daily_weather_summary__dbt_tmp"
  
  
    as
  
  (
    select
    date_trunc('day', ts)              as day,
    avg(temperature_c)                 as avg_temp_c,
    min(temperature_c)                 as min_temp_c,
    max(temperature_c)                 as max_temp_c,
    avg(humidity_pct)                  as avg_humidity_pct,
    sum(precipitation_mm)              as total_precipitation_mm,
    count(*)                           as reading_count
from "shp"."public"."stg_weather"
group by 1
  );
  
[0m16:48:45.770704 [debug] [Thread-2 (]: SQL status: SELECT 7 in 0.034 seconds
[0m16:48:45.780483 [debug] [Thread-2 (]: Using postgres connection "model.self_healing_pipeline.daily_weather_summary"
[0m16:48:45.781745 [debug] [Thread-2 (]: On model.self_healing_pipeline.daily_weather_summary: /* {"app": "dbt", "dbt_version": "1.8.2", "profile_name": "self_healing_pipeline", "target_name": "dev", "node_id": "model.self_healing_pipeline.daily_weather_summary"} */
alter table "shp"."public"."daily_weather_summary" rename to "daily_weather_summary__dbt_backup"
[0m16:48:45.785871 [debug] [Thread-2 (]: SQL status: ALTER TABLE in 0.003 seconds
[0m16:48:45.795091 [debug] [Thread-2 (]: Using postgres connection "model.self_healing_pipeline.daily_weather_summary"
[0m16:48:45.796418 [debug] [Thread-2 (]: On model.self_healing_pipeline.daily_weather_summary: /* {"app": "dbt", "dbt_version": "1.8.2", "profile_name": "self_healing_pipeline", "target_name": "dev", "node_id": "model.self_healing_pipeline.daily_weather_summary"} */
alter table "shp"."public"."daily_weather_summary__dbt_tmp" rename to "daily_weather_summary"
[0m16:48:45.800058 [debug] [Thread-2 (]: SQL status: ALTER TABLE in 0.002 seconds
[0m16:48:45.815771 [debug] [Thread-2 (]: On model.self_healing_pipeline.daily_weather_summary: COMMIT
[0m16:48:45.816950 [debug] [Thread-2 (]: Using postgres connection "model.self_healing_pipeline.daily_weather_summary"
[0m16:48:45.818110 [debug] [Thread-2 (]: On model.self_healing_pipeline.daily_weather_summary: COMMIT
[0m16:48:45.822680 [debug] [Thread-2 (]: SQL status: COMMIT in 0.003 seconds
[0m16:48:45.829516 [debug] [Thread-2 (]: Applying DROP to: "shp"."public"."daily_weather_summary__dbt_backup"
[0m16:48:45.838784 [debug] [Thread-2 (]: Using postgres connection "model.self_healing_pipeline.daily_weather_summary"
[0m16:48:45.840128 [debug] [Thread-2 (]: On model.self_healing_pipeline.daily_weather_summary: /* {"app": "dbt", "dbt_version": "1.8.2", "profile_name": "self_healing_pipeline", "target_name": "dev", "node_id": "model.self_healing_pipeline.daily_weather_summary"} */
drop table if exists "shp"."public"."daily_weather_summary__dbt_backup" cascade
[0m16:48:45.861636 [debug] [Thread-2 (]: SQL status: DROP TABLE in 0.020 seconds
[0m16:48:45.865720 [debug] [Thread-2 (]: On model.self_healing_pipeline.daily_weather_summary: Close
[0m16:48:45.867453 [debug] [Thread-2 (]: Sending event: {'category': 'dbt', 'action': 'run_model', 'label': 'bb565778-76f5-4d50-83a7-f4fa53da1e03', 'context': [<snowplow_tracker.self_describing_json.SelfDescribingJson object at 0x0000023D6D8DD450>]}
[0m16:48:45.870368 [info ] [Thread-2 (]: 2 of 2 OK created sql table model public.daily_weather_summary ................. [[32mSELECT 7[0m in 0.26s]
[0m16:48:45.874421 [debug] [Thread-2 (]: Finished running node model.self_healing_pipeline.daily_weather_summary
[0m16:48:45.877638 [debug] [MainThread]: Using postgres connection "master"
[0m16:48:45.878698 [debug] [MainThread]: On master: BEGIN
[0m16:48:45.879629 [debug] [MainThread]: Opening a new connection, currently in state closed
[0m16:48:45.917467 [debug] [MainThread]: SQL status: BEGIN in 0.038 seconds
[0m16:48:45.918600 [debug] [MainThread]: On master: COMMIT
[0m16:48:45.919589 [debug] [MainThread]: Using postgres connection "master"
[0m16:48:45.920569 [debug] [MainThread]: On master: COMMIT
[0m16:48:45.923146 [debug] [MainThread]: SQL status: COMMIT in 0.001 seconds
[0m16:48:45.924190 [debug] [MainThread]: On master: Close
[0m16:48:45.926752 [debug] [MainThread]: Connection 'master' was properly closed.
[0m16:48:45.927962 [debug] [MainThread]: Connection 'list_shp' was properly closed.
[0m16:48:45.929225 [debug] [MainThread]: Connection 'list_shp_public' was properly closed.
[0m16:48:45.930871 [debug] [MainThread]: Connection 'model.self_healing_pipeline.stg_weather' was properly closed.
[0m16:48:45.932069 [debug] [MainThread]: Connection 'model.self_healing_pipeline.daily_weather_summary' was properly closed.
[0m16:48:45.933204 [info ] [MainThread]: 
[0m16:48:45.934631 [info ] [MainThread]: Finished running 1 view model, 1 table model in 0 hours 0 minutes and 1.46 seconds (1.46s).
[0m16:48:45.937612 [debug] [MainThread]: Command end result
[0m16:48:46.499164 [info ] [MainThread]: 
[0m16:48:46.504513 [info ] [MainThread]: [32mCompleted successfully[0m
[0m16:48:46.522751 [info ] [MainThread]: 
[0m16:48:46.530339 [info ] [MainThread]: Done. PASS=2 WARN=0 ERROR=0 SKIP=0 TOTAL=2
[0m16:48:46.538378 [debug] [MainThread]: Command `dbt run` succeeded at 16:48:46.537902 after 7.33 seconds
[0m16:48:46.541349 [debug] [MainThread]: Sending event: {'category': 'dbt', 'action': 'invocation', 'label': 'end', 'context': [<snowplow_tracker.self_describing_json.SelfDescribingJson object at 0x0000023D6DA19DD0>, <snowplow_tracker.self_describing_json.SelfDescribingJson object at 0x0000023D6DB3E750>, <snowplow_tracker.self_describing_json.SelfDescribingJson object at 0x0000023D6C071080>]}
[0m16:48:46.548179 [debug] [MainThread]: Flushing usage events
[0m16:49:08.179600 [debug] [MainThread]: Sending event: {'category': 'dbt', 'action': 'invocation', 'label': 'start', 'context': [<snowplow_tracker.self_describing_json.SelfDescribingJson object at 0x000002250DE9FB60>, <snowplow_tracker.self_describing_json.SelfDescribingJson object at 0x000002250DAA5E50>, <snowplow_tracker.self_describing_json.SelfDescribingJson object at 0x000002250CC7D310>]}


============================== 16:49:08.190708 | 9f1c3171-74d8-44cb-8d76-1886f888b2b0 ==============================
[0m16:49:08.190708 [info ] [MainThread]: Running with dbt=1.8.2
[0m16:49:08.192735 [debug] [MainThread]: running dbt with arguments {'printer_width': '80', 'indirect_selection': 'eager', 'write_json': 'True', 'log_cache_events': 'False', 'partial_parse': 'True', 'cache_selected_only': 'False', 'profiles_dir': 'C:\\Users\\Qc\\Desktop\\self-healing-pipeline\\transform\\dbt_project', 'debug': 'False', 'fail_fast': 'False', 'log_path': 'C:\\Users\\Qc\\Desktop\\self-healing-pipeline\\transform\\dbt_project\\logs', 'version_check': 'True', 'warn_error': 'None', 'use_colors': 'True', 'use_experimental_parser': 'False', 'no_print': 'None', 'quiet': 'False', 'warn_error_options': 'WarnErrorOptions(include=[], exclude=[])', 'introspect': 'True', 'static_parser': 'True', 'log_format': 'default', 'target_path': 'None', 'invocation_command': 'dbt test', 'send_anonymous_usage_stats': 'True'}
[0m16:49:09.055375 [debug] [MainThread]: Sending event: {'category': 'dbt', 'action': 'project_id', 'label': '9f1c3171-74d8-44cb-8d76-1886f888b2b0', 'context': [<snowplow_tracker.self_describing_json.SelfDescribingJson object at 0x0000022510C5F360>]}
[0m16:49:09.257417 [debug] [MainThread]: Sending event: {'category': 'dbt', 'action': 'adapter_info', 'label': '9f1c3171-74d8-44cb-8d76-1886f888b2b0', 'context': [<snowplow_tracker.self_describing_json.SelfDescribingJson object at 0x0000022510A447C0>]}
[0m16:49:09.260963 [info ] [MainThread]: Registered adapter: postgres=1.8.2
[0m16:49:10.238669 [debug] [MainThread]: checksum: f0a141b9de567cb7f131613ba2682f40b3a1c6a157f81c6e5435862eff68f109, vars: {}, profile: , target: , version: 1.8.2
[0m16:49:11.155643 [debug] [MainThread]: Partial parsing enabled: 0 files deleted, 0 files added, 0 files changed.
[0m16:49:11.156640 [debug] [MainThread]: Partial parsing enabled, no changes found, skipping parsing
[0m16:49:11.323792 [debug] [MainThread]: Sending event: {'category': 'dbt', 'action': 'load_project', 'label': '9f1c3171-74d8-44cb-8d76-1886f888b2b0', 'context': [<snowplow_tracker.self_describing_json.SelfDescribingJson object at 0x0000022512108550>]}
[0m16:49:11.750226 [debug] [MainThread]: Sending event: {'category': 'dbt', 'action': 'resource_counts', 'label': '9f1c3171-74d8-44cb-8d76-1886f888b2b0', 'context': [<snowplow_tracker.self_describing_json.SelfDescribingJson object at 0x00000225121F1400>]}
[0m16:49:11.751583 [info ] [MainThread]: Found 2 models, 6 data tests, 1 source, 428 macros
[0m16:49:11.752777 [debug] [MainThread]: Sending event: {'category': 'dbt', 'action': 'runnable_timing', 'label': '9f1c3171-74d8-44cb-8d76-1886f888b2b0', 'context': [<snowplow_tracker.self_describing_json.SelfDescribingJson object at 0x0000022512212510>]}
[0m16:49:11.757712 [info ] [MainThread]: 
[0m16:49:11.759789 [debug] [MainThread]: Acquiring new postgres connection 'master'
[0m16:49:11.774408 [debug] [ThreadPool]: Acquiring new postgres connection 'list_shp_public'
[0m16:49:11.980108 [debug] [ThreadPool]: Using postgres connection "list_shp_public"
[0m16:49:11.981004 [debug] [ThreadPool]: On list_shp_public: BEGIN
[0m16:49:11.981853 [debug] [ThreadPool]: Opening a new connection, currently in state init
[0m16:49:12.026916 [debug] [ThreadPool]: SQL status: BEGIN in 0.045 seconds
[0m16:49:12.027900 [debug] [ThreadPool]: Using postgres connection "list_shp_public"
[0m16:49:12.028770 [debug] [ThreadPool]: On list_shp_public: /* {"app": "dbt", "dbt_version": "1.8.2", "profile_name": "self_healing_pipeline", "target_name": "dev", "connection_name": "list_shp_public"} */
select
      'shp' as database,
      tablename as name,
      schemaname as schema,
      'table' as type
    from pg_tables
    where schemaname ilike 'public'
    union all
    select
      'shp' as database,
      viewname as name,
      schemaname as schema,
      'view' as type
    from pg_views
    where schemaname ilike 'public'
    union all
    select
      'shp' as database,
      matviewname as name,
      schemaname as schema,
      'materialized_view' as type
    from pg_matviews
    where schemaname ilike 'public'
  
[0m16:49:12.041542 [debug] [ThreadPool]: SQL status: SELECT 4 in 0.012 seconds
[0m16:49:12.045665 [debug] [ThreadPool]: On list_shp_public: ROLLBACK
[0m16:49:12.049559 [debug] [ThreadPool]: On list_shp_public: Close
[0m16:49:12.067421 [debug] [MainThread]: Using postgres connection "master"
[0m16:49:12.068671 [debug] [MainThread]: On master: BEGIN
[0m16:49:12.070190 [debug] [MainThread]: Opening a new connection, currently in state init
[0m16:49:12.205412 [debug] [MainThread]: SQL status: BEGIN in 0.135 seconds
[0m16:49:12.206606 [debug] [MainThread]: Using postgres connection "master"
[0m16:49:12.207977 [debug] [MainThread]: On master: /* {"app": "dbt", "dbt_version": "1.8.2", "profile_name": "self_healing_pipeline", "target_name": "dev", "connection_name": "master"} */
with relation as (
        select
            pg_rewrite.ev_class as class,
            pg_rewrite.oid as id
        from pg_rewrite
    ),
    class as (
        select
            oid as id,
            relname as name,
            relnamespace as schema,
            relkind as kind
        from pg_class
    ),
    dependency as (
        select distinct
            pg_depend.objid as id,
            pg_depend.refobjid as ref
        from pg_depend
    ),
    schema as (
        select
            pg_namespace.oid as id,
            pg_namespace.nspname as name
        from pg_namespace
        where nspname != 'information_schema' and nspname not like 'pg\_%'
    ),
    referenced as (
        select
            relation.id AS id,
            referenced_class.name ,
            referenced_class.schema ,
            referenced_class.kind
        from relation
        join class as referenced_class on relation.class=referenced_class.id
        where referenced_class.kind in ('r', 'v', 'm')
    ),
    relationships as (
        select
            referenced.name as referenced_name,
            referenced.schema as referenced_schema_id,
            dependent_class.name as dependent_name,
            dependent_class.schema as dependent_schema_id,
            referenced.kind as kind
        from referenced
        join dependency on referenced.id=dependency.id
        join class as dependent_class on dependency.ref=dependent_class.id
        where
            (referenced.name != dependent_class.name or
             referenced.schema != dependent_class.schema)
    )

    select
        referenced_schema.name as referenced_schema,
        relationships.referenced_name as referenced_name,
        dependent_schema.name as dependent_schema,
        relationships.dependent_name as dependent_name
    from relationships
    join schema as dependent_schema on relationships.dependent_schema_id=dependent_schema.id
    join schema as referenced_schema on relationships.referenced_schema_id=referenced_schema.id
    group by referenced_schema, referenced_name, dependent_schema, dependent_name
    order by referenced_schema, referenced_name, dependent_schema, dependent_name;
[0m16:49:12.237339 [debug] [MainThread]: SQL status: SELECT 1 in 0.028 seconds
[0m16:49:12.241673 [debug] [MainThread]: Sending event: {'category': 'dbt', 'action': 'runnable_timing', 'label': '9f1c3171-74d8-44cb-8d76-1886f888b2b0', 'context': [<snowplow_tracker.self_describing_json.SelfDescribingJson object at 0x0000022512429980>]}
[0m16:49:12.242949 [debug] [MainThread]: On master: ROLLBACK
[0m16:49:12.248213 [debug] [MainThread]: Using postgres connection "master"
[0m16:49:12.249313 [debug] [MainThread]: On master: BEGIN
[0m16:49:12.260608 [debug] [MainThread]: SQL status: BEGIN in 0.010 seconds
[0m16:49:12.261573 [debug] [MainThread]: On master: COMMIT
[0m16:49:12.262539 [debug] [MainThread]: Using postgres connection "master"
[0m16:49:12.263684 [debug] [MainThread]: On master: COMMIT
[0m16:49:12.270157 [debug] [MainThread]: SQL status: COMMIT in 0.005 seconds
[0m16:49:12.271202 [debug] [MainThread]: On master: Close
[0m16:49:12.272771 [info ] [MainThread]: Concurrency: 4 threads (target='dev')
[0m16:49:12.275858 [info ] [MainThread]: 
[0m16:49:12.296345 [debug] [Thread-1 (]: Began running node test.self_healing_pipeline.not_null_daily_weather_summary_day.94fef7bf6b
[0m16:49:12.297993 [debug] [Thread-3 (]: Began running node test.self_healing_pipeline.not_null_stg_weather_humidity_pct.2b05ac1847
[0m16:49:12.300003 [debug] [Thread-4 (]: Began running node test.self_healing_pipeline.not_null_stg_weather_temperature_c.3a7a09f65f
[0m16:49:12.301775 [debug] [Thread-2 (]: Began running node test.self_healing_pipeline.not_null_daily_weather_summary_reading_count.a3aae03769
[0m16:49:12.303793 [info ] [Thread-1 (]: 1 of 6 START test not_null_daily_weather_summary_day ........................... [RUN]
[0m16:49:12.305513 [info ] [Thread-3 (]: 3 of 6 START test not_null_stg_weather_humidity_pct ............................ [RUN]
[0m16:49:12.311725 [debug] [Thread-1 (]: Acquiring new postgres connection 'test.self_healing_pipeline.not_null_daily_weather_summary_day.94fef7bf6b'
[0m16:49:12.321497 [debug] [Thread-3 (]: Acquiring new postgres connection 'test.self_healing_pipeline.not_null_stg_weather_humidity_pct.2b05ac1847'
[0m16:49:12.307685 [info ] [Thread-4 (]: 4 of 6 START test not_null_stg_weather_temperature_c ........................... [RUN]
[0m16:49:12.323066 [debug] [Thread-1 (]: Began compiling node test.self_healing_pipeline.not_null_daily_weather_summary_day.94fef7bf6b
[0m16:49:12.325348 [debug] [Thread-3 (]: Began compiling node test.self_healing_pipeline.not_null_stg_weather_humidity_pct.2b05ac1847
[0m16:49:12.309609 [info ] [Thread-2 (]: 2 of 6 START test not_null_daily_weather_summary_reading_count ................. [RUN]
[0m16:49:12.328102 [debug] [Thread-4 (]: Acquiring new postgres connection 'test.self_healing_pipeline.not_null_stg_weather_temperature_c.3a7a09f65f'
[0m16:49:12.419599 [debug] [Thread-2 (]: Acquiring new postgres connection 'test.self_healing_pipeline.not_null_daily_weather_summary_reading_count.a3aae03769'
[0m16:49:12.438152 [debug] [Thread-1 (]: Writing injected SQL for node "test.self_healing_pipeline.not_null_daily_weather_summary_day.94fef7bf6b"
[0m16:49:12.442294 [debug] [Thread-3 (]: Writing injected SQL for node "test.self_healing_pipeline.not_null_stg_weather_humidity_pct.2b05ac1847"
[0m16:49:12.443608 [debug] [Thread-4 (]: Began compiling node test.self_healing_pipeline.not_null_stg_weather_temperature_c.3a7a09f65f
[0m16:49:12.444929 [debug] [Thread-2 (]: Began compiling node test.self_healing_pipeline.not_null_daily_weather_summary_reading_count.a3aae03769
[0m16:49:12.458335 [debug] [Thread-4 (]: Writing injected SQL for node "test.self_healing_pipeline.not_null_stg_weather_temperature_c.3a7a09f65f"
[0m16:49:12.469571 [debug] [Thread-2 (]: Writing injected SQL for node "test.self_healing_pipeline.not_null_daily_weather_summary_reading_count.a3aae03769"
[0m16:49:12.471867 [debug] [Thread-3 (]: Began executing node test.self_healing_pipeline.not_null_stg_weather_humidity_pct.2b05ac1847
[0m16:49:12.480484 [debug] [Thread-1 (]: Began executing node test.self_healing_pipeline.not_null_daily_weather_summary_day.94fef7bf6b
[0m16:49:12.519516 [debug] [Thread-4 (]: Began executing node test.self_healing_pipeline.not_null_stg_weather_temperature_c.3a7a09f65f
[0m16:49:12.577682 [debug] [Thread-4 (]: Writing runtime sql for node "test.self_healing_pipeline.not_null_stg_weather_temperature_c.3a7a09f65f"
[0m16:49:12.579720 [debug] [Thread-3 (]: Writing runtime sql for node "test.self_healing_pipeline.not_null_stg_weather_humidity_pct.2b05ac1847"
[0m16:49:12.581098 [debug] [Thread-1 (]: Writing runtime sql for node "test.self_healing_pipeline.not_null_daily_weather_summary_day.94fef7bf6b"
[0m16:49:12.586095 [debug] [Thread-1 (]: Using postgres connection "test.self_healing_pipeline.not_null_daily_weather_summary_day.94fef7bf6b"
[0m16:49:12.589111 [debug] [Thread-1 (]: On test.self_healing_pipeline.not_null_daily_weather_summary_day.94fef7bf6b: BEGIN
[0m16:49:12.590412 [debug] [Thread-1 (]: Opening a new connection, currently in state init
[0m16:49:12.593092 [debug] [Thread-3 (]: Using postgres connection "test.self_healing_pipeline.not_null_stg_weather_humidity_pct.2b05ac1847"
[0m16:49:12.594344 [debug] [Thread-3 (]: On test.self_healing_pipeline.not_null_stg_weather_humidity_pct.2b05ac1847: BEGIN
[0m16:49:12.595556 [debug] [Thread-3 (]: Opening a new connection, currently in state init
[0m16:49:12.596800 [debug] [Thread-4 (]: Using postgres connection "test.self_healing_pipeline.not_null_stg_weather_temperature_c.3a7a09f65f"
[0m16:49:12.598330 [debug] [Thread-4 (]: On test.self_healing_pipeline.not_null_stg_weather_temperature_c.3a7a09f65f: BEGIN
[0m16:49:12.602170 [debug] [Thread-4 (]: Opening a new connection, currently in state init
[0m16:49:12.607811 [debug] [Thread-2 (]: Began executing node test.self_healing_pipeline.not_null_daily_weather_summary_reading_count.a3aae03769
[0m16:49:12.621113 [debug] [Thread-2 (]: Writing runtime sql for node "test.self_healing_pipeline.not_null_daily_weather_summary_reading_count.a3aae03769"
[0m16:49:12.624149 [debug] [Thread-2 (]: Using postgres connection "test.self_healing_pipeline.not_null_daily_weather_summary_reading_count.a3aae03769"
[0m16:49:12.625243 [debug] [Thread-2 (]: On test.self_healing_pipeline.not_null_daily_weather_summary_reading_count.a3aae03769: BEGIN
[0m16:49:12.626157 [debug] [Thread-2 (]: Opening a new connection, currently in state init
[0m16:49:12.761029 [debug] [Thread-1 (]: SQL status: BEGIN in 0.171 seconds
[0m16:49:12.762699 [debug] [Thread-1 (]: Using postgres connection "test.self_healing_pipeline.not_null_daily_weather_summary_day.94fef7bf6b"
[0m16:49:12.764030 [debug] [Thread-3 (]: SQL status: BEGIN in 0.168 seconds
[0m16:49:12.765805 [debug] [Thread-1 (]: On test.self_healing_pipeline.not_null_daily_weather_summary_day.94fef7bf6b: /* {"app": "dbt", "dbt_version": "1.8.2", "profile_name": "self_healing_pipeline", "target_name": "dev", "node_id": "test.self_healing_pipeline.not_null_daily_weather_summary_day.94fef7bf6b"} */
select
      count(*) as failures,
      count(*) != 0 as should_warn,
      count(*) != 0 as should_error
    from (
      
    
    



select day
from "shp"."public"."daily_weather_summary"
where day is null



      
    ) dbt_internal_test
[0m16:49:12.767841 [debug] [Thread-4 (]: SQL status: BEGIN in 0.167 seconds
[0m16:49:12.769051 [debug] [Thread-2 (]: SQL status: BEGIN in 0.143 seconds
[0m16:49:12.770142 [debug] [Thread-3 (]: Using postgres connection "test.self_healing_pipeline.not_null_stg_weather_humidity_pct.2b05ac1847"
[0m16:49:12.771624 [debug] [Thread-4 (]: Using postgres connection "test.self_healing_pipeline.not_null_stg_weather_temperature_c.3a7a09f65f"
[0m16:49:12.772863 [debug] [Thread-2 (]: Using postgres connection "test.self_healing_pipeline.not_null_daily_weather_summary_reading_count.a3aae03769"
[0m16:49:12.774229 [debug] [Thread-3 (]: On test.self_healing_pipeline.not_null_stg_weather_humidity_pct.2b05ac1847: /* {"app": "dbt", "dbt_version": "1.8.2", "profile_name": "self_healing_pipeline", "target_name": "dev", "node_id": "test.self_healing_pipeline.not_null_stg_weather_humidity_pct.2b05ac1847"} */
select
      count(*) as failures,
      count(*) != 0 as should_warn,
      count(*) != 0 as should_error
    from (
      
    
    



select humidity_pct
from "shp"."public"."stg_weather"
where humidity_pct is null



      
    ) dbt_internal_test
[0m16:49:12.775704 [debug] [Thread-1 (]: SQL status: SELECT 1 in 0.004 seconds
[0m16:49:12.777011 [debug] [Thread-4 (]: On test.self_healing_pipeline.not_null_stg_weather_temperature_c.3a7a09f65f: /* {"app": "dbt", "dbt_version": "1.8.2", "profile_name": "self_healing_pipeline", "target_name": "dev", "node_id": "test.self_healing_pipeline.not_null_stg_weather_temperature_c.3a7a09f65f"} */
select
      count(*) as failures,
      count(*) != 0 as should_warn,
      count(*) != 0 as should_error
    from (
      
    
    



select temperature_c
from "shp"."public"."stg_weather"
where temperature_c is null



      
    ) dbt_internal_test
[0m16:49:12.778726 [debug] [Thread-2 (]: On test.self_healing_pipeline.not_null_daily_weather_summary_reading_count.a3aae03769: /* {"app": "dbt", "dbt_version": "1.8.2", "profile_name": "self_healing_pipeline", "target_name": "dev", "node_id": "test.self_healing_pipeline.not_null_daily_weather_summary_reading_count.a3aae03769"} */
select
      count(*) as failures,
      count(*) != 0 as should_warn,
      count(*) != 0 as should_error
    from (
      
    
    



select reading_count
from "shp"."public"."daily_weather_summary"
where reading_count is null



      
    ) dbt_internal_test
[0m16:49:12.793007 [debug] [Thread-1 (]: On test.self_healing_pipeline.not_null_daily_weather_summary_day.94fef7bf6b: ROLLBACK
[0m16:49:12.794279 [debug] [Thread-3 (]: SQL status: SELECT 1 in 0.014 seconds
[0m16:49:12.801280 [debug] [Thread-3 (]: On test.self_healing_pipeline.not_null_stg_weather_humidity_pct.2b05ac1847: ROLLBACK
[0m16:49:12.805469 [debug] [Thread-1 (]: On test.self_healing_pipeline.not_null_daily_weather_summary_day.94fef7bf6b: Close
[0m16:49:12.806843 [debug] [Thread-4 (]: SQL status: SELECT 1 in 0.012 seconds
[0m16:49:12.809790 [debug] [Thread-2 (]: SQL status: SELECT 1 in 0.014 seconds
[0m16:49:12.814090 [debug] [Thread-4 (]: On test.self_healing_pipeline.not_null_stg_weather_temperature_c.3a7a09f65f: ROLLBACK
[0m16:49:12.819160 [debug] [Thread-2 (]: On test.self_healing_pipeline.not_null_daily_weather_summary_reading_count.a3aae03769: ROLLBACK
[0m16:49:12.820216 [debug] [Thread-3 (]: On test.self_healing_pipeline.not_null_stg_weather_humidity_pct.2b05ac1847: Close
[0m16:49:12.808710 [info ] [Thread-1 (]: 1 of 6 PASS not_null_daily_weather_summary_day ................................. [[32mPASS[0m in 0.50s]
[0m16:49:12.824082 [debug] [Thread-1 (]: Finished running node test.self_healing_pipeline.not_null_daily_weather_summary_day.94fef7bf6b
[0m16:49:12.825546 [debug] [Thread-1 (]: Began running node test.self_healing_pipeline.not_null_stg_weather_ts.4f82cf9d8b
[0m16:49:12.821765 [info ] [Thread-3 (]: 3 of 6 PASS not_null_stg_weather_humidity_pct .................................. [[32mPASS[0m in 0.51s]
[0m16:49:12.840006 [debug] [Thread-3 (]: Finished running node test.self_healing_pipeline.not_null_stg_weather_humidity_pct.2b05ac1847
[0m16:49:12.841264 [debug] [Thread-4 (]: On test.self_healing_pipeline.not_null_stg_weather_temperature_c.3a7a09f65f: Close
[0m16:49:12.842712 [debug] [Thread-3 (]: Began running node test.self_healing_pipeline.unique_daily_weather_summary_day.3ac2b955ee
[0m16:49:12.844008 [debug] [Thread-2 (]: On test.self_healing_pipeline.not_null_daily_weather_summary_reading_count.a3aae03769: Close
[0m16:49:12.826780 [info ] [Thread-1 (]: 5 of 6 START test not_null_stg_weather_ts ...................................... [RUN]
[0m16:49:12.853091 [debug] [Thread-1 (]: Re-using an available connection from the pool (formerly test.self_healing_pipeline.not_null_daily_weather_summary_day.94fef7bf6b, now test.self_healing_pipeline.not_null_stg_weather_ts.4f82cf9d8b)
[0m16:49:12.856973 [debug] [Thread-1 (]: Began compiling node test.self_healing_pipeline.not_null_stg_weather_ts.4f82cf9d8b
[0m16:49:12.845996 [info ] [Thread-3 (]: 6 of 6 START test unique_daily_weather_summary_day ............................. [RUN]
[0m16:49:12.872109 [debug] [Thread-1 (]: Writing injected SQL for node "test.self_healing_pipeline.not_null_stg_weather_ts.4f82cf9d8b"
[0m16:49:12.873538 [debug] [Thread-3 (]: Re-using an available connection from the pool (formerly test.self_healing_pipeline.not_null_stg_weather_humidity_pct.2b05ac1847, now test.self_healing_pipeline.unique_daily_weather_summary_day.3ac2b955ee)
[0m16:49:12.875760 [debug] [Thread-3 (]: Began compiling node test.self_healing_pipeline.unique_daily_weather_summary_day.3ac2b955ee
[0m16:49:12.847856 [error] [Thread-4 (]: 4 of 6 FAIL 168 not_null_stg_weather_temperature_c ............................. [[31mFAIL 168[0m in 0.52s]
[0m16:49:12.909765 [debug] [Thread-4 (]: Finished running node test.self_healing_pipeline.not_null_stg_weather_temperature_c.3a7a09f65f
[0m16:49:12.855812 [info ] [Thread-2 (]: 2 of 6 PASS not_null_daily_weather_summary_reading_count ....................... [[32mPASS[0m in 0.44s]
[0m16:49:12.914361 [debug] [Thread-3 (]: Writing injected SQL for node "test.self_healing_pipeline.unique_daily_weather_summary_day.3ac2b955ee"
[0m16:49:12.933209 [debug] [Thread-1 (]: Began executing node test.self_healing_pipeline.not_null_stg_weather_ts.4f82cf9d8b
[0m16:49:12.929519 [debug] [Thread-2 (]: Finished running node test.self_healing_pipeline.not_null_daily_weather_summary_reading_count.a3aae03769
[0m16:49:12.936189 [debug] [Thread-3 (]: Began executing node test.self_healing_pipeline.unique_daily_weather_summary_day.3ac2b955ee
[0m16:49:12.955745 [debug] [Thread-1 (]: Writing runtime sql for node "test.self_healing_pipeline.not_null_stg_weather_ts.4f82cf9d8b"
[0m16:49:12.973596 [debug] [Thread-1 (]: Using postgres connection "test.self_healing_pipeline.not_null_stg_weather_ts.4f82cf9d8b"
[0m16:49:12.970224 [debug] [Thread-3 (]: Writing runtime sql for node "test.self_healing_pipeline.unique_daily_weather_summary_day.3ac2b955ee"
[0m16:49:12.975085 [debug] [Thread-1 (]: On test.self_healing_pipeline.not_null_stg_weather_ts.4f82cf9d8b: BEGIN
[0m16:49:12.979868 [debug] [Thread-1 (]: Opening a new connection, currently in state closed
[0m16:49:13.087049 [debug] [Thread-3 (]: Using postgres connection "test.self_healing_pipeline.unique_daily_weather_summary_day.3ac2b955ee"
[0m16:49:13.089641 [debug] [Thread-3 (]: On test.self_healing_pipeline.unique_daily_weather_summary_day.3ac2b955ee: BEGIN
[0m16:49:13.092314 [debug] [Thread-3 (]: Opening a new connection, currently in state closed
[0m16:49:13.336674 [debug] [Thread-3 (]: SQL status: BEGIN in 0.245 seconds
[0m16:49:13.339017 [debug] [Thread-1 (]: SQL status: BEGIN in 0.358 seconds
[0m16:49:13.340580 [debug] [Thread-3 (]: Using postgres connection "test.self_healing_pipeline.unique_daily_weather_summary_day.3ac2b955ee"
[0m16:49:13.341747 [debug] [Thread-1 (]: Using postgres connection "test.self_healing_pipeline.not_null_stg_weather_ts.4f82cf9d8b"
[0m16:49:13.343333 [debug] [Thread-3 (]: On test.self_healing_pipeline.unique_daily_weather_summary_day.3ac2b955ee: /* {"app": "dbt", "dbt_version": "1.8.2", "profile_name": "self_healing_pipeline", "target_name": "dev", "node_id": "test.self_healing_pipeline.unique_daily_weather_summary_day.3ac2b955ee"} */
select
      count(*) as failures,
      count(*) != 0 as should_warn,
      count(*) != 0 as should_error
    from (
      
    
    

select
    day as unique_field,
    count(*) as n_records

from "shp"."public"."daily_weather_summary"
where day is not null
group by day
having count(*) > 1



      
    ) dbt_internal_test
[0m16:49:13.344952 [debug] [Thread-1 (]: On test.self_healing_pipeline.not_null_stg_weather_ts.4f82cf9d8b: /* {"app": "dbt", "dbt_version": "1.8.2", "profile_name": "self_healing_pipeline", "target_name": "dev", "node_id": "test.self_healing_pipeline.not_null_stg_weather_ts.4f82cf9d8b"} */
select
      count(*) as failures,
      count(*) != 0 as should_warn,
      count(*) != 0 as should_error
    from (
      
    
    



select ts
from "shp"."public"."stg_weather"
where ts is null



      
    ) dbt_internal_test
[0m16:49:13.353405 [debug] [Thread-3 (]: SQL status: SELECT 1 in 0.007 seconds
[0m16:49:13.357650 [debug] [Thread-3 (]: On test.self_healing_pipeline.unique_daily_weather_summary_day.3ac2b955ee: ROLLBACK
[0m16:49:13.358870 [debug] [Thread-1 (]: SQL status: SELECT 1 in 0.012 seconds
[0m16:49:13.363805 [debug] [Thread-1 (]: On test.self_healing_pipeline.not_null_stg_weather_ts.4f82cf9d8b: ROLLBACK
[0m16:49:13.366197 [debug] [Thread-3 (]: On test.self_healing_pipeline.unique_daily_weather_summary_day.3ac2b955ee: Close
[0m16:49:13.369325 [info ] [Thread-3 (]: 6 of 6 PASS unique_daily_weather_summary_day ................................... [[32mPASS[0m in 0.50s]
[0m16:49:13.378100 [debug] [Thread-3 (]: Finished running node test.self_healing_pipeline.unique_daily_weather_summary_day.3ac2b955ee
[0m16:49:13.379433 [debug] [Thread-1 (]: On test.self_healing_pipeline.not_null_stg_weather_ts.4f82cf9d8b: Close
[0m16:49:13.381662 [info ] [Thread-1 (]: 5 of 6 PASS not_null_stg_weather_ts ............................................ [[32mPASS[0m in 0.53s]
[0m16:49:13.387826 [debug] [Thread-1 (]: Finished running node test.self_healing_pipeline.not_null_stg_weather_ts.4f82cf9d8b
[0m16:49:13.391784 [debug] [MainThread]: Using postgres connection "master"
[0m16:49:13.392852 [debug] [MainThread]: On master: BEGIN
[0m16:49:13.393830 [debug] [MainThread]: Opening a new connection, currently in state closed
[0m16:49:13.447347 [debug] [MainThread]: SQL status: BEGIN in 0.053 seconds
[0m16:49:13.448591 [debug] [MainThread]: On master: COMMIT
[0m16:49:13.450629 [debug] [MainThread]: Using postgres connection "master"
[0m16:49:13.451840 [debug] [MainThread]: On master: COMMIT
[0m16:49:13.456337 [debug] [MainThread]: SQL status: COMMIT in 0.003 seconds
[0m16:49:13.457645 [debug] [MainThread]: On master: Close
[0m16:49:13.459195 [debug] [MainThread]: Connection 'master' was properly closed.
[0m16:49:13.460258 [debug] [MainThread]: Connection 'list_shp_public' was properly closed.
[0m16:49:13.461222 [debug] [MainThread]: Connection 'test.self_healing_pipeline.not_null_stg_weather_ts.4f82cf9d8b' was properly closed.
[0m16:49:13.462233 [debug] [MainThread]: Connection 'test.self_healing_pipeline.unique_daily_weather_summary_day.3ac2b955ee' was properly closed.
[0m16:49:13.463239 [debug] [MainThread]: Connection 'test.self_healing_pipeline.not_null_stg_weather_temperature_c.3a7a09f65f' was properly closed.
[0m16:49:13.464201 [debug] [MainThread]: Connection 'test.self_healing_pipeline.not_null_daily_weather_summary_reading_count.a3aae03769' was properly closed.
[0m16:49:13.465563 [info ] [MainThread]: 
[0m16:49:13.467296 [info ] [MainThread]: Finished running 6 data tests in 0 hours 0 minutes and 1.71 seconds (1.71s).
[0m16:49:13.472936 [debug] [MainThread]: Command end result
[0m16:49:13.643830 [info ] [MainThread]: 
[0m16:49:13.667765 [info ] [MainThread]: [31mCompleted with 1 error and 0 warnings:[0m
[0m16:49:13.704476 [info ] [MainThread]: 
[0m16:49:13.722534 [error] [MainThread]: [31mFailure in test not_null_stg_weather_temperature_c (models\staging\sources.yml)[0m
[0m16:49:13.733935 [error] [MainThread]:   Got 168 results, configured to fail if != 0
[0m16:49:13.740941 [info ] [MainThread]: 
[0m16:49:13.743361 [info ] [MainThread]:   compiled code at target\compiled\self_healing_pipeline\models\staging\sources.yml\not_null_stg_weather_temperature_c.sql
[0m16:49:13.745886 [info ] [MainThread]: 
[0m16:49:13.750335 [info ] [MainThread]: Done. PASS=5 WARN=0 ERROR=1 SKIP=0 TOTAL=6
[0m16:49:13.757760 [debug] [MainThread]: Command `dbt test` failed at 16:49:13.757390 after 6.17 seconds
[0m16:49:13.758979 [debug] [MainThread]: Sending event: {'category': 'dbt', 'action': 'invocation', 'label': 'end', 'context': [<snowplow_tracker.self_describing_json.SelfDescribingJson object at 0x0000022510AAD190>, <snowplow_tracker.self_describing_json.SelfDescribingJson object at 0x0000022512236150>, <snowplow_tracker.self_describing_json.SelfDescribingJson object at 0x00000225122352E0>]}
[0m16:49:13.761114 [debug] [MainThread]: Flushing usage events
[0m16:53:01.946345 [debug] [MainThread]: Sending event: {'category': 'dbt', 'action': 'invocation', 'label': 'start', 'context': [<snowplow_tracker.self_describing_json.SelfDescribingJson object at 0x000001D31EE4FB60>, <snowplow_tracker.self_describing_json.SelfDescribingJson object at 0x000001D31EA55E50>, <snowplow_tracker.self_describing_json.SelfDescribingJson object at 0x000001D31DC2D310>]}


============================== 16:53:01.956049 | a3ec7d20-eda5-4840-9d8c-56470c64a5fd ==============================
[0m16:53:01.956049 [info ] [MainThread]: Running with dbt=1.8.2
[0m16:53:01.969392 [debug] [MainThread]: running dbt with arguments {'printer_width': '80', 'indirect_selection': 'eager', 'log_cache_events': 'False', 'write_json': 'True', 'partial_parse': 'True', 'cache_selected_only': 'False', 'warn_error': 'None', 'fail_fast': 'False', 'version_check': 'True', 'log_path': 'C:\\Users\\Qc\\Desktop\\self-healing-pipeline\\transform\\dbt_project\\logs', 'debug': 'False', 'profiles_dir': 'C:\\Users\\Qc\\Desktop\\self-healing-pipeline\\transform\\dbt_project', 'use_colors': 'True', 'use_experimental_parser': 'False', 'no_print': 'None', 'quiet': 'False', 'log_format': 'default', 'static_parser': 'True', 'invocation_command': 'dbt run', 'introspect': 'True', 'target_path': 'None', 'warn_error_options': 'WarnErrorOptions(include=[], exclude=[])', 'send_anonymous_usage_stats': 'True'}
[0m16:53:03.292673 [debug] [MainThread]: Sending event: {'category': 'dbt', 'action': 'project_id', 'label': 'a3ec7d20-eda5-4840-9d8c-56470c64a5fd', 'context': [<snowplow_tracker.self_describing_json.SelfDescribingJson object at 0x000001D321D5B360>]}
[0m16:53:03.892771 [debug] [MainThread]: Sending event: {'category': 'dbt', 'action': 'adapter_info', 'label': 'a3ec7d20-eda5-4840-9d8c-56470c64a5fd', 'context': [<snowplow_tracker.self_describing_json.SelfDescribingJson object at 0x000001D321A047C0>]}
[0m16:53:03.930685 [info ] [MainThread]: Registered adapter: postgres=1.8.2
[0m16:53:05.665574 [debug] [MainThread]: checksum: f0a141b9de567cb7f131613ba2682f40b3a1c6a157f81c6e5435862eff68f109, vars: {}, profile: , target: , version: 1.8.2
[0m16:53:06.634750 [debug] [MainThread]: Partial parsing enabled: 0 files deleted, 0 files added, 1 files changed.
[0m16:53:06.636572 [debug] [MainThread]: Partial parsing: updated file: self_healing_pipeline://models\staging\stg_weather.sql
[0m16:53:07.495972 [warn ] [MainThread]: [[33mWARNING[0m]: Deprecated functionality
The `tests` config has been renamed to `data_tests`. Please see
https://docs.getdbt.com/docs/build/data-tests#new-data_tests-syntax for more
information.
[0m16:53:07.497091 [debug] [MainThread]: Sending event: {'category': 'dbt', 'action': 'deprecation', 'label': 'a3ec7d20-eda5-4840-9d8c-56470c64a5fd', 'property_': 'warn', 'context': [<snowplow_tracker.self_describing_json.SelfDescribingJson object at 0x000001D321B2F050>]}
[0m16:53:08.339520 [debug] [MainThread]: Sending event: {'category': 'dbt', 'action': 'load_project', 'label': 'a3ec7d20-eda5-4840-9d8c-56470c64a5fd', 'context': [<snowplow_tracker.self_describing_json.SelfDescribingJson object at 0x000001D3233B4B90>]}
[0m16:53:08.604703 [debug] [MainThread]: Sending event: {'category': 'dbt', 'action': 'resource_counts', 'label': 'a3ec7d20-eda5-4840-9d8c-56470c64a5fd', 'context': [<snowplow_tracker.self_describing_json.SelfDescribingJson object at 0x000001D323416B30>]}
[0m16:53:08.605710 [info ] [MainThread]: Found 2 models, 6 data tests, 1 source, 428 macros
[0m16:53:08.606884 [debug] [MainThread]: Sending event: {'category': 'dbt', 'action': 'runnable_timing', 'label': 'a3ec7d20-eda5-4840-9d8c-56470c64a5fd', 'context': [<snowplow_tracker.self_describing_json.SelfDescribingJson object at 0x000001D3234B24E0>]}
[0m16:53:08.610944 [info ] [MainThread]: 
[0m16:53:08.612802 [debug] [MainThread]: Acquiring new postgres connection 'master'
[0m16:53:08.624044 [debug] [ThreadPool]: Acquiring new postgres connection 'list_shp'
[0m16:53:08.894396 [debug] [ThreadPool]: Using postgres connection "list_shp"
[0m16:53:08.895377 [debug] [ThreadPool]: On list_shp: /* {"app": "dbt", "dbt_version": "1.8.2", "profile_name": "self_healing_pipeline", "target_name": "dev", "connection_name": "list_shp"} */

    select distinct nspname from pg_namespace
  
[0m16:53:08.896349 [debug] [ThreadPool]: Opening a new connection, currently in state init
[0m16:53:08.937460 [debug] [ThreadPool]: SQL status: SELECT 4 in 0.040 seconds
[0m16:53:08.939825 [debug] [ThreadPool]: On list_shp: Close
[0m16:53:08.943077 [debug] [ThreadPool]: Acquiring new postgres connection 'list_shp_public'
[0m16:53:08.954142 [debug] [ThreadPool]: Using postgres connection "list_shp_public"
[0m16:53:08.955065 [debug] [ThreadPool]: On list_shp_public: BEGIN
[0m16:53:08.955858 [debug] [ThreadPool]: Opening a new connection, currently in state init
[0m16:53:08.987728 [debug] [ThreadPool]: SQL status: BEGIN in 0.032 seconds
[0m16:53:08.988682 [debug] [ThreadPool]: Using postgres connection "list_shp_public"
[0m16:53:08.989392 [debug] [ThreadPool]: On list_shp_public: /* {"app": "dbt", "dbt_version": "1.8.2", "profile_name": "self_healing_pipeline", "target_name": "dev", "connection_name": "list_shp_public"} */
select
      'shp' as database,
      tablename as name,
      schemaname as schema,
      'table' as type
    from pg_tables
    where schemaname ilike 'public'
    union all
    select
      'shp' as database,
      viewname as name,
      schemaname as schema,
      'view' as type
    from pg_views
    where schemaname ilike 'public'
    union all
    select
      'shp' as database,
      matviewname as name,
      schemaname as schema,
      'materialized_view' as type
    from pg_matviews
    where schemaname ilike 'public'
  
[0m16:53:08.994622 [debug] [ThreadPool]: SQL status: SELECT 4 in 0.005 seconds
[0m16:53:08.997799 [debug] [ThreadPool]: On list_shp_public: ROLLBACK
[0m16:53:09.000848 [debug] [ThreadPool]: On list_shp_public: Close
[0m16:53:09.013517 [debug] [MainThread]: Using postgres connection "master"
[0m16:53:09.014422 [debug] [MainThread]: On master: BEGIN
[0m16:53:09.015204 [debug] [MainThread]: Opening a new connection, currently in state init
[0m16:53:09.045609 [debug] [MainThread]: SQL status: BEGIN in 0.030 seconds
[0m16:53:09.046416 [debug] [MainThread]: Using postgres connection "master"
[0m16:53:09.047563 [debug] [MainThread]: On master: /* {"app": "dbt", "dbt_version": "1.8.2", "profile_name": "self_healing_pipeline", "target_name": "dev", "connection_name": "master"} */
with relation as (
        select
            pg_rewrite.ev_class as class,
            pg_rewrite.oid as id
        from pg_rewrite
    ),
    class as (
        select
            oid as id,
            relname as name,
            relnamespace as schema,
            relkind as kind
        from pg_class
    ),
    dependency as (
        select distinct
            pg_depend.objid as id,
            pg_depend.refobjid as ref
        from pg_depend
    ),
    schema as (
        select
            pg_namespace.oid as id,
            pg_namespace.nspname as name
        from pg_namespace
        where nspname != 'information_schema' and nspname not like 'pg\_%'
    ),
    referenced as (
        select
            relation.id AS id,
            referenced_class.name ,
            referenced_class.schema ,
            referenced_class.kind
        from relation
        join class as referenced_class on relation.class=referenced_class.id
        where referenced_class.kind in ('r', 'v', 'm')
    ),
    relationships as (
        select
            referenced.name as referenced_name,
            referenced.schema as referenced_schema_id,
            dependent_class.name as dependent_name,
            dependent_class.schema as dependent_schema_id,
            referenced.kind as kind
        from referenced
        join dependency on referenced.id=dependency.id
        join class as dependent_class on dependency.ref=dependent_class.id
        where
            (referenced.name != dependent_class.name or
             referenced.schema != dependent_class.schema)
    )

    select
        referenced_schema.name as referenced_schema,
        relationships.referenced_name as referenced_name,
        dependent_schema.name as dependent_schema,
        relationships.dependent_name as dependent_name
    from relationships
    join schema as dependent_schema on relationships.dependent_schema_id=dependent_schema.id
    join schema as referenced_schema on relationships.referenced_schema_id=referenced_schema.id
    group by referenced_schema, referenced_name, dependent_schema, dependent_name
    order by referenced_schema, referenced_name, dependent_schema, dependent_name;
[0m16:53:09.058931 [debug] [MainThread]: SQL status: SELECT 1 in 0.010 seconds
[0m16:53:09.062188 [debug] [MainThread]: Sending event: {'category': 'dbt', 'action': 'runnable_timing', 'label': 'a3ec7d20-eda5-4840-9d8c-56470c64a5fd', 'context': [<snowplow_tracker.self_describing_json.SelfDescribingJson object at 0x000001D3231890D0>]}
[0m16:53:09.063245 [debug] [MainThread]: On master: ROLLBACK
[0m16:53:09.065399 [debug] [MainThread]: Using postgres connection "master"
[0m16:53:09.066126 [debug] [MainThread]: On master: BEGIN
[0m16:53:09.069274 [debug] [MainThread]: SQL status: BEGIN in 0.002 seconds
[0m16:53:09.069941 [debug] [MainThread]: On master: COMMIT
[0m16:53:09.070370 [debug] [MainThread]: Using postgres connection "master"
[0m16:53:09.070967 [debug] [MainThread]: On master: COMMIT
[0m16:53:09.072657 [debug] [MainThread]: SQL status: COMMIT in 0.001 seconds
[0m16:53:09.073540 [debug] [MainThread]: On master: Close
[0m16:53:09.074838 [info ] [MainThread]: Concurrency: 4 threads (target='dev')
[0m16:53:09.076065 [info ] [MainThread]: 
[0m16:53:09.082484 [debug] [Thread-1 (]: Began running node model.self_healing_pipeline.stg_weather
[0m16:53:09.083299 [info ] [Thread-1 (]: 1 of 2 START sql view model public.stg_weather ................................. [RUN]
[0m16:53:09.161981 [debug] [Thread-1 (]: Acquiring new postgres connection 'model.self_healing_pipeline.stg_weather'
[0m16:53:09.163065 [debug] [Thread-1 (]: Began compiling node model.self_healing_pipeline.stg_weather
[0m16:53:09.181252 [debug] [Thread-1 (]: Writing injected SQL for node "model.self_healing_pipeline.stg_weather"
[0m16:53:09.182903 [debug] [Thread-1 (]: Began executing node model.self_healing_pipeline.stg_weather
[0m16:53:09.241698 [debug] [Thread-1 (]: Writing runtime sql for node "model.self_healing_pipeline.stg_weather"
[0m16:53:09.243325 [debug] [Thread-1 (]: Using postgres connection "model.self_healing_pipeline.stg_weather"
[0m16:53:09.244310 [debug] [Thread-1 (]: On model.self_healing_pipeline.stg_weather: BEGIN
[0m16:53:09.245079 [debug] [Thread-1 (]: Opening a new connection, currently in state init
[0m16:53:09.278635 [debug] [Thread-1 (]: SQL status: BEGIN in 0.033 seconds
[0m16:53:09.279874 [debug] [Thread-1 (]: Using postgres connection "model.self_healing_pipeline.stg_weather"
[0m16:53:09.281228 [debug] [Thread-1 (]: On model.self_healing_pipeline.stg_weather: /* {"app": "dbt", "dbt_version": "1.8.2", "profile_name": "self_healing_pipeline", "target_name": "dev", "node_id": "model.self_healing_pipeline.stg_weather"} */

  create view "shp"."public"."stg_weather__dbt_tmp"
    
    
  as (
    -- Cleans raw_weather: casts types, drops obviously bad rows.
-- This is the model that breaks first when --break bad_column or
-- --break schema_drift is used upstream — good starting point for the
-- Monitor Agent to point at in Stage 1.
select
    ts::timestamp              as ts,
    temperature_c::numeric     as temperature_c,
    humidity_pct::numeric      as humidity_pct,
    precipitation_mm::numeric  as precipitation_mm,
    loaded_at
from "shp"."public"."raw_weather"
where ts is not null
  and temperature_c ~ '^-?\d+(\.\d+)?$'
  );
[0m16:53:09.294755 [debug] [Thread-1 (]: SQL status: CREATE VIEW in 0.013 seconds
[0m16:53:09.306163 [debug] [Thread-1 (]: Using postgres connection "model.self_healing_pipeline.stg_weather"
[0m16:53:09.306749 [debug] [Thread-1 (]: On model.self_healing_pipeline.stg_weather: /* {"app": "dbt", "dbt_version": "1.8.2", "profile_name": "self_healing_pipeline", "target_name": "dev", "node_id": "model.self_healing_pipeline.stg_weather"} */
alter table "shp"."public"."stg_weather" rename to "stg_weather__dbt_backup"
[0m16:53:09.309954 [debug] [Thread-1 (]: SQL status: ALTER TABLE in 0.002 seconds
[0m16:53:09.318261 [debug] [Thread-1 (]: Using postgres connection "model.self_healing_pipeline.stg_weather"
[0m16:53:09.319275 [debug] [Thread-1 (]: On model.self_healing_pipeline.stg_weather: /* {"app": "dbt", "dbt_version": "1.8.2", "profile_name": "self_healing_pipeline", "target_name": "dev", "node_id": "model.self_healing_pipeline.stg_weather"} */
alter table "shp"."public"."stg_weather__dbt_tmp" rename to "stg_weather"
[0m16:53:09.322400 [debug] [Thread-1 (]: SQL status: ALTER TABLE in 0.002 seconds
[0m16:53:09.352231 [debug] [Thread-1 (]: On model.self_healing_pipeline.stg_weather: COMMIT
[0m16:53:09.352802 [debug] [Thread-1 (]: Using postgres connection "model.self_healing_pipeline.stg_weather"
[0m16:53:09.353338 [debug] [Thread-1 (]: On model.self_healing_pipeline.stg_weather: COMMIT
[0m16:53:09.361100 [debug] [Thread-1 (]: SQL status: COMMIT in 0.007 seconds
[0m16:53:09.377466 [debug] [Thread-1 (]: Applying DROP to: "shp"."public"."stg_weather__dbt_backup"
[0m16:53:09.393424 [debug] [Thread-1 (]: Using postgres connection "model.self_healing_pipeline.stg_weather"
[0m16:53:09.394497 [debug] [Thread-1 (]: On model.self_healing_pipeline.stg_weather: /* {"app": "dbt", "dbt_version": "1.8.2", "profile_name": "self_healing_pipeline", "target_name": "dev", "node_id": "model.self_healing_pipeline.stg_weather"} */
drop view if exists "shp"."public"."stg_weather__dbt_backup" cascade
[0m16:53:09.402277 [debug] [Thread-1 (]: SQL status: DROP VIEW in 0.007 seconds
[0m16:53:09.408822 [debug] [Thread-1 (]: On model.self_healing_pipeline.stg_weather: Close
[0m16:53:09.412403 [debug] [Thread-1 (]: Sending event: {'category': 'dbt', 'action': 'run_model', 'label': 'a3ec7d20-eda5-4840-9d8c-56470c64a5fd', 'context': [<snowplow_tracker.self_describing_json.SelfDescribingJson object at 0x000001D32385CCB0>]}
[0m16:53:09.414722 [info ] [Thread-1 (]: 1 of 2 OK created sql view model public.stg_weather ............................ [[32mCREATE VIEW[0m in 0.33s]
[0m16:53:09.417294 [debug] [Thread-1 (]: Finished running node model.self_healing_pipeline.stg_weather
[0m16:53:09.419764 [debug] [Thread-2 (]: Began running node model.self_healing_pipeline.daily_weather_summary
[0m16:53:09.421163 [info ] [Thread-2 (]: 2 of 2 START sql table model public.daily_weather_summary ...................... [RUN]
[0m16:53:09.422891 [debug] [Thread-2 (]: Acquiring new postgres connection 'model.self_healing_pipeline.daily_weather_summary'
[0m16:53:09.424425 [debug] [Thread-2 (]: Began compiling node model.self_healing_pipeline.daily_weather_summary
[0m16:53:09.430991 [debug] [Thread-2 (]: Writing injected SQL for node "model.self_healing_pipeline.daily_weather_summary"
[0m16:53:09.432919 [debug] [Thread-2 (]: Began executing node model.self_healing_pipeline.daily_weather_summary
[0m16:53:09.492388 [debug] [Thread-2 (]: Writing runtime sql for node "model.self_healing_pipeline.daily_weather_summary"
[0m16:53:09.494684 [debug] [Thread-2 (]: Using postgres connection "model.self_healing_pipeline.daily_weather_summary"
[0m16:53:09.495909 [debug] [Thread-2 (]: On model.self_healing_pipeline.daily_weather_summary: BEGIN
[0m16:53:09.497300 [debug] [Thread-2 (]: Opening a new connection, currently in state init
[0m16:53:09.522633 [debug] [Thread-2 (]: SQL status: BEGIN in 0.025 seconds
[0m16:53:09.523778 [debug] [Thread-2 (]: Using postgres connection "model.self_healing_pipeline.daily_weather_summary"
[0m16:53:09.525164 [debug] [Thread-2 (]: On model.self_healing_pipeline.daily_weather_summary: /* {"app": "dbt", "dbt_version": "1.8.2", "profile_name": "self_healing_pipeline", "target_name": "dev", "node_id": "model.self_healing_pipeline.daily_weather_summary"} */

  
    

  create  table "shp"."public"."daily_weather_summary__dbt_tmp"
  
  
    as
  
  (
    select
    date_trunc('day', ts)              as day,
    avg(temperature_c)                 as avg_temp_c,
    min(temperature_c)                 as min_temp_c,
    max(temperature_c)                 as max_temp_c,
    avg(humidity_pct)                  as avg_humidity_pct,
    sum(precipitation_mm)              as total_precipitation_mm,
    count(*)                           as reading_count
from "shp"."public"."stg_weather"
group by 1
  );
  
[0m16:53:09.544839 [debug] [Thread-2 (]: SQL status: SELECT 0 in 0.019 seconds
[0m16:53:09.551028 [debug] [Thread-2 (]: Using postgres connection "model.self_healing_pipeline.daily_weather_summary"
[0m16:53:09.551632 [debug] [Thread-2 (]: On model.self_healing_pipeline.daily_weather_summary: /* {"app": "dbt", "dbt_version": "1.8.2", "profile_name": "self_healing_pipeline", "target_name": "dev", "node_id": "model.self_healing_pipeline.daily_weather_summary"} */
alter table "shp"."public"."daily_weather_summary" rename to "daily_weather_summary__dbt_backup"
[0m16:53:09.554346 [debug] [Thread-2 (]: SQL status: ALTER TABLE in 0.002 seconds
[0m16:53:09.561085 [debug] [Thread-2 (]: Using postgres connection "model.self_healing_pipeline.daily_weather_summary"
[0m16:53:09.561846 [debug] [Thread-2 (]: On model.self_healing_pipeline.daily_weather_summary: /* {"app": "dbt", "dbt_version": "1.8.2", "profile_name": "self_healing_pipeline", "target_name": "dev", "node_id": "model.self_healing_pipeline.daily_weather_summary"} */
alter table "shp"."public"."daily_weather_summary__dbt_tmp" rename to "daily_weather_summary"
[0m16:53:09.564915 [debug] [Thread-2 (]: SQL status: ALTER TABLE in 0.002 seconds
[0m16:53:09.579475 [debug] [Thread-2 (]: On model.self_healing_pipeline.daily_weather_summary: COMMIT
[0m16:53:09.580579 [debug] [Thread-2 (]: Using postgres connection "model.self_healing_pipeline.daily_weather_summary"
[0m16:53:09.581584 [debug] [Thread-2 (]: On model.self_healing_pipeline.daily_weather_summary: COMMIT
[0m16:53:09.587082 [debug] [Thread-2 (]: SQL status: COMMIT in 0.005 seconds
[0m16:53:09.591500 [debug] [Thread-2 (]: Applying DROP to: "shp"."public"."daily_weather_summary__dbt_backup"
[0m16:53:09.596995 [debug] [Thread-2 (]: Using postgres connection "model.self_healing_pipeline.daily_weather_summary"
[0m16:53:09.597611 [debug] [Thread-2 (]: On model.self_healing_pipeline.daily_weather_summary: /* {"app": "dbt", "dbt_version": "1.8.2", "profile_name": "self_healing_pipeline", "target_name": "dev", "node_id": "model.self_healing_pipeline.daily_weather_summary"} */
drop table if exists "shp"."public"."daily_weather_summary__dbt_backup" cascade
[0m16:53:09.602951 [debug] [Thread-2 (]: SQL status: DROP TABLE in 0.004 seconds
[0m16:53:09.606185 [debug] [Thread-2 (]: On model.self_healing_pipeline.daily_weather_summary: Close
[0m16:53:09.607331 [debug] [Thread-2 (]: Sending event: {'category': 'dbt', 'action': 'run_model', 'label': 'a3ec7d20-eda5-4840-9d8c-56470c64a5fd', 'context': [<snowplow_tracker.self_describing_json.SelfDescribingJson object at 0x000001D3232C9450>]}
[0m16:53:09.609230 [info ] [Thread-2 (]: 2 of 2 OK created sql table model public.daily_weather_summary ................. [[32mSELECT 0[0m in 0.18s]
[0m16:53:09.610884 [debug] [Thread-2 (]: Finished running node model.self_healing_pipeline.daily_weather_summary
[0m16:53:09.613928 [debug] [MainThread]: Using postgres connection "master"
[0m16:53:09.614745 [debug] [MainThread]: On master: BEGIN
[0m16:53:09.615452 [debug] [MainThread]: Opening a new connection, currently in state closed
[0m16:53:09.650099 [debug] [MainThread]: SQL status: BEGIN in 0.035 seconds
[0m16:53:09.650809 [debug] [MainThread]: On master: COMMIT
[0m16:53:09.651473 [debug] [MainThread]: Using postgres connection "master"
[0m16:53:09.652061 [debug] [MainThread]: On master: COMMIT
[0m16:53:09.654676 [debug] [MainThread]: SQL status: COMMIT in 0.002 seconds
[0m16:53:09.656325 [debug] [MainThread]: On master: Close
[0m16:53:09.657867 [debug] [MainThread]: Connection 'master' was properly closed.
[0m16:53:09.658824 [debug] [MainThread]: Connection 'list_shp' was properly closed.
[0m16:53:09.659862 [debug] [MainThread]: Connection 'list_shp_public' was properly closed.
[0m16:53:09.660951 [debug] [MainThread]: Connection 'model.self_healing_pipeline.stg_weather' was properly closed.
[0m16:53:09.662130 [debug] [MainThread]: Connection 'model.self_healing_pipeline.daily_weather_summary' was properly closed.
[0m16:53:09.663492 [info ] [MainThread]: 
[0m16:53:09.667389 [info ] [MainThread]: Finished running 1 view model, 1 table model in 0 hours 0 minutes and 1.05 seconds (1.05s).
[0m16:53:09.671008 [debug] [MainThread]: Command end result
[0m16:53:09.763696 [info ] [MainThread]: 
[0m16:53:09.765082 [info ] [MainThread]: [32mCompleted successfully[0m
[0m16:53:09.766327 [info ] [MainThread]: 
[0m16:53:09.767445 [info ] [MainThread]: Done. PASS=2 WARN=0 ERROR=0 SKIP=0 TOTAL=2
[0m16:53:09.769959 [debug] [MainThread]: Command `dbt run` succeeded at 16:53:09.769602 after 8.98 seconds
[0m16:53:09.770858 [debug] [MainThread]: Sending event: {'category': 'dbt', 'action': 'invocation', 'label': 'end', 'context': [<snowplow_tracker.self_describing_json.SelfDescribingJson object at 0x000001D32352EB50>, <snowplow_tracker.self_describing_json.SelfDescribingJson object at 0x000001D323409DD0>, <snowplow_tracker.self_describing_json.SelfDescribingJson object at 0x000001D321AE5080>]}
[0m16:53:09.771443 [debug] [MainThread]: Flushing usage events
[0m16:53:16.511990 [debug] [MainThread]: Sending event: {'category': 'dbt', 'action': 'invocation', 'label': 'start', 'context': [<snowplow_tracker.self_describing_json.SelfDescribingJson object at 0x00000277200FFB60>, <snowplow_tracker.self_describing_json.SelfDescribingJson object at 0x000002771FD05E50>, <snowplow_tracker.self_describing_json.SelfDescribingJson object at 0x000002771EEDD310>]}


============================== 16:53:16.521173 | 99986665-860e-4a91-ab60-c53799af61cf ==============================
[0m16:53:16.521173 [info ] [MainThread]: Running with dbt=1.8.2
[0m16:53:16.523225 [debug] [MainThread]: running dbt with arguments {'printer_width': '80', 'indirect_selection': 'eager', 'log_cache_events': 'False', 'write_json': 'True', 'partial_parse': 'True', 'cache_selected_only': 'False', 'profiles_dir': 'C:\\Users\\Qc\\Desktop\\self-healing-pipeline\\transform\\dbt_project', 'debug': 'False', 'warn_error': 'None', 'log_path': 'C:\\Users\\Qc\\Desktop\\self-healing-pipeline\\transform\\dbt_project\\logs', 'version_check': 'True', 'fail_fast': 'False', 'use_colors': 'True', 'use_experimental_parser': 'False', 'no_print': 'None', 'quiet': 'False', 'warn_error_options': 'WarnErrorOptions(include=[], exclude=[])', 'static_parser': 'True', 'log_format': 'default', 'introspect': 'True', 'target_path': 'None', 'invocation_command': 'dbt test', 'send_anonymous_usage_stats': 'True'}
[0m16:53:17.021297 [debug] [MainThread]: Sending event: {'category': 'dbt', 'action': 'project_id', 'label': '99986665-860e-4a91-ab60-c53799af61cf', 'context': [<snowplow_tracker.self_describing_json.SelfDescribingJson object at 0x0000027722EEF360>]}
[0m16:53:17.194988 [debug] [MainThread]: Sending event: {'category': 'dbt', 'action': 'adapter_info', 'label': '99986665-860e-4a91-ab60-c53799af61cf', 'context': [<snowplow_tracker.self_describing_json.SelfDescribingJson object at 0x0000027722CA47C0>]}
[0m16:53:17.201129 [info ] [MainThread]: Registered adapter: postgres=1.8.2
[0m16:53:17.672514 [debug] [MainThread]: checksum: f0a141b9de567cb7f131613ba2682f40b3a1c6a157f81c6e5435862eff68f109, vars: {}, profile: , target: , version: 1.8.2
[0m16:53:18.239299 [debug] [MainThread]: Partial parsing enabled: 0 files deleted, 0 files added, 0 files changed.
[0m16:53:18.239836 [debug] [MainThread]: Partial parsing enabled, no changes found, skipping parsing
[0m16:53:18.329280 [debug] [MainThread]: Sending event: {'category': 'dbt', 'action': 'load_project', 'label': '99986665-860e-4a91-ab60-c53799af61cf', 'context': [<snowplow_tracker.self_describing_json.SelfDescribingJson object at 0x0000027724320550>]}
[0m16:53:18.583622 [debug] [MainThread]: Sending event: {'category': 'dbt', 'action': 'resource_counts', 'label': '99986665-860e-4a91-ab60-c53799af61cf', 'context': [<snowplow_tracker.self_describing_json.SelfDescribingJson object at 0x00000277243F9400>]}
[0m16:53:18.584762 [info ] [MainThread]: Found 2 models, 6 data tests, 1 source, 428 macros
[0m16:53:18.585838 [debug] [MainThread]: Sending event: {'category': 'dbt', 'action': 'runnable_timing', 'label': '99986665-860e-4a91-ab60-c53799af61cf', 'context': [<snowplow_tracker.self_describing_json.SelfDescribingJson object at 0x000002772441E510>]}
[0m16:53:18.588627 [info ] [MainThread]: 
[0m16:53:18.589614 [debug] [MainThread]: Acquiring new postgres connection 'master'
[0m16:53:18.600284 [debug] [ThreadPool]: Acquiring new postgres connection 'list_shp_public'
[0m16:53:18.795668 [debug] [ThreadPool]: Using postgres connection "list_shp_public"
[0m16:53:18.797227 [debug] [ThreadPool]: On list_shp_public: BEGIN
[0m16:53:18.797945 [debug] [ThreadPool]: Opening a new connection, currently in state init
[0m16:53:18.837422 [debug] [ThreadPool]: SQL status: BEGIN in 0.039 seconds
[0m16:53:18.838531 [debug] [ThreadPool]: Using postgres connection "list_shp_public"
[0m16:53:18.839760 [debug] [ThreadPool]: On list_shp_public: /* {"app": "dbt", "dbt_version": "1.8.2", "profile_name": "self_healing_pipeline", "target_name": "dev", "connection_name": "list_shp_public"} */
select
      'shp' as database,
      tablename as name,
      schemaname as schema,
      'table' as type
    from pg_tables
    where schemaname ilike 'public'
    union all
    select
      'shp' as database,
      viewname as name,
      schemaname as schema,
      'view' as type
    from pg_views
    where schemaname ilike 'public'
    union all
    select
      'shp' as database,
      matviewname as name,
      schemaname as schema,
      'materialized_view' as type
    from pg_matviews
    where schemaname ilike 'public'
  
[0m16:53:18.849923 [debug] [ThreadPool]: SQL status: SELECT 4 in 0.009 seconds
[0m16:53:18.854102 [debug] [ThreadPool]: On list_shp_public: ROLLBACK
[0m16:53:18.856678 [debug] [ThreadPool]: On list_shp_public: Close
[0m16:53:18.873180 [debug] [MainThread]: Using postgres connection "master"
[0m16:53:18.874256 [debug] [MainThread]: On master: BEGIN
[0m16:53:18.875265 [debug] [MainThread]: Opening a new connection, currently in state init
[0m16:53:18.905745 [debug] [MainThread]: SQL status: BEGIN in 0.030 seconds
[0m16:53:18.906777 [debug] [MainThread]: Using postgres connection "master"
[0m16:53:18.907682 [debug] [MainThread]: On master: /* {"app": "dbt", "dbt_version": "1.8.2", "profile_name": "self_healing_pipeline", "target_name": "dev", "connection_name": "master"} */
with relation as (
        select
            pg_rewrite.ev_class as class,
            pg_rewrite.oid as id
        from pg_rewrite
    ),
    class as (
        select
            oid as id,
            relname as name,
            relnamespace as schema,
            relkind as kind
        from pg_class
    ),
    dependency as (
        select distinct
            pg_depend.objid as id,
            pg_depend.refobjid as ref
        from pg_depend
    ),
    schema as (
        select
            pg_namespace.oid as id,
            pg_namespace.nspname as name
        from pg_namespace
        where nspname != 'information_schema' and nspname not like 'pg\_%'
    ),
    referenced as (
        select
            relation.id AS id,
            referenced_class.name ,
            referenced_class.schema ,
            referenced_class.kind
        from relation
        join class as referenced_class on relation.class=referenced_class.id
        where referenced_class.kind in ('r', 'v', 'm')
    ),
    relationships as (
        select
            referenced.name as referenced_name,
            referenced.schema as referenced_schema_id,
            dependent_class.name as dependent_name,
            dependent_class.schema as dependent_schema_id,
            referenced.kind as kind
        from referenced
        join dependency on referenced.id=dependency.id
        join class as dependent_class on dependency.ref=dependent_class.id
        where
            (referenced.name != dependent_class.name or
             referenced.schema != dependent_class.schema)
    )

    select
        referenced_schema.name as referenced_schema,
        relationships.referenced_name as referenced_name,
        dependent_schema.name as dependent_schema,
        relationships.dependent_name as dependent_name
    from relationships
    join schema as dependent_schema on relationships.dependent_schema_id=dependent_schema.id
    join schema as referenced_schema on relationships.referenced_schema_id=referenced_schema.id
    group by referenced_schema, referenced_name, dependent_schema, dependent_name
    order by referenced_schema, referenced_name, dependent_schema, dependent_name;
[0m16:53:18.920008 [debug] [MainThread]: SQL status: SELECT 1 in 0.011 seconds
[0m16:53:18.924253 [debug] [MainThread]: Sending event: {'category': 'dbt', 'action': 'runnable_timing', 'label': '99986665-860e-4a91-ab60-c53799af61cf', 'context': [<snowplow_tracker.self_describing_json.SelfDescribingJson object at 0x0000027724639980>]}
[0m16:53:18.924931 [debug] [MainThread]: On master: ROLLBACK
[0m16:53:18.927222 [debug] [MainThread]: Using postgres connection "master"
[0m16:53:18.928300 [debug] [MainThread]: On master: BEGIN
[0m16:53:18.932147 [debug] [MainThread]: SQL status: BEGIN in 0.003 seconds
[0m16:53:18.933196 [debug] [MainThread]: On master: COMMIT
[0m16:53:18.934219 [debug] [MainThread]: Using postgres connection "master"
[0m16:53:18.935235 [debug] [MainThread]: On master: COMMIT
[0m16:53:18.937536 [debug] [MainThread]: SQL status: COMMIT in 0.001 seconds
[0m16:53:18.938527 [debug] [MainThread]: On master: Close
[0m16:53:18.939978 [info ] [MainThread]: Concurrency: 4 threads (target='dev')
[0m16:53:18.941334 [info ] [MainThread]: 
[0m16:53:18.948993 [debug] [Thread-3 (]: Began running node test.self_healing_pipeline.not_null_stg_weather_humidity_pct.2b05ac1847
[0m16:53:18.950556 [debug] [Thread-4 (]: Began running node test.self_healing_pipeline.not_null_stg_weather_temperature_c.3a7a09f65f
[0m16:53:18.951819 [debug] [Thread-1 (]: Began running node test.self_healing_pipeline.not_null_daily_weather_summary_day.94fef7bf6b
[0m16:53:18.952516 [debug] [Thread-2 (]: Began running node test.self_healing_pipeline.not_null_daily_weather_summary_reading_count.a3aae03769
[0m16:53:18.953360 [info ] [Thread-3 (]: 3 of 6 START test not_null_stg_weather_humidity_pct ............................ [RUN]
[0m16:53:18.959626 [debug] [Thread-3 (]: Acquiring new postgres connection 'test.self_healing_pipeline.not_null_stg_weather_humidity_pct.2b05ac1847'
[0m16:53:18.960921 [debug] [Thread-3 (]: Began compiling node test.self_healing_pipeline.not_null_stg_weather_humidity_pct.2b05ac1847
[0m16:53:18.954677 [info ] [Thread-4 (]: 4 of 6 START test not_null_stg_weather_temperature_c ........................... [RUN]
[0m16:53:18.988628 [debug] [Thread-4 (]: Acquiring new postgres connection 'test.self_healing_pipeline.not_null_stg_weather_temperature_c.3a7a09f65f'
[0m16:53:18.990314 [debug] [Thread-4 (]: Began compiling node test.self_healing_pipeline.not_null_stg_weather_temperature_c.3a7a09f65f
[0m16:53:18.956041 [info ] [Thread-1 (]: 1 of 6 START test not_null_daily_weather_summary_day ........................... [RUN]
[0m16:53:19.063143 [debug] [Thread-3 (]: Writing injected SQL for node "test.self_healing_pipeline.not_null_stg_weather_humidity_pct.2b05ac1847"
[0m16:53:19.066844 [debug] [Thread-4 (]: Writing injected SQL for node "test.self_healing_pipeline.not_null_stg_weather_temperature_c.3a7a09f65f"
[0m16:53:19.069017 [debug] [Thread-1 (]: Acquiring new postgres connection 'test.self_healing_pipeline.not_null_daily_weather_summary_day.94fef7bf6b'
[0m16:53:18.957829 [info ] [Thread-2 (]: 2 of 6 START test not_null_daily_weather_summary_reading_count ................. [RUN]
[0m16:53:19.071277 [debug] [Thread-1 (]: Began compiling node test.self_healing_pipeline.not_null_daily_weather_summary_day.94fef7bf6b
[0m16:53:19.073200 [debug] [Thread-2 (]: Acquiring new postgres connection 'test.self_healing_pipeline.not_null_daily_weather_summary_reading_count.a3aae03769'
[0m16:53:19.074513 [debug] [Thread-4 (]: Began executing node test.self_healing_pipeline.not_null_stg_weather_temperature_c.3a7a09f65f
[0m16:53:19.082184 [debug] [Thread-3 (]: Began executing node test.self_healing_pipeline.not_null_stg_weather_humidity_pct.2b05ac1847
[0m16:53:19.089442 [debug] [Thread-1 (]: Writing injected SQL for node "test.self_healing_pipeline.not_null_daily_weather_summary_day.94fef7bf6b"
[0m16:53:19.090617 [debug] [Thread-2 (]: Began compiling node test.self_healing_pipeline.not_null_daily_weather_summary_reading_count.a3aae03769
[0m16:53:19.148158 [debug] [Thread-4 (]: Writing runtime sql for node "test.self_healing_pipeline.not_null_stg_weather_temperature_c.3a7a09f65f"
[0m16:53:19.158341 [debug] [Thread-3 (]: Writing runtime sql for node "test.self_healing_pipeline.not_null_stg_weather_humidity_pct.2b05ac1847"
[0m16:53:19.168506 [debug] [Thread-2 (]: Writing injected SQL for node "test.self_healing_pipeline.not_null_daily_weather_summary_reading_count.a3aae03769"
[0m16:53:19.169824 [debug] [Thread-1 (]: Began executing node test.self_healing_pipeline.not_null_daily_weather_summary_day.94fef7bf6b
[0m16:53:19.175282 [debug] [Thread-1 (]: Writing runtime sql for node "test.self_healing_pipeline.not_null_daily_weather_summary_day.94fef7bf6b"
[0m16:53:19.177000 [debug] [Thread-2 (]: Began executing node test.self_healing_pipeline.not_null_daily_weather_summary_reading_count.a3aae03769
[0m16:53:19.178430 [debug] [Thread-4 (]: Using postgres connection "test.self_healing_pipeline.not_null_stg_weather_temperature_c.3a7a09f65f"
[0m16:53:19.185721 [debug] [Thread-2 (]: Writing runtime sql for node "test.self_healing_pipeline.not_null_daily_weather_summary_reading_count.a3aae03769"
[0m16:53:19.186828 [debug] [Thread-4 (]: On test.self_healing_pipeline.not_null_stg_weather_temperature_c.3a7a09f65f: BEGIN
[0m16:53:19.187775 [debug] [Thread-3 (]: Using postgres connection "test.self_healing_pipeline.not_null_stg_weather_humidity_pct.2b05ac1847"
[0m16:53:19.189428 [debug] [Thread-1 (]: Using postgres connection "test.self_healing_pipeline.not_null_daily_weather_summary_day.94fef7bf6b"
[0m16:53:19.190493 [debug] [Thread-4 (]: Opening a new connection, currently in state init
[0m16:53:19.191282 [debug] [Thread-3 (]: On test.self_healing_pipeline.not_null_stg_weather_humidity_pct.2b05ac1847: BEGIN
[0m16:53:19.191859 [debug] [Thread-1 (]: On test.self_healing_pipeline.not_null_daily_weather_summary_day.94fef7bf6b: BEGIN
[0m16:53:19.192779 [debug] [Thread-3 (]: Opening a new connection, currently in state init
[0m16:53:19.194568 [debug] [Thread-2 (]: Using postgres connection "test.self_healing_pipeline.not_null_daily_weather_summary_reading_count.a3aae03769"
[0m16:53:19.196523 [debug] [Thread-1 (]: Opening a new connection, currently in state init
[0m16:53:19.198752 [debug] [Thread-2 (]: On test.self_healing_pipeline.not_null_daily_weather_summary_reading_count.a3aae03769: BEGIN
[0m16:53:19.201823 [debug] [Thread-2 (]: Opening a new connection, currently in state init
[0m16:53:19.373580 [debug] [Thread-3 (]: SQL status: BEGIN in 0.181 seconds
[0m16:53:19.374714 [debug] [Thread-4 (]: SQL status: BEGIN in 0.184 seconds
[0m16:53:19.375944 [debug] [Thread-3 (]: Using postgres connection "test.self_healing_pipeline.not_null_stg_weather_humidity_pct.2b05ac1847"
[0m16:53:19.377097 [debug] [Thread-4 (]: Using postgres connection "test.self_healing_pipeline.not_null_stg_weather_temperature_c.3a7a09f65f"
[0m16:53:19.378305 [debug] [Thread-3 (]: On test.self_healing_pipeline.not_null_stg_weather_humidity_pct.2b05ac1847: /* {"app": "dbt", "dbt_version": "1.8.2", "profile_name": "self_healing_pipeline", "target_name": "dev", "node_id": "test.self_healing_pipeline.not_null_stg_weather_humidity_pct.2b05ac1847"} */
select
      count(*) as failures,
      count(*) != 0 as should_warn,
      count(*) != 0 as should_error
    from (
      
    
    



select humidity_pct
from "shp"."public"."stg_weather"
where humidity_pct is null



      
    ) dbt_internal_test
[0m16:53:19.379574 [debug] [Thread-4 (]: On test.self_healing_pipeline.not_null_stg_weather_temperature_c.3a7a09f65f: /* {"app": "dbt", "dbt_version": "1.8.2", "profile_name": "self_healing_pipeline", "target_name": "dev", "node_id": "test.self_healing_pipeline.not_null_stg_weather_temperature_c.3a7a09f65f"} */
select
      count(*) as failures,
      count(*) != 0 as should_warn,
      count(*) != 0 as should_error
    from (
      
    
    



select temperature_c
from "shp"."public"."stg_weather"
where temperature_c is null



      
    ) dbt_internal_test
[0m16:53:19.392953 [debug] [Thread-4 (]: SQL status: SELECT 1 in 0.012 seconds
[0m16:53:19.406235 [debug] [Thread-4 (]: On test.self_healing_pipeline.not_null_stg_weather_temperature_c.3a7a09f65f: ROLLBACK
[0m16:53:19.407536 [debug] [Thread-2 (]: SQL status: BEGIN in 0.206 seconds
[0m16:53:19.408777 [debug] [Thread-3 (]: SQL status: SELECT 1 in 0.028 seconds
[0m16:53:19.409934 [debug] [Thread-1 (]: SQL status: BEGIN in 0.213 seconds
[0m16:53:19.411329 [debug] [Thread-2 (]: Using postgres connection "test.self_healing_pipeline.not_null_daily_weather_summary_reading_count.a3aae03769"
[0m16:53:19.415959 [debug] [Thread-3 (]: On test.self_healing_pipeline.not_null_stg_weather_humidity_pct.2b05ac1847: ROLLBACK
[0m16:53:19.417271 [debug] [Thread-4 (]: On test.self_healing_pipeline.not_null_stg_weather_temperature_c.3a7a09f65f: Close
[0m16:53:19.418462 [debug] [Thread-1 (]: Using postgres connection "test.self_healing_pipeline.not_null_daily_weather_summary_day.94fef7bf6b"
[0m16:53:19.419845 [debug] [Thread-2 (]: On test.self_healing_pipeline.not_null_daily_weather_summary_reading_count.a3aae03769: /* {"app": "dbt", "dbt_version": "1.8.2", "profile_name": "self_healing_pipeline", "target_name": "dev", "node_id": "test.self_healing_pipeline.not_null_daily_weather_summary_reading_count.a3aae03769"} */
select
      count(*) as failures,
      count(*) != 0 as should_warn,
      count(*) != 0 as should_error
    from (
      
    
    



select reading_count
from "shp"."public"."daily_weather_summary"
where reading_count is null



      
    ) dbt_internal_test
[0m16:53:19.421373 [debug] [Thread-1 (]: On test.self_healing_pipeline.not_null_daily_weather_summary_day.94fef7bf6b: /* {"app": "dbt", "dbt_version": "1.8.2", "profile_name": "self_healing_pipeline", "target_name": "dev", "node_id": "test.self_healing_pipeline.not_null_daily_weather_summary_day.94fef7bf6b"} */
select
      count(*) as failures,
      count(*) != 0 as should_warn,
      count(*) != 0 as should_error
    from (
      
    
    



select day
from "shp"."public"."daily_weather_summary"
where day is null



      
    ) dbt_internal_test
[0m16:53:19.422940 [info ] [Thread-4 (]: 4 of 6 PASS not_null_stg_weather_temperature_c ................................. [[32mPASS[0m in 0.43s]
[0m16:53:19.429801 [debug] [Thread-4 (]: Finished running node test.self_healing_pipeline.not_null_stg_weather_temperature_c.3a7a09f65f
[0m16:53:19.431035 [debug] [Thread-3 (]: On test.self_healing_pipeline.not_null_stg_weather_humidity_pct.2b05ac1847: Close
[0m16:53:19.432423 [debug] [Thread-2 (]: SQL status: SELECT 1 in 0.008 seconds
[0m16:53:19.433662 [debug] [Thread-1 (]: SQL status: SELECT 1 in 0.009 seconds
[0m16:53:19.435330 [debug] [Thread-4 (]: Began running node test.self_healing_pipeline.not_null_stg_weather_ts.4f82cf9d8b
[0m16:53:19.439558 [debug] [Thread-2 (]: On test.self_healing_pipeline.not_null_daily_weather_summary_reading_count.a3aae03769: ROLLBACK
[0m16:53:19.446154 [debug] [Thread-1 (]: On test.self_healing_pipeline.not_null_daily_weather_summary_day.94fef7bf6b: ROLLBACK
[0m16:53:19.441197 [info ] [Thread-3 (]: 3 of 6 PASS not_null_stg_weather_humidity_pct .................................. [[32mPASS[0m in 0.48s]
[0m16:53:19.450075 [debug] [Thread-3 (]: Finished running node test.self_healing_pipeline.not_null_stg_weather_humidity_pct.2b05ac1847
[0m16:53:19.451918 [debug] [Thread-3 (]: Began running node test.self_healing_pipeline.unique_daily_weather_summary_day.3ac2b955ee
[0m16:53:19.447805 [info ] [Thread-4 (]: 5 of 6 START test not_null_stg_weather_ts ...................................... [RUN]
[0m16:53:19.455815 [debug] [Thread-4 (]: Re-using an available connection from the pool (formerly test.self_healing_pipeline.not_null_stg_weather_temperature_c.3a7a09f65f, now test.self_healing_pipeline.not_null_stg_weather_ts.4f82cf9d8b)
[0m16:53:19.456927 [debug] [Thread-4 (]: Began compiling node test.self_healing_pipeline.not_null_stg_weather_ts.4f82cf9d8b
[0m16:53:19.467270 [debug] [Thread-4 (]: Writing injected SQL for node "test.self_healing_pipeline.not_null_stg_weather_ts.4f82cf9d8b"
[0m16:53:19.453864 [info ] [Thread-3 (]: 6 of 6 START test unique_daily_weather_summary_day ............................. [RUN]
[0m16:53:19.469015 [debug] [Thread-2 (]: On test.self_healing_pipeline.not_null_daily_weather_summary_reading_count.a3aae03769: Close
[0m16:53:19.470179 [debug] [Thread-1 (]: On test.self_healing_pipeline.not_null_daily_weather_summary_day.94fef7bf6b: Close
[0m16:53:19.472499 [debug] [Thread-3 (]: Re-using an available connection from the pool (formerly test.self_healing_pipeline.not_null_stg_weather_humidity_pct.2b05ac1847, now test.self_healing_pipeline.unique_daily_weather_summary_day.3ac2b955ee)
[0m16:53:19.475122 [debug] [Thread-3 (]: Began compiling node test.self_healing_pipeline.unique_daily_weather_summary_day.3ac2b955ee
[0m16:53:19.498885 [debug] [Thread-3 (]: Writing injected SQL for node "test.self_healing_pipeline.unique_daily_weather_summary_day.3ac2b955ee"
[0m16:53:19.474277 [info ] [Thread-2 (]: 2 of 6 PASS not_null_daily_weather_summary_reading_count ....................... [[32mPASS[0m in 0.40s]
[0m16:53:19.501491 [debug] [Thread-4 (]: Began executing node test.self_healing_pipeline.not_null_stg_weather_ts.4f82cf9d8b
[0m16:53:19.503717 [debug] [Thread-2 (]: Finished running node test.self_healing_pipeline.not_null_daily_weather_summary_reading_count.a3aae03769
[0m16:53:19.476727 [info ] [Thread-1 (]: 1 of 6 PASS not_null_daily_weather_summary_day ................................. [[32mPASS[0m in 0.41s]
[0m16:53:19.512873 [debug] [Thread-4 (]: Writing runtime sql for node "test.self_healing_pipeline.not_null_stg_weather_ts.4f82cf9d8b"
[0m16:53:19.514306 [debug] [Thread-3 (]: Began executing node test.self_healing_pipeline.unique_daily_weather_summary_day.3ac2b955ee
[0m16:53:19.516434 [debug] [Thread-1 (]: Finished running node test.self_healing_pipeline.not_null_daily_weather_summary_day.94fef7bf6b
[0m16:53:19.523811 [debug] [Thread-3 (]: Writing runtime sql for node "test.self_healing_pipeline.unique_daily_weather_summary_day.3ac2b955ee"
[0m16:53:19.526651 [debug] [Thread-4 (]: Using postgres connection "test.self_healing_pipeline.not_null_stg_weather_ts.4f82cf9d8b"
[0m16:53:19.528067 [debug] [Thread-4 (]: On test.self_healing_pipeline.not_null_stg_weather_ts.4f82cf9d8b: BEGIN
[0m16:53:19.529347 [debug] [Thread-4 (]: Opening a new connection, currently in state closed
[0m16:53:19.531209 [debug] [Thread-3 (]: Using postgres connection "test.self_healing_pipeline.unique_daily_weather_summary_day.3ac2b955ee"
[0m16:53:19.532400 [debug] [Thread-3 (]: On test.self_healing_pipeline.unique_daily_weather_summary_day.3ac2b955ee: BEGIN
[0m16:53:19.533361 [debug] [Thread-3 (]: Opening a new connection, currently in state closed
[0m16:53:19.584549 [debug] [Thread-4 (]: SQL status: BEGIN in 0.055 seconds
[0m16:53:19.586355 [debug] [Thread-3 (]: SQL status: BEGIN in 0.053 seconds
[0m16:53:19.587875 [debug] [Thread-4 (]: Using postgres connection "test.self_healing_pipeline.not_null_stg_weather_ts.4f82cf9d8b"
[0m16:53:19.589187 [debug] [Thread-3 (]: Using postgres connection "test.self_healing_pipeline.unique_daily_weather_summary_day.3ac2b955ee"
[0m16:53:19.590513 [debug] [Thread-4 (]: On test.self_healing_pipeline.not_null_stg_weather_ts.4f82cf9d8b: /* {"app": "dbt", "dbt_version": "1.8.2", "profile_name": "self_healing_pipeline", "target_name": "dev", "node_id": "test.self_healing_pipeline.not_null_stg_weather_ts.4f82cf9d8b"} */
select
      count(*) as failures,
      count(*) != 0 as should_warn,
      count(*) != 0 as should_error
    from (
      
    
    



select ts
from "shp"."public"."stg_weather"
where ts is null



      
    ) dbt_internal_test
[0m16:53:19.592034 [debug] [Thread-3 (]: On test.self_healing_pipeline.unique_daily_weather_summary_day.3ac2b955ee: /* {"app": "dbt", "dbt_version": "1.8.2", "profile_name": "self_healing_pipeline", "target_name": "dev", "node_id": "test.self_healing_pipeline.unique_daily_weather_summary_day.3ac2b955ee"} */
select
      count(*) as failures,
      count(*) != 0 as should_warn,
      count(*) != 0 as should_error
    from (
      
    
    

select
    day as unique_field,
    count(*) as n_records

from "shp"."public"."daily_weather_summary"
where day is not null
group by day
having count(*) > 1



      
    ) dbt_internal_test
[0m16:53:19.597089 [debug] [Thread-4 (]: SQL status: SELECT 1 in 0.004 seconds
[0m16:53:19.601017 [debug] [Thread-4 (]: On test.self_healing_pipeline.not_null_stg_weather_ts.4f82cf9d8b: ROLLBACK
[0m16:53:19.602209 [debug] [Thread-3 (]: SQL status: SELECT 1 in 0.009 seconds
[0m16:53:19.606423 [debug] [Thread-3 (]: On test.self_healing_pipeline.unique_daily_weather_summary_day.3ac2b955ee: ROLLBACK
[0m16:53:19.607543 [debug] [Thread-4 (]: On test.self_healing_pipeline.not_null_stg_weather_ts.4f82cf9d8b: Close
[0m16:53:19.609436 [info ] [Thread-4 (]: 5 of 6 PASS not_null_stg_weather_ts ............................................ [[32mPASS[0m in 0.15s]
[0m16:53:19.612881 [debug] [Thread-4 (]: Finished running node test.self_healing_pipeline.not_null_stg_weather_ts.4f82cf9d8b
[0m16:53:19.613983 [debug] [Thread-3 (]: On test.self_healing_pipeline.unique_daily_weather_summary_day.3ac2b955ee: Close
[0m16:53:19.616443 [info ] [Thread-3 (]: 6 of 6 PASS unique_daily_weather_summary_day ................................... [[32mPASS[0m in 0.14s]
[0m16:53:19.622946 [debug] [Thread-3 (]: Finished running node test.self_healing_pipeline.unique_daily_weather_summary_day.3ac2b955ee
[0m16:53:19.627782 [debug] [MainThread]: Using postgres connection "master"
[0m16:53:19.628787 [debug] [MainThread]: On master: BEGIN
[0m16:53:19.629952 [debug] [MainThread]: Opening a new connection, currently in state closed
[0m16:53:19.707300 [debug] [MainThread]: SQL status: BEGIN in 0.077 seconds
[0m16:53:19.708368 [debug] [MainThread]: On master: COMMIT
[0m16:53:19.709301 [debug] [MainThread]: Using postgres connection "master"
[0m16:53:19.710136 [debug] [MainThread]: On master: COMMIT
[0m16:53:19.719699 [debug] [MainThread]: SQL status: COMMIT in 0.009 seconds
[0m16:53:19.720791 [debug] [MainThread]: On master: Close
[0m16:53:19.722193 [debug] [MainThread]: Connection 'master' was properly closed.
[0m16:53:19.723201 [debug] [MainThread]: Connection 'list_shp_public' was properly closed.
[0m16:53:19.724278 [debug] [MainThread]: Connection 'test.self_healing_pipeline.unique_daily_weather_summary_day.3ac2b955ee' was properly closed.
[0m16:53:19.725239 [debug] [MainThread]: Connection 'test.self_healing_pipeline.not_null_stg_weather_ts.4f82cf9d8b' was properly closed.
[0m16:53:19.726189 [debug] [MainThread]: Connection 'test.self_healing_pipeline.not_null_daily_weather_summary_day.94fef7bf6b' was properly closed.
[0m16:53:19.727050 [debug] [MainThread]: Connection 'test.self_healing_pipeline.not_null_daily_weather_summary_reading_count.a3aae03769' was properly closed.
[0m16:53:19.728241 [info ] [MainThread]: 
[0m16:53:19.730391 [info ] [MainThread]: Finished running 6 data tests in 0 hours 0 minutes and 1.14 seconds (1.14s).
[0m16:53:19.736850 [debug] [MainThread]: Command end result
[0m16:53:19.910097 [info ] [MainThread]: 
[0m16:53:19.914228 [info ] [MainThread]: [32mCompleted successfully[0m
[0m16:53:19.924576 [info ] [MainThread]: 
[0m16:53:19.941274 [info ] [MainThread]: Done. PASS=6 WARN=0 ERROR=0 SKIP=0 TOTAL=6
[0m16:53:19.963322 [debug] [MainThread]: Command `dbt test` succeeded at 16:53:19.950673 after 3.74 seconds
[0m16:53:19.965052 [debug] [MainThread]: Sending event: {'category': 'dbt', 'action': 'invocation', 'label': 'end', 'context': [<snowplow_tracker.self_describing_json.SelfDescribingJson object at 0x0000027722D0D190>, <snowplow_tracker.self_describing_json.SelfDescribingJson object at 0x0000027724445020>, <snowplow_tracker.self_describing_json.SelfDescribingJson object at 0x00000277244464C0>]}
[0m16:53:19.966244 [debug] [MainThread]: Flushing usage events
[0m16:53:52.306107 [debug] [MainThread]: Sending event: {'category': 'dbt', 'action': 'invocation', 'label': 'start', 'context': [<snowplow_tracker.self_describing_json.SelfDescribingJson object at 0x000002CA0F8FBE00>, <snowplow_tracker.self_describing_json.SelfDescribingJson object at 0x000002CA0F505E50>, <snowplow_tracker.self_describing_json.SelfDescribingJson object at 0x000002CA0E6DC910>]}


============================== 16:53:52.316373 | 943d6c26-dde5-4b03-a25d-b46ef1a15d0a ==============================
[0m16:53:52.316373 [info ] [MainThread]: Running with dbt=1.8.2
[0m16:53:52.318121 [debug] [MainThread]: running dbt with arguments {'printer_width': '80', 'indirect_selection': 'eager', 'write_json': 'True', 'log_cache_events': 'False', 'partial_parse': 'True', 'cache_selected_only': 'False', 'warn_error': 'None', 'fail_fast': 'False', 'version_check': 'True', 'log_path': 'C:\\Users\\Qc\\Desktop\\self-healing-pipeline\\transform\\dbt_project\\logs', 'debug': 'False', 'profiles_dir': 'C:\\Users\\Qc\\Desktop\\self-healing-pipeline\\transform\\dbt_project', 'use_colors': 'True', 'use_experimental_parser': 'False', 'no_print': 'None', 'quiet': 'False', 'warn_error_options': 'WarnErrorOptions(include=[], exclude=[])', 'introspect': 'True', 'log_format': 'default', 'invocation_command': 'dbt run', 'target_path': 'None', 'static_parser': 'True', 'send_anonymous_usage_stats': 'True'}
[0m16:53:53.464749 [debug] [MainThread]: Sending event: {'category': 'dbt', 'action': 'project_id', 'label': '943d6c26-dde5-4b03-a25d-b46ef1a15d0a', 'context': [<snowplow_tracker.self_describing_json.SelfDescribingJson object at 0x000002CA126CF360>]}
[0m16:53:53.844680 [debug] [MainThread]: Sending event: {'category': 'dbt', 'action': 'adapter_info', 'label': '943d6c26-dde5-4b03-a25d-b46ef1a15d0a', 'context': [<snowplow_tracker.self_describing_json.SelfDescribingJson object at 0x000002CA124A87C0>]}
[0m16:53:53.872711 [info ] [MainThread]: Registered adapter: postgres=1.8.2
[0m16:53:54.609925 [debug] [MainThread]: checksum: f0a141b9de567cb7f131613ba2682f40b3a1c6a157f81c6e5435862eff68f109, vars: {}, profile: , target: , version: 1.8.2
[0m16:53:55.561938 [debug] [MainThread]: Partial parsing enabled: 0 files deleted, 0 files added, 0 files changed.
[0m16:53:55.563419 [debug] [MainThread]: Partial parsing enabled, no changes found, skipping parsing
[0m16:53:55.725453 [debug] [MainThread]: Sending event: {'category': 'dbt', 'action': 'load_project', 'label': '943d6c26-dde5-4b03-a25d-b46ef1a15d0a', 'context': [<snowplow_tracker.self_describing_json.SelfDescribingJson object at 0x000002CA13B14550>]}
[0m16:53:56.116594 [debug] [MainThread]: Sending event: {'category': 'dbt', 'action': 'resource_counts', 'label': '943d6c26-dde5-4b03-a25d-b46ef1a15d0a', 'context': [<snowplow_tracker.self_describing_json.SelfDescribingJson object at 0x000002CA1281FE30>]}
[0m16:53:56.117889 [info ] [MainThread]: Found 2 models, 6 data tests, 1 source, 428 macros
[0m16:53:56.119166 [debug] [MainThread]: Sending event: {'category': 'dbt', 'action': 'runnable_timing', 'label': '943d6c26-dde5-4b03-a25d-b46ef1a15d0a', 'context': [<snowplow_tracker.self_describing_json.SelfDescribingJson object at 0x000002CA13B25A90>]}
[0m16:53:56.124485 [info ] [MainThread]: 
[0m16:53:56.126054 [debug] [MainThread]: Acquiring new postgres connection 'master'
[0m16:53:56.136774 [debug] [ThreadPool]: Acquiring new postgres connection 'list_shp'
[0m16:53:56.373834 [debug] [ThreadPool]: Using postgres connection "list_shp"
[0m16:53:56.374979 [debug] [ThreadPool]: On list_shp: /* {"app": "dbt", "dbt_version": "1.8.2", "profile_name": "self_healing_pipeline", "target_name": "dev", "connection_name": "list_shp"} */

    select distinct nspname from pg_namespace
  
[0m16:53:56.375985 [debug] [ThreadPool]: Opening a new connection, currently in state init
[0m16:53:56.425275 [debug] [ThreadPool]: SQL status: SELECT 4 in 0.049 seconds
[0m16:53:56.429916 [debug] [ThreadPool]: On list_shp: Close
[0m16:53:56.434109 [debug] [ThreadPool]: Acquiring new postgres connection 'list_shp_public'
[0m16:53:56.457861 [debug] [ThreadPool]: Using postgres connection "list_shp_public"
[0m16:53:56.459322 [debug] [ThreadPool]: On list_shp_public: BEGIN
[0m16:53:56.462093 [debug] [ThreadPool]: Opening a new connection, currently in state init
[0m16:53:56.507454 [debug] [ThreadPool]: SQL status: BEGIN in 0.045 seconds
[0m16:53:56.508775 [debug] [ThreadPool]: Using postgres connection "list_shp_public"
[0m16:53:56.517477 [debug] [ThreadPool]: On list_shp_public: /* {"app": "dbt", "dbt_version": "1.8.2", "profile_name": "self_healing_pipeline", "target_name": "dev", "connection_name": "list_shp_public"} */
select
      'shp' as database,
      tablename as name,
      schemaname as schema,
      'table' as type
    from pg_tables
    where schemaname ilike 'public'
    union all
    select
      'shp' as database,
      viewname as name,
      schemaname as schema,
      'view' as type
    from pg_views
    where schemaname ilike 'public'
    union all
    select
      'shp' as database,
      matviewname as name,
      schemaname as schema,
      'materialized_view' as type
    from pg_matviews
    where schemaname ilike 'public'
  
[0m16:53:56.632994 [debug] [ThreadPool]: SQL status: SELECT 4 in 0.114 seconds
[0m16:53:56.636846 [debug] [ThreadPool]: On list_shp_public: ROLLBACK
[0m16:53:56.664467 [debug] [ThreadPool]: On list_shp_public: Close
[0m16:53:56.680733 [debug] [MainThread]: Using postgres connection "master"
[0m16:53:56.681810 [debug] [MainThread]: On master: BEGIN
[0m16:53:56.682784 [debug] [MainThread]: Opening a new connection, currently in state init
[0m16:53:56.754031 [debug] [MainThread]: SQL status: BEGIN in 0.071 seconds
[0m16:53:56.755340 [debug] [MainThread]: Using postgres connection "master"
[0m16:53:56.757024 [debug] [MainThread]: On master: /* {"app": "dbt", "dbt_version": "1.8.2", "profile_name": "self_healing_pipeline", "target_name": "dev", "connection_name": "master"} */
with relation as (
        select
            pg_rewrite.ev_class as class,
            pg_rewrite.oid as id
        from pg_rewrite
    ),
    class as (
        select
            oid as id,
            relname as name,
            relnamespace as schema,
            relkind as kind
        from pg_class
    ),
    dependency as (
        select distinct
            pg_depend.objid as id,
            pg_depend.refobjid as ref
        from pg_depend
    ),
    schema as (
        select
            pg_namespace.oid as id,
            pg_namespace.nspname as name
        from pg_namespace
        where nspname != 'information_schema' and nspname not like 'pg\_%'
    ),
    referenced as (
        select
            relation.id AS id,
            referenced_class.name ,
            referenced_class.schema ,
            referenced_class.kind
        from relation
        join class as referenced_class on relation.class=referenced_class.id
        where referenced_class.kind in ('r', 'v', 'm')
    ),
    relationships as (
        select
            referenced.name as referenced_name,
            referenced.schema as referenced_schema_id,
            dependent_class.name as dependent_name,
            dependent_class.schema as dependent_schema_id,
            referenced.kind as kind
        from referenced
        join dependency on referenced.id=dependency.id
        join class as dependent_class on dependency.ref=dependent_class.id
        where
            (referenced.name != dependent_class.name or
             referenced.schema != dependent_class.schema)
    )

    select
        referenced_schema.name as referenced_schema,
        relationships.referenced_name as referenced_name,
        dependent_schema.name as dependent_schema,
        relationships.dependent_name as dependent_name
    from relationships
    join schema as dependent_schema on relationships.dependent_schema_id=dependent_schema.id
    join schema as referenced_schema on relationships.referenced_schema_id=referenced_schema.id
    group by referenced_schema, referenced_name, dependent_schema, dependent_name
    order by referenced_schema, referenced_name, dependent_schema, dependent_name;
[0m16:53:56.779320 [debug] [MainThread]: SQL status: SELECT 1 in 0.021 seconds
[0m16:53:56.785740 [debug] [MainThread]: Sending event: {'category': 'dbt', 'action': 'runnable_timing', 'label': '943d6c26-dde5-4b03-a25d-b46ef1a15d0a', 'context': [<snowplow_tracker.self_describing_json.SelfDescribingJson object at 0x000002CA13D96000>]}
[0m16:53:56.786994 [debug] [MainThread]: On master: ROLLBACK
[0m16:53:56.789962 [debug] [MainThread]: Using postgres connection "master"
[0m16:53:56.791316 [debug] [MainThread]: On master: BEGIN
[0m16:53:56.796786 [debug] [MainThread]: SQL status: BEGIN in 0.004 seconds
[0m16:53:56.798052 [debug] [MainThread]: On master: COMMIT
[0m16:53:56.799099 [debug] [MainThread]: Using postgres connection "master"
[0m16:53:56.800171 [debug] [MainThread]: On master: COMMIT
[0m16:53:56.802713 [debug] [MainThread]: SQL status: COMMIT in 0.001 seconds
[0m16:53:56.803880 [debug] [MainThread]: On master: Close
[0m16:53:56.805605 [info ] [MainThread]: Concurrency: 4 threads (target='dev')
[0m16:53:56.806941 [info ] [MainThread]: 
[0m16:53:56.815809 [debug] [Thread-1 (]: Began running node model.self_healing_pipeline.stg_weather
[0m16:53:56.818804 [info ] [Thread-1 (]: 1 of 2 START sql view model public.stg_weather ................................. [RUN]
[0m16:53:56.820686 [debug] [Thread-1 (]: Acquiring new postgres connection 'model.self_healing_pipeline.stg_weather'
[0m16:53:56.823298 [debug] [Thread-1 (]: Began compiling node model.self_healing_pipeline.stg_weather
[0m16:53:56.849708 [debug] [Thread-1 (]: Writing injected SQL for node "model.self_healing_pipeline.stg_weather"
[0m16:53:56.852051 [debug] [Thread-1 (]: Began executing node model.self_healing_pipeline.stg_weather
[0m16:53:56.974091 [debug] [Thread-1 (]: Writing runtime sql for node "model.self_healing_pipeline.stg_weather"
[0m16:53:56.976878 [debug] [Thread-1 (]: Using postgres connection "model.self_healing_pipeline.stg_weather"
[0m16:53:56.978945 [debug] [Thread-1 (]: On model.self_healing_pipeline.stg_weather: BEGIN
[0m16:53:56.980026 [debug] [Thread-1 (]: Opening a new connection, currently in state init
[0m16:53:57.016198 [debug] [Thread-1 (]: SQL status: BEGIN in 0.036 seconds
[0m16:53:57.017321 [debug] [Thread-1 (]: Using postgres connection "model.self_healing_pipeline.stg_weather"
[0m16:53:57.018409 [debug] [Thread-1 (]: On model.self_healing_pipeline.stg_weather: /* {"app": "dbt", "dbt_version": "1.8.2", "profile_name": "self_healing_pipeline", "target_name": "dev", "node_id": "model.self_healing_pipeline.stg_weather"} */

  create view "shp"."public"."stg_weather__dbt_tmp"
    
    
  as (
    -- Cleans raw_weather: casts types, drops obviously bad rows.
-- This is the model that breaks first when --break bad_column or
-- --break schema_drift is used upstream — good starting point for the
-- Monitor Agent to point at in Stage 1.
select
    ts::timestamp              as ts,
    temperature_c::numeric     as temperature_c,
    humidity_pct::numeric      as humidity_pct,
    precipitation_mm::numeric  as precipitation_mm,
    loaded_at
from "shp"."public"."raw_weather"
where ts is not null
  and temperature_c ~ '^-?\d+(\.\d+)?$'
  );
[0m16:53:57.024731 [debug] [Thread-1 (]: SQL status: CREATE VIEW in 0.005 seconds
[0m16:53:57.040581 [debug] [Thread-1 (]: Using postgres connection "model.self_healing_pipeline.stg_weather"
[0m16:53:57.041660 [debug] [Thread-1 (]: On model.self_healing_pipeline.stg_weather: /* {"app": "dbt", "dbt_version": "1.8.2", "profile_name": "self_healing_pipeline", "target_name": "dev", "node_id": "model.self_healing_pipeline.stg_weather"} */
alter table "shp"."public"."stg_weather" rename to "stg_weather__dbt_backup"
[0m16:53:57.046230 [debug] [Thread-1 (]: SQL status: ALTER TABLE in 0.003 seconds
[0m16:53:57.055542 [debug] [Thread-1 (]: Using postgres connection "model.self_healing_pipeline.stg_weather"
[0m16:53:57.056838 [debug] [Thread-1 (]: On model.self_healing_pipeline.stg_weather: /* {"app": "dbt", "dbt_version": "1.8.2", "profile_name": "self_healing_pipeline", "target_name": "dev", "node_id": "model.self_healing_pipeline.stg_weather"} */
alter table "shp"."public"."stg_weather__dbt_tmp" rename to "stg_weather"
[0m16:53:57.061143 [debug] [Thread-1 (]: SQL status: ALTER TABLE in 0.003 seconds
[0m16:53:57.109308 [debug] [Thread-1 (]: On model.self_healing_pipeline.stg_weather: COMMIT
[0m16:53:57.110866 [debug] [Thread-1 (]: Using postgres connection "model.self_healing_pipeline.stg_weather"
[0m16:53:57.111859 [debug] [Thread-1 (]: On model.self_healing_pipeline.stg_weather: COMMIT
[0m16:53:57.116014 [debug] [Thread-1 (]: SQL status: COMMIT in 0.003 seconds
[0m16:53:57.131449 [debug] [Thread-1 (]: Applying DROP to: "shp"."public"."stg_weather__dbt_backup"
[0m16:53:57.144476 [debug] [Thread-1 (]: Using postgres connection "model.self_healing_pipeline.stg_weather"
[0m16:53:57.145739 [debug] [Thread-1 (]: On model.self_healing_pipeline.stg_weather: /* {"app": "dbt", "dbt_version": "1.8.2", "profile_name": "self_healing_pipeline", "target_name": "dev", "node_id": "model.self_healing_pipeline.stg_weather"} */
drop view if exists "shp"."public"."stg_weather__dbt_backup" cascade
[0m16:53:57.151282 [debug] [Thread-1 (]: SQL status: DROP VIEW in 0.004 seconds
[0m16:53:57.157353 [debug] [Thread-1 (]: On model.self_healing_pipeline.stg_weather: Close
[0m16:53:57.162441 [debug] [Thread-1 (]: Sending event: {'category': 'dbt', 'action': 'run_model', 'label': '943d6c26-dde5-4b03-a25d-b46ef1a15d0a', 'context': [<snowplow_tracker.self_describing_json.SelfDescribingJson object at 0x000002CA13B96C90>]}
[0m16:53:57.164646 [info ] [Thread-1 (]: 1 of 2 OK created sql view model public.stg_weather ............................ [[32mCREATE VIEW[0m in 0.34s]
[0m16:53:57.166810 [debug] [Thread-1 (]: Finished running node model.self_healing_pipeline.stg_weather
[0m16:53:57.168756 [debug] [Thread-2 (]: Began running node model.self_healing_pipeline.daily_weather_summary
[0m16:53:57.170207 [info ] [Thread-2 (]: 2 of 2 START sql table model public.daily_weather_summary ...................... [RUN]
[0m16:53:57.171753 [debug] [Thread-2 (]: Acquiring new postgres connection 'model.self_healing_pipeline.daily_weather_summary'
[0m16:53:57.172676 [debug] [Thread-2 (]: Began compiling node model.self_healing_pipeline.daily_weather_summary
[0m16:53:57.179581 [debug] [Thread-2 (]: Writing injected SQL for node "model.self_healing_pipeline.daily_weather_summary"
[0m16:53:57.181793 [debug] [Thread-2 (]: Began executing node model.self_healing_pipeline.daily_weather_summary
[0m16:53:57.242757 [debug] [Thread-2 (]: Writing runtime sql for node "model.self_healing_pipeline.daily_weather_summary"
[0m16:53:57.245313 [debug] [Thread-2 (]: Using postgres connection "model.self_healing_pipeline.daily_weather_summary"
[0m16:53:57.246606 [debug] [Thread-2 (]: On model.self_healing_pipeline.daily_weather_summary: BEGIN
[0m16:53:57.247705 [debug] [Thread-2 (]: Opening a new connection, currently in state init
[0m16:53:57.280568 [debug] [Thread-2 (]: SQL status: BEGIN in 0.033 seconds
[0m16:53:57.281715 [debug] [Thread-2 (]: Using postgres connection "model.self_healing_pipeline.daily_weather_summary"
[0m16:53:57.282929 [debug] [Thread-2 (]: On model.self_healing_pipeline.daily_weather_summary: /* {"app": "dbt", "dbt_version": "1.8.2", "profile_name": "self_healing_pipeline", "target_name": "dev", "node_id": "model.self_healing_pipeline.daily_weather_summary"} */

  
    

  create  table "shp"."public"."daily_weather_summary__dbt_tmp"
  
  
    as
  
  (
    select
    date_trunc('day', ts)              as day,
    avg(temperature_c)                 as avg_temp_c,
    min(temperature_c)                 as min_temp_c,
    max(temperature_c)                 as max_temp_c,
    avg(humidity_pct)                  as avg_humidity_pct,
    sum(precipitation_mm)              as total_precipitation_mm,
    count(*)                           as reading_count
from "shp"."public"."stg_weather"
group by 1
  );
  
[0m16:53:57.299115 [debug] [Thread-2 (]: SQL status: SELECT 7 in 0.015 seconds
[0m16:53:57.306154 [debug] [Thread-2 (]: Using postgres connection "model.self_healing_pipeline.daily_weather_summary"
[0m16:53:57.307363 [debug] [Thread-2 (]: On model.self_healing_pipeline.daily_weather_summary: /* {"app": "dbt", "dbt_version": "1.8.2", "profile_name": "self_healing_pipeline", "target_name": "dev", "node_id": "model.self_healing_pipeline.daily_weather_summary"} */
alter table "shp"."public"."daily_weather_summary" rename to "daily_weather_summary__dbt_backup"
[0m16:53:57.311009 [debug] [Thread-2 (]: SQL status: ALTER TABLE in 0.003 seconds
[0m16:53:57.316960 [debug] [Thread-2 (]: Using postgres connection "model.self_healing_pipeline.daily_weather_summary"
[0m16:53:57.317775 [debug] [Thread-2 (]: On model.self_healing_pipeline.daily_weather_summary: /* {"app": "dbt", "dbt_version": "1.8.2", "profile_name": "self_healing_pipeline", "target_name": "dev", "node_id": "model.self_healing_pipeline.daily_weather_summary"} */
alter table "shp"."public"."daily_weather_summary__dbt_tmp" rename to "daily_weather_summary"
[0m16:53:57.320737 [debug] [Thread-2 (]: SQL status: ALTER TABLE in 0.002 seconds
[0m16:53:57.330155 [debug] [Thread-2 (]: On model.self_healing_pipeline.daily_weather_summary: COMMIT
[0m16:53:57.330898 [debug] [Thread-2 (]: Using postgres connection "model.self_healing_pipeline.daily_weather_summary"
[0m16:53:57.331549 [debug] [Thread-2 (]: On model.self_healing_pipeline.daily_weather_summary: COMMIT
[0m16:53:57.334880 [debug] [Thread-2 (]: SQL status: COMMIT in 0.003 seconds
[0m16:53:57.340596 [debug] [Thread-2 (]: Applying DROP to: "shp"."public"."daily_weather_summary__dbt_backup"
[0m16:53:57.348467 [debug] [Thread-2 (]: Using postgres connection "model.self_healing_pipeline.daily_weather_summary"
[0m16:53:57.349644 [debug] [Thread-2 (]: On model.self_healing_pipeline.daily_weather_summary: /* {"app": "dbt", "dbt_version": "1.8.2", "profile_name": "self_healing_pipeline", "target_name": "dev", "node_id": "model.self_healing_pipeline.daily_weather_summary"} */
drop table if exists "shp"."public"."daily_weather_summary__dbt_backup" cascade
[0m16:53:57.356074 [debug] [Thread-2 (]: SQL status: DROP TABLE in 0.005 seconds
[0m16:53:57.359814 [debug] [Thread-2 (]: On model.self_healing_pipeline.daily_weather_summary: Close
[0m16:53:57.361477 [debug] [Thread-2 (]: Sending event: {'category': 'dbt', 'action': 'run_model', 'label': '943d6c26-dde5-4b03-a25d-b46ef1a15d0a', 'context': [<snowplow_tracker.self_describing_json.SelfDescribingJson object at 0x000002CA13B4F490>]}
[0m16:53:57.363222 [info ] [Thread-2 (]: 2 of 2 OK created sql table model public.daily_weather_summary ................. [[32mSELECT 7[0m in 0.19s]
[0m16:53:57.365769 [debug] [Thread-2 (]: Finished running node model.self_healing_pipeline.daily_weather_summary
[0m16:53:57.368188 [debug] [MainThread]: Using postgres connection "master"
[0m16:53:57.368848 [debug] [MainThread]: On master: BEGIN
[0m16:53:57.369261 [debug] [MainThread]: Opening a new connection, currently in state closed
[0m16:53:57.394456 [debug] [MainThread]: SQL status: BEGIN in 0.025 seconds
[0m16:53:57.395027 [debug] [MainThread]: On master: COMMIT
[0m16:53:57.395532 [debug] [MainThread]: Using postgres connection "master"
[0m16:53:57.395958 [debug] [MainThread]: On master: COMMIT
[0m16:53:57.397993 [debug] [MainThread]: SQL status: COMMIT in 0.001 seconds
[0m16:53:57.398948 [debug] [MainThread]: On master: Close
[0m16:53:57.400186 [debug] [MainThread]: Connection 'master' was properly closed.
[0m16:53:57.400932 [debug] [MainThread]: Connection 'list_shp' was properly closed.
[0m16:53:57.401394 [debug] [MainThread]: Connection 'list_shp_public' was properly closed.
[0m16:53:57.401828 [debug] [MainThread]: Connection 'model.self_healing_pipeline.stg_weather' was properly closed.
[0m16:53:57.402259 [debug] [MainThread]: Connection 'model.self_healing_pipeline.daily_weather_summary' was properly closed.
[0m16:53:57.402945 [info ] [MainThread]: 
[0m16:53:57.403563 [info ] [MainThread]: Finished running 1 view model, 1 table model in 0 hours 0 minutes and 1.28 seconds (1.28s).
[0m16:53:57.405685 [debug] [MainThread]: Command end result
[0m16:53:57.485003 [info ] [MainThread]: 
[0m16:53:57.486291 [info ] [MainThread]: [32mCompleted successfully[0m
[0m16:53:57.487219 [info ] [MainThread]: 
[0m16:53:57.488261 [info ] [MainThread]: Done. PASS=2 WARN=0 ERROR=0 SKIP=0 TOTAL=2
[0m16:53:57.489790 [debug] [MainThread]: Command `dbt run` succeeded at 16:53:57.489611 after 5.65 seconds
[0m16:53:57.490341 [debug] [MainThread]: Sending event: {'category': 'dbt', 'action': 'invocation', 'label': 'end', 'context': [<snowplow_tracker.self_describing_json.SelfDescribingJson object at 0x000002CA13F97570>, <snowplow_tracker.self_describing_json.SelfDescribingJson object at 0x000002CA13B87AD0>, <snowplow_tracker.self_describing_json.SelfDescribingJson object at 0x000002CA0FEB2CD0>]}
[0m16:53:57.490844 [debug] [MainThread]: Flushing usage events
[0m16:54:04.775904 [debug] [MainThread]: Sending event: {'category': 'dbt', 'action': 'invocation', 'label': 'start', 'context': [<snowplow_tracker.self_describing_json.SelfDescribingJson object at 0x000002939D3B7E00>, <snowplow_tracker.self_describing_json.SelfDescribingJson object at 0x000002939CFB5E50>, <snowplow_tracker.self_describing_json.SelfDescribingJson object at 0x000002939C19C910>]}


============================== 16:54:04.784561 | 4e632512-9918-450d-b246-e3d804042388 ==============================
[0m16:54:04.784561 [info ] [MainThread]: Running with dbt=1.8.2
[0m16:54:04.786614 [debug] [MainThread]: running dbt with arguments {'printer_width': '80', 'indirect_selection': 'eager', 'log_cache_events': 'False', 'write_json': 'True', 'partial_parse': 'True', 'cache_selected_only': 'False', 'profiles_dir': 'C:\\Users\\Qc\\Desktop\\self-healing-pipeline\\transform\\dbt_project', 'version_check': 'True', 'debug': 'False', 'log_path': 'C:\\Users\\Qc\\Desktop\\self-healing-pipeline\\transform\\dbt_project\\logs', 'warn_error': 'None', 'fail_fast': 'False', 'use_colors': 'True', 'use_experimental_parser': 'False', 'no_print': 'None', 'quiet': 'False', 'log_format': 'default', 'introspect': 'True', 'static_parser': 'True', 'warn_error_options': 'WarnErrorOptions(include=[], exclude=[])', 'target_path': 'None', 'invocation_command': 'dbt test', 'send_anonymous_usage_stats': 'True'}
[0m16:54:05.351085 [debug] [MainThread]: Sending event: {'category': 'dbt', 'action': 'project_id', 'label': '4e632512-9918-450d-b246-e3d804042388', 'context': [<snowplow_tracker.self_describing_json.SelfDescribingJson object at 0x00000293A021F360>]}
[0m16:54:05.509325 [debug] [MainThread]: Sending event: {'category': 'dbt', 'action': 'adapter_info', 'label': '4e632512-9918-450d-b246-e3d804042388', 'context': [<snowplow_tracker.self_describing_json.SelfDescribingJson object at 0x000002939FF687C0>]}
[0m16:54:05.511935 [info ] [MainThread]: Registered adapter: postgres=1.8.2
[0m16:54:06.099523 [debug] [MainThread]: checksum: f0a141b9de567cb7f131613ba2682f40b3a1c6a157f81c6e5435862eff68f109, vars: {}, profile: , target: , version: 1.8.2
[0m16:54:06.639413 [debug] [MainThread]: Partial parsing enabled: 0 files deleted, 0 files added, 0 files changed.
[0m16:54:06.639934 [debug] [MainThread]: Partial parsing enabled, no changes found, skipping parsing
[0m16:54:06.756665 [debug] [MainThread]: Sending event: {'category': 'dbt', 'action': 'load_project', 'label': '4e632512-9918-450d-b246-e3d804042388', 'context': [<snowplow_tracker.self_describing_json.SelfDescribingJson object at 0x00000293A1664550>]}
[0m16:54:07.243256 [debug] [MainThread]: Sending event: {'category': 'dbt', 'action': 'resource_counts', 'label': '4e632512-9918-450d-b246-e3d804042388', 'context': [<snowplow_tracker.self_describing_json.SelfDescribingJson object at 0x00000293A172D400>]}
[0m16:54:07.244348 [info ] [MainThread]: Found 2 models, 6 data tests, 1 source, 428 macros
[0m16:54:07.245317 [debug] [MainThread]: Sending event: {'category': 'dbt', 'action': 'runnable_timing', 'label': '4e632512-9918-450d-b246-e3d804042388', 'context': [<snowplow_tracker.self_describing_json.SelfDescribingJson object at 0x00000293A1752510>]}
[0m16:54:07.249591 [info ] [MainThread]: 
[0m16:54:07.251026 [debug] [MainThread]: Acquiring new postgres connection 'master'
[0m16:54:07.263052 [debug] [ThreadPool]: Acquiring new postgres connection 'list_shp_public'
[0m16:54:07.449423 [debug] [ThreadPool]: Using postgres connection "list_shp_public"
[0m16:54:07.450056 [debug] [ThreadPool]: On list_shp_public: BEGIN
[0m16:54:07.450902 [debug] [ThreadPool]: Opening a new connection, currently in state init
[0m16:54:07.489946 [debug] [ThreadPool]: SQL status: BEGIN in 0.039 seconds
[0m16:54:07.490941 [debug] [ThreadPool]: Using postgres connection "list_shp_public"
[0m16:54:07.491995 [debug] [ThreadPool]: On list_shp_public: /* {"app": "dbt", "dbt_version": "1.8.2", "profile_name": "self_healing_pipeline", "target_name": "dev", "connection_name": "list_shp_public"} */
select
      'shp' as database,
      tablename as name,
      schemaname as schema,
      'table' as type
    from pg_tables
    where schemaname ilike 'public'
    union all
    select
      'shp' as database,
      viewname as name,
      schemaname as schema,
      'view' as type
    from pg_views
    where schemaname ilike 'public'
    union all
    select
      'shp' as database,
      matviewname as name,
      schemaname as schema,
      'materialized_view' as type
    from pg_matviews
    where schemaname ilike 'public'
  
[0m16:54:07.498746 [debug] [ThreadPool]: SQL status: SELECT 4 in 0.006 seconds
[0m16:54:07.501958 [debug] [ThreadPool]: On list_shp_public: ROLLBACK
[0m16:54:07.504343 [debug] [ThreadPool]: On list_shp_public: Close
[0m16:54:07.518121 [debug] [MainThread]: Using postgres connection "master"
[0m16:54:07.519080 [debug] [MainThread]: On master: BEGIN
[0m16:54:07.519952 [debug] [MainThread]: Opening a new connection, currently in state init
[0m16:54:07.551646 [debug] [MainThread]: SQL status: BEGIN in 0.032 seconds
[0m16:54:07.552588 [debug] [MainThread]: Using postgres connection "master"
[0m16:54:07.553802 [debug] [MainThread]: On master: /* {"app": "dbt", "dbt_version": "1.8.2", "profile_name": "self_healing_pipeline", "target_name": "dev", "connection_name": "master"} */
with relation as (
        select
            pg_rewrite.ev_class as class,
            pg_rewrite.oid as id
        from pg_rewrite
    ),
    class as (
        select
            oid as id,
            relname as name,
            relnamespace as schema,
            relkind as kind
        from pg_class
    ),
    dependency as (
        select distinct
            pg_depend.objid as id,
            pg_depend.refobjid as ref
        from pg_depend
    ),
    schema as (
        select
            pg_namespace.oid as id,
            pg_namespace.nspname as name
        from pg_namespace
        where nspname != 'information_schema' and nspname not like 'pg\_%'
    ),
    referenced as (
        select
            relation.id AS id,
            referenced_class.name ,
            referenced_class.schema ,
            referenced_class.kind
        from relation
        join class as referenced_class on relation.class=referenced_class.id
        where referenced_class.kind in ('r', 'v', 'm')
    ),
    relationships as (
        select
            referenced.name as referenced_name,
            referenced.schema as referenced_schema_id,
            dependent_class.name as dependent_name,
            dependent_class.schema as dependent_schema_id,
            referenced.kind as kind
        from referenced
        join dependency on referenced.id=dependency.id
        join class as dependent_class on dependency.ref=dependent_class.id
        where
            (referenced.name != dependent_class.name or
             referenced.schema != dependent_class.schema)
    )

    select
        referenced_schema.name as referenced_schema,
        relationships.referenced_name as referenced_name,
        dependent_schema.name as dependent_schema,
        relationships.dependent_name as dependent_name
    from relationships
    join schema as dependent_schema on relationships.dependent_schema_id=dependent_schema.id
    join schema as referenced_schema on relationships.referenced_schema_id=referenced_schema.id
    group by referenced_schema, referenced_name, dependent_schema, dependent_name
    order by referenced_schema, referenced_name, dependent_schema, dependent_name;
[0m16:54:07.560820 [debug] [MainThread]: SQL status: SELECT 1 in 0.006 seconds
[0m16:54:07.564309 [debug] [MainThread]: Sending event: {'category': 'dbt', 'action': 'runnable_timing', 'label': '4e632512-9918-450d-b246-e3d804042388', 'context': [<snowplow_tracker.self_describing_json.SelfDescribingJson object at 0x00000293A1969980>]}
[0m16:54:07.565425 [debug] [MainThread]: On master: ROLLBACK
[0m16:54:07.567553 [debug] [MainThread]: Using postgres connection "master"
[0m16:54:07.568350 [debug] [MainThread]: On master: BEGIN
[0m16:54:07.571959 [debug] [MainThread]: SQL status: BEGIN in 0.003 seconds
[0m16:54:07.573015 [debug] [MainThread]: On master: COMMIT
[0m16:54:07.573613 [debug] [MainThread]: Using postgres connection "master"
[0m16:54:07.574103 [debug] [MainThread]: On master: COMMIT
[0m16:54:07.576216 [debug] [MainThread]: SQL status: COMMIT in 0.001 seconds
[0m16:54:07.577271 [debug] [MainThread]: On master: Close
[0m16:54:07.578705 [info ] [MainThread]: Concurrency: 4 threads (target='dev')
[0m16:54:07.580072 [info ] [MainThread]: 
[0m16:54:07.587044 [debug] [Thread-4 (]: Began running node test.self_healing_pipeline.not_null_stg_weather_temperature_c.3a7a09f65f
[0m16:54:07.588031 [debug] [Thread-3 (]: Began running node test.self_healing_pipeline.not_null_stg_weather_humidity_pct.2b05ac1847
[0m16:54:07.588824 [debug] [Thread-1 (]: Began running node test.self_healing_pipeline.not_null_daily_weather_summary_day.94fef7bf6b
[0m16:54:07.589996 [debug] [Thread-2 (]: Began running node test.self_healing_pipeline.not_null_daily_weather_summary_reading_count.a3aae03769
[0m16:54:07.591159 [info ] [Thread-4 (]: 4 of 6 START test not_null_stg_weather_temperature_c ........................... [RUN]
[0m16:54:07.592585 [info ] [Thread-3 (]: 3 of 6 START test not_null_stg_weather_humidity_pct ............................ [RUN]
[0m16:54:07.594034 [info ] [Thread-1 (]: 1 of 6 START test not_null_daily_weather_summary_day ........................... [RUN]
[0m16:54:07.595374 [info ] [Thread-2 (]: 2 of 6 START test not_null_daily_weather_summary_reading_count ................. [RUN]
[0m16:54:07.596907 [debug] [Thread-4 (]: Acquiring new postgres connection 'test.self_healing_pipeline.not_null_stg_weather_temperature_c.3a7a09f65f'
[0m16:54:07.598451 [debug] [Thread-3 (]: Acquiring new postgres connection 'test.self_healing_pipeline.not_null_stg_weather_humidity_pct.2b05ac1847'
[0m16:54:07.600120 [debug] [Thread-1 (]: Acquiring new postgres connection 'test.self_healing_pipeline.not_null_daily_weather_summary_day.94fef7bf6b'
[0m16:54:07.601592 [debug] [Thread-2 (]: Acquiring new postgres connection 'test.self_healing_pipeline.not_null_daily_weather_summary_reading_count.a3aae03769'
[0m16:54:07.602782 [debug] [Thread-4 (]: Began compiling node test.self_healing_pipeline.not_null_stg_weather_temperature_c.3a7a09f65f
[0m16:54:07.603945 [debug] [Thread-3 (]: Began compiling node test.self_healing_pipeline.not_null_stg_weather_humidity_pct.2b05ac1847
[0m16:54:07.604536 [debug] [Thread-1 (]: Began compiling node test.self_healing_pipeline.not_null_daily_weather_summary_day.94fef7bf6b
[0m16:54:07.605105 [debug] [Thread-2 (]: Began compiling node test.self_healing_pipeline.not_null_daily_weather_summary_reading_count.a3aae03769
[0m16:54:07.641417 [debug] [Thread-4 (]: Writing injected SQL for node "test.self_healing_pipeline.not_null_stg_weather_temperature_c.3a7a09f65f"
[0m16:54:07.648853 [debug] [Thread-3 (]: Writing injected SQL for node "test.self_healing_pipeline.not_null_stg_weather_humidity_pct.2b05ac1847"
[0m16:54:07.657953 [debug] [Thread-1 (]: Writing injected SQL for node "test.self_healing_pipeline.not_null_daily_weather_summary_day.94fef7bf6b"
[0m16:54:07.668315 [debug] [Thread-2 (]: Writing injected SQL for node "test.self_healing_pipeline.not_null_daily_weather_summary_reading_count.a3aae03769"
[0m16:54:07.670727 [debug] [Thread-1 (]: Began executing node test.self_healing_pipeline.not_null_daily_weather_summary_day.94fef7bf6b
[0m16:54:07.704338 [debug] [Thread-3 (]: Began executing node test.self_healing_pipeline.not_null_stg_weather_humidity_pct.2b05ac1847
[0m16:54:07.713918 [debug] [Thread-1 (]: Writing runtime sql for node "test.self_healing_pipeline.not_null_daily_weather_summary_day.94fef7bf6b"
[0m16:54:07.714613 [debug] [Thread-4 (]: Began executing node test.self_healing_pipeline.not_null_stg_weather_temperature_c.3a7a09f65f
[0m16:54:07.720304 [debug] [Thread-3 (]: Writing runtime sql for node "test.self_healing_pipeline.not_null_stg_weather_humidity_pct.2b05ac1847"
[0m16:54:07.727945 [debug] [Thread-4 (]: Writing runtime sql for node "test.self_healing_pipeline.not_null_stg_weather_temperature_c.3a7a09f65f"
[0m16:54:07.729304 [debug] [Thread-2 (]: Began executing node test.self_healing_pipeline.not_null_daily_weather_summary_reading_count.a3aae03769
[0m16:54:07.734559 [debug] [Thread-2 (]: Writing runtime sql for node "test.self_healing_pipeline.not_null_daily_weather_summary_reading_count.a3aae03769"
[0m16:54:07.735752 [debug] [Thread-1 (]: Using postgres connection "test.self_healing_pipeline.not_null_daily_weather_summary_day.94fef7bf6b"
[0m16:54:07.737553 [debug] [Thread-1 (]: On test.self_healing_pipeline.not_null_daily_weather_summary_day.94fef7bf6b: BEGIN
[0m16:54:07.738857 [debug] [Thread-3 (]: Using postgres connection "test.self_healing_pipeline.not_null_stg_weather_humidity_pct.2b05ac1847"
[0m16:54:07.740120 [debug] [Thread-4 (]: Using postgres connection "test.self_healing_pipeline.not_null_stg_weather_temperature_c.3a7a09f65f"
[0m16:54:07.741261 [debug] [Thread-1 (]: Opening a new connection, currently in state init
[0m16:54:07.742647 [debug] [Thread-3 (]: On test.self_healing_pipeline.not_null_stg_weather_humidity_pct.2b05ac1847: BEGIN
[0m16:54:07.743946 [debug] [Thread-4 (]: On test.self_healing_pipeline.not_null_stg_weather_temperature_c.3a7a09f65f: BEGIN
[0m16:54:07.745155 [debug] [Thread-2 (]: Using postgres connection "test.self_healing_pipeline.not_null_daily_weather_summary_reading_count.a3aae03769"
[0m16:54:07.746599 [debug] [Thread-3 (]: Opening a new connection, currently in state init
[0m16:54:07.748188 [debug] [Thread-4 (]: Opening a new connection, currently in state init
[0m16:54:07.749629 [debug] [Thread-2 (]: On test.self_healing_pipeline.not_null_daily_weather_summary_reading_count.a3aae03769: BEGIN
[0m16:54:07.752203 [debug] [Thread-2 (]: Opening a new connection, currently in state init
[0m16:54:07.796929 [debug] [Thread-1 (]: SQL status: BEGIN in 0.056 seconds
[0m16:54:07.797896 [debug] [Thread-3 (]: SQL status: BEGIN in 0.051 seconds
[0m16:54:07.799391 [debug] [Thread-1 (]: Using postgres connection "test.self_healing_pipeline.not_null_daily_weather_summary_day.94fef7bf6b"
[0m16:54:07.800481 [debug] [Thread-4 (]: SQL status: BEGIN in 0.053 seconds
[0m16:54:07.801478 [debug] [Thread-3 (]: Using postgres connection "test.self_healing_pipeline.not_null_stg_weather_humidity_pct.2b05ac1847"
[0m16:54:07.802668 [debug] [Thread-1 (]: On test.self_healing_pipeline.not_null_daily_weather_summary_day.94fef7bf6b: /* {"app": "dbt", "dbt_version": "1.8.2", "profile_name": "self_healing_pipeline", "target_name": "dev", "node_id": "test.self_healing_pipeline.not_null_daily_weather_summary_day.94fef7bf6b"} */
select
      count(*) as failures,
      count(*) != 0 as should_warn,
      count(*) != 0 as should_error
    from (
      
    
    



select day
from "shp"."public"."daily_weather_summary"
where day is null



      
    ) dbt_internal_test
[0m16:54:07.803883 [debug] [Thread-4 (]: Using postgres connection "test.self_healing_pipeline.not_null_stg_weather_temperature_c.3a7a09f65f"
[0m16:54:07.805302 [debug] [Thread-3 (]: On test.self_healing_pipeline.not_null_stg_weather_humidity_pct.2b05ac1847: /* {"app": "dbt", "dbt_version": "1.8.2", "profile_name": "self_healing_pipeline", "target_name": "dev", "node_id": "test.self_healing_pipeline.not_null_stg_weather_humidity_pct.2b05ac1847"} */
select
      count(*) as failures,
      count(*) != 0 as should_warn,
      count(*) != 0 as should_error
    from (
      
    
    



select humidity_pct
from "shp"."public"."stg_weather"
where humidity_pct is null



      
    ) dbt_internal_test
[0m16:54:07.807600 [debug] [Thread-4 (]: On test.self_healing_pipeline.not_null_stg_weather_temperature_c.3a7a09f65f: /* {"app": "dbt", "dbt_version": "1.8.2", "profile_name": "self_healing_pipeline", "target_name": "dev", "node_id": "test.self_healing_pipeline.not_null_stg_weather_temperature_c.3a7a09f65f"} */
select
      count(*) as failures,
      count(*) != 0 as should_warn,
      count(*) != 0 as should_error
    from (
      
    
    



select temperature_c
from "shp"."public"."stg_weather"
where temperature_c is null



      
    ) dbt_internal_test
[0m16:54:07.809921 [debug] [Thread-1 (]: SQL status: SELECT 1 in 0.003 seconds
[0m16:54:07.822950 [debug] [Thread-1 (]: On test.self_healing_pipeline.not_null_daily_weather_summary_day.94fef7bf6b: ROLLBACK
[0m16:54:07.824251 [debug] [Thread-3 (]: SQL status: SELECT 1 in 0.015 seconds
[0m16:54:07.825105 [debug] [Thread-4 (]: SQL status: SELECT 1 in 0.016 seconds
[0m16:54:07.825734 [debug] [Thread-2 (]: SQL status: BEGIN in 0.074 seconds
[0m16:54:07.829718 [debug] [Thread-3 (]: On test.self_healing_pipeline.not_null_stg_weather_humidity_pct.2b05ac1847: ROLLBACK
[0m16:54:07.830848 [debug] [Thread-1 (]: On test.self_healing_pipeline.not_null_daily_weather_summary_day.94fef7bf6b: Close
[0m16:54:07.834368 [debug] [Thread-4 (]: On test.self_healing_pipeline.not_null_stg_weather_temperature_c.3a7a09f65f: ROLLBACK
[0m16:54:07.835614 [debug] [Thread-2 (]: Using postgres connection "test.self_healing_pipeline.not_null_daily_weather_summary_reading_count.a3aae03769"
[0m16:54:07.839065 [debug] [Thread-4 (]: On test.self_healing_pipeline.not_null_stg_weather_temperature_c.3a7a09f65f: Close
[0m16:54:07.840455 [debug] [Thread-3 (]: On test.self_healing_pipeline.not_null_stg_weather_humidity_pct.2b05ac1847: Close
[0m16:54:07.837845 [info ] [Thread-1 (]: 1 of 6 PASS not_null_daily_weather_summary_day ................................. [[32mPASS[0m in 0.24s]
[0m16:54:07.842332 [debug] [Thread-2 (]: On test.self_healing_pipeline.not_null_daily_weather_summary_reading_count.a3aae03769: /* {"app": "dbt", "dbt_version": "1.8.2", "profile_name": "self_healing_pipeline", "target_name": "dev", "node_id": "test.self_healing_pipeline.not_null_daily_weather_summary_reading_count.a3aae03769"} */
select
      count(*) as failures,
      count(*) != 0 as should_warn,
      count(*) != 0 as should_error
    from (
      
    
    



select reading_count
from "shp"."public"."daily_weather_summary"
where reading_count is null



      
    ) dbt_internal_test
[0m16:54:07.844677 [info ] [Thread-4 (]: 4 of 6 PASS not_null_stg_weather_temperature_c ................................. [[32mPASS[0m in 0.25s]
[0m16:54:07.848199 [debug] [Thread-1 (]: Finished running node test.self_healing_pipeline.not_null_daily_weather_summary_day.94fef7bf6b
[0m16:54:07.846464 [info ] [Thread-3 (]: 3 of 6 PASS not_null_stg_weather_humidity_pct .................................. [[32mPASS[0m in 0.25s]
[0m16:54:07.851099 [debug] [Thread-4 (]: Finished running node test.self_healing_pipeline.not_null_stg_weather_temperature_c.3a7a09f65f
[0m16:54:07.852679 [debug] [Thread-1 (]: Began running node test.self_healing_pipeline.not_null_stg_weather_ts.4f82cf9d8b
[0m16:54:07.854087 [debug] [Thread-2 (]: SQL status: SELECT 1 in 0.004 seconds
[0m16:54:07.855711 [debug] [Thread-3 (]: Finished running node test.self_healing_pipeline.not_null_stg_weather_humidity_pct.2b05ac1847
[0m16:54:07.857040 [debug] [Thread-4 (]: Began running node test.self_healing_pipeline.unique_daily_weather_summary_day.3ac2b955ee
[0m16:54:07.858329 [info ] [Thread-1 (]: 5 of 6 START test not_null_stg_weather_ts ...................................... [RUN]
[0m16:54:07.861437 [debug] [Thread-2 (]: On test.self_healing_pipeline.not_null_daily_weather_summary_reading_count.a3aae03769: ROLLBACK
[0m16:54:07.862608 [info ] [Thread-4 (]: 6 of 6 START test unique_daily_weather_summary_day ............................. [RUN]
[0m16:54:07.863710 [debug] [Thread-1 (]: Re-using an available connection from the pool (formerly test.self_healing_pipeline.not_null_daily_weather_summary_day.94fef7bf6b, now test.self_healing_pipeline.not_null_stg_weather_ts.4f82cf9d8b)
[0m16:54:07.865051 [debug] [Thread-4 (]: Re-using an available connection from the pool (formerly test.self_healing_pipeline.not_null_stg_weather_temperature_c.3a7a09f65f, now test.self_healing_pipeline.unique_daily_weather_summary_day.3ac2b955ee)
[0m16:54:07.866405 [debug] [Thread-1 (]: Began compiling node test.self_healing_pipeline.not_null_stg_weather_ts.4f82cf9d8b
[0m16:54:07.867483 [debug] [Thread-2 (]: On test.self_healing_pipeline.not_null_daily_weather_summary_reading_count.a3aae03769: Close
[0m16:54:07.868649 [debug] [Thread-4 (]: Began compiling node test.self_healing_pipeline.unique_daily_weather_summary_day.3ac2b955ee
[0m16:54:07.880248 [debug] [Thread-1 (]: Writing injected SQL for node "test.self_healing_pipeline.not_null_stg_weather_ts.4f82cf9d8b"
[0m16:54:07.898108 [debug] [Thread-4 (]: Writing injected SQL for node "test.self_healing_pipeline.unique_daily_weather_summary_day.3ac2b955ee"
[0m16:54:07.887608 [info ] [Thread-2 (]: 2 of 6 PASS not_null_daily_weather_summary_reading_count ....................... [[32mPASS[0m in 0.29s]
[0m16:54:07.900803 [debug] [Thread-2 (]: Finished running node test.self_healing_pipeline.not_null_daily_weather_summary_reading_count.a3aae03769
[0m16:54:07.902747 [debug] [Thread-4 (]: Began executing node test.self_healing_pipeline.unique_daily_weather_summary_day.3ac2b955ee
[0m16:54:07.909981 [debug] [Thread-4 (]: Writing runtime sql for node "test.self_healing_pipeline.unique_daily_weather_summary_day.3ac2b955ee"
[0m16:54:07.911000 [debug] [Thread-1 (]: Began executing node test.self_healing_pipeline.not_null_stg_weather_ts.4f82cf9d8b
[0m16:54:07.917357 [debug] [Thread-1 (]: Writing runtime sql for node "test.self_healing_pipeline.not_null_stg_weather_ts.4f82cf9d8b"
[0m16:54:07.919539 [debug] [Thread-1 (]: Using postgres connection "test.self_healing_pipeline.not_null_stg_weather_ts.4f82cf9d8b"
[0m16:54:07.920844 [debug] [Thread-1 (]: On test.self_healing_pipeline.not_null_stg_weather_ts.4f82cf9d8b: BEGIN
[0m16:54:07.922461 [debug] [Thread-4 (]: Using postgres connection "test.self_healing_pipeline.unique_daily_weather_summary_day.3ac2b955ee"
[0m16:54:07.923601 [debug] [Thread-1 (]: Opening a new connection, currently in state closed
[0m16:54:07.924816 [debug] [Thread-4 (]: On test.self_healing_pipeline.unique_daily_weather_summary_day.3ac2b955ee: BEGIN
[0m16:54:07.926291 [debug] [Thread-4 (]: Opening a new connection, currently in state closed
[0m16:54:07.962798 [debug] [Thread-4 (]: SQL status: BEGIN in 0.037 seconds
[0m16:54:07.964098 [debug] [Thread-1 (]: SQL status: BEGIN in 0.040 seconds
[0m16:54:07.964985 [debug] [Thread-4 (]: Using postgres connection "test.self_healing_pipeline.unique_daily_weather_summary_day.3ac2b955ee"
[0m16:54:07.965756 [debug] [Thread-1 (]: Using postgres connection "test.self_healing_pipeline.not_null_stg_weather_ts.4f82cf9d8b"
[0m16:54:07.966495 [debug] [Thread-4 (]: On test.self_healing_pipeline.unique_daily_weather_summary_day.3ac2b955ee: /* {"app": "dbt", "dbt_version": "1.8.2", "profile_name": "self_healing_pipeline", "target_name": "dev", "node_id": "test.self_healing_pipeline.unique_daily_weather_summary_day.3ac2b955ee"} */
select
      count(*) as failures,
      count(*) != 0 as should_warn,
      count(*) != 0 as should_error
    from (
      
    
    

select
    day as unique_field,
    count(*) as n_records

from "shp"."public"."daily_weather_summary"
where day is not null
group by day
having count(*) > 1



      
    ) dbt_internal_test
[0m16:54:07.967856 [debug] [Thread-1 (]: On test.self_healing_pipeline.not_null_stg_weather_ts.4f82cf9d8b: /* {"app": "dbt", "dbt_version": "1.8.2", "profile_name": "self_healing_pipeline", "target_name": "dev", "node_id": "test.self_healing_pipeline.not_null_stg_weather_ts.4f82cf9d8b"} */
select
      count(*) as failures,
      count(*) != 0 as should_warn,
      count(*) != 0 as should_error
    from (
      
    
    



select ts
from "shp"."public"."stg_weather"
where ts is null



      
    ) dbt_internal_test
[0m16:54:07.973186 [debug] [Thread-1 (]: SQL status: SELECT 1 in 0.004 seconds
[0m16:54:07.976735 [debug] [Thread-1 (]: On test.self_healing_pipeline.not_null_stg_weather_ts.4f82cf9d8b: ROLLBACK
[0m16:54:07.977830 [debug] [Thread-4 (]: SQL status: SELECT 1 in 0.009 seconds
[0m16:54:07.981484 [debug] [Thread-4 (]: On test.self_healing_pipeline.unique_daily_weather_summary_day.3ac2b955ee: ROLLBACK
[0m16:54:07.982163 [debug] [Thread-1 (]: On test.self_healing_pipeline.not_null_stg_weather_ts.4f82cf9d8b: Close
[0m16:54:07.984172 [info ] [Thread-1 (]: 5 of 6 PASS not_null_stg_weather_ts ............................................ [[32mPASS[0m in 0.12s]
[0m16:54:07.986298 [debug] [Thread-1 (]: Finished running node test.self_healing_pipeline.not_null_stg_weather_ts.4f82cf9d8b
[0m16:54:07.988375 [debug] [Thread-4 (]: On test.self_healing_pipeline.unique_daily_weather_summary_day.3ac2b955ee: Close
[0m16:54:07.990450 [info ] [Thread-4 (]: 6 of 6 PASS unique_daily_weather_summary_day ................................... [[32mPASS[0m in 0.13s]
[0m16:54:07.992487 [debug] [Thread-4 (]: Finished running node test.self_healing_pipeline.unique_daily_weather_summary_day.3ac2b955ee
[0m16:54:07.995616 [debug] [MainThread]: Using postgres connection "master"
[0m16:54:07.996202 [debug] [MainThread]: On master: BEGIN
[0m16:54:07.996694 [debug] [MainThread]: Opening a new connection, currently in state closed
[0m16:54:08.027589 [debug] [MainThread]: SQL status: BEGIN in 0.031 seconds
[0m16:54:08.028686 [debug] [MainThread]: On master: COMMIT
[0m16:54:08.029705 [debug] [MainThread]: Using postgres connection "master"
[0m16:54:08.030735 [debug] [MainThread]: On master: COMMIT
[0m16:54:08.033068 [debug] [MainThread]: SQL status: COMMIT in 0.001 seconds
[0m16:54:08.033669 [debug] [MainThread]: On master: Close
[0m16:54:08.034560 [debug] [MainThread]: Connection 'master' was properly closed.
[0m16:54:08.035641 [debug] [MainThread]: Connection 'list_shp_public' was properly closed.
[0m16:54:08.036781 [debug] [MainThread]: Connection 'test.self_healing_pipeline.unique_daily_weather_summary_day.3ac2b955ee' was properly closed.
[0m16:54:08.037792 [debug] [MainThread]: Connection 'test.self_healing_pipeline.not_null_stg_weather_humidity_pct.2b05ac1847' was properly closed.
[0m16:54:08.038780 [debug] [MainThread]: Connection 'test.self_healing_pipeline.not_null_stg_weather_ts.4f82cf9d8b' was properly closed.
[0m16:54:08.040086 [debug] [MainThread]: Connection 'test.self_healing_pipeline.not_null_daily_weather_summary_reading_count.a3aae03769' was properly closed.
[0m16:54:08.041177 [info ] [MainThread]: 
[0m16:54:08.042297 [info ] [MainThread]: Finished running 6 data tests in 0 hours 0 minutes and 0.79 seconds (0.79s).
[0m16:54:08.047188 [debug] [MainThread]: Command end result
[0m16:54:08.119043 [info ] [MainThread]: 
[0m16:54:08.120167 [info ] [MainThread]: [32mCompleted successfully[0m
[0m16:54:08.121108 [info ] [MainThread]: 
[0m16:54:08.122356 [info ] [MainThread]: Done. PASS=6 WARN=0 ERROR=0 SKIP=0 TOTAL=6
[0m16:54:08.124983 [debug] [MainThread]: Command `dbt test` succeeded at 16:54:08.124654 after 3.70 seconds
[0m16:54:08.126112 [debug] [MainThread]: Sending event: {'category': 'dbt', 'action': 'invocation', 'label': 'end', 'context': [<snowplow_tracker.self_describing_json.SelfDescribingJson object at 0x000002939FFCD190>, <snowplow_tracker.self_describing_json.SelfDescribingJson object at 0x00000293A1775390>, <snowplow_tracker.self_describing_json.SelfDescribingJson object at 0x00000293A17764C0>]}
[0m16:54:08.127226 [debug] [MainThread]: Flushing usage events
[0m20:50:35.984728 [debug] [MainThread]: Sending event: {'category': 'dbt', 'action': 'invocation', 'label': 'start', 'context': [<snowplow_tracker.self_describing_json.SelfDescribingJson object at 0x000002A08BDBBE00>, <snowplow_tracker.self_describing_json.SelfDescribingJson object at 0x000002A08B9B5E50>, <snowplow_tracker.self_describing_json.SelfDescribingJson object at 0x000002A08AB9C910>]}


============================== 20:50:35.992155 | b931d0b1-f85d-4b05-b2a8-4d1a64c32bdb ==============================
[0m20:50:35.992155 [info ] [MainThread]: Running with dbt=1.8.2
[0m20:50:35.993797 [debug] [MainThread]: running dbt with arguments {'printer_width': '80', 'indirect_selection': 'eager', 'write_json': 'True', 'log_cache_events': 'False', 'partial_parse': 'True', 'cache_selected_only': 'False', 'profiles_dir': 'C:\\Users\\Qc\\Desktop\\self-healing-pipeline\\transform\\dbt_project', 'debug': 'False', 'version_check': 'True', 'log_path': 'C:\\Users\\Qc\\Desktop\\self-healing-pipeline\\transform\\dbt_project\\logs', 'warn_error': 'None', 'fail_fast': 'False', 'use_colors': 'True', 'use_experimental_parser': 'False', 'no_print': 'None', 'quiet': 'False', 'log_format': 'default', 'introspect': 'True', 'invocation_command': 'dbt run', 'static_parser': 'True', 'target_path': 'None', 'warn_error_options': 'WarnErrorOptions(include=[], exclude=[])', 'send_anonymous_usage_stats': 'True'}
[0m20:50:36.599494 [debug] [MainThread]: Sending event: {'category': 'dbt', 'action': 'project_id', 'label': 'b931d0b1-f85d-4b05-b2a8-4d1a64c32bdb', 'context': [<snowplow_tracker.self_describing_json.SelfDescribingJson object at 0x000002A08EBBF360>]}
[0m20:50:36.773886 [debug] [MainThread]: Sending event: {'category': 'dbt', 'action': 'adapter_info', 'label': 'b931d0b1-f85d-4b05-b2a8-4d1a64c32bdb', 'context': [<snowplow_tracker.self_describing_json.SelfDescribingJson object at 0x000002A08E9787C0>]}
[0m20:50:36.776236 [info ] [MainThread]: Registered adapter: postgres=1.8.2
[0m20:50:37.311165 [debug] [MainThread]: checksum: f0a141b9de567cb7f131613ba2682f40b3a1c6a157f81c6e5435862eff68f109, vars: {}, profile: , target: , version: 1.8.2
[0m20:50:37.881553 [debug] [MainThread]: Partial parsing enabled: 0 files deleted, 0 files added, 0 files changed.
[0m20:50:37.882116 [debug] [MainThread]: Partial parsing enabled, no changes found, skipping parsing
[0m20:50:37.970168 [debug] [MainThread]: Sending event: {'category': 'dbt', 'action': 'load_project', 'label': 'b931d0b1-f85d-4b05-b2a8-4d1a64c32bdb', 'context': [<snowplow_tracker.self_describing_json.SelfDescribingJson object at 0x000002A08FFE8550>]}
[0m20:50:38.207719 [debug] [MainThread]: Sending event: {'category': 'dbt', 'action': 'resource_counts', 'label': 'b931d0b1-f85d-4b05-b2a8-4d1a64c32bdb', 'context': [<snowplow_tracker.self_describing_json.SelfDescribingJson object at 0x000002A08ED0FE30>]}
[0m20:50:38.208515 [info ] [MainThread]: Found 2 models, 6 data tests, 1 source, 428 macros
[0m20:50:38.209196 [debug] [MainThread]: Sending event: {'category': 'dbt', 'action': 'runnable_timing', 'label': 'b931d0b1-f85d-4b05-b2a8-4d1a64c32bdb', 'context': [<snowplow_tracker.self_describing_json.SelfDescribingJson object at 0x000002A090015A90>]}
[0m20:50:38.211905 [info ] [MainThread]: 
[0m20:50:38.212789 [debug] [MainThread]: Acquiring new postgres connection 'master'
[0m20:50:38.218084 [debug] [ThreadPool]: Acquiring new postgres connection 'list_shp'
[0m20:50:38.424532 [debug] [ThreadPool]: Using postgres connection "list_shp"
[0m20:50:38.425524 [debug] [ThreadPool]: On list_shp: /* {"app": "dbt", "dbt_version": "1.8.2", "profile_name": "self_healing_pipeline", "target_name": "dev", "connection_name": "list_shp"} */

    select distinct nspname from pg_namespace
  
[0m20:50:38.426378 [debug] [ThreadPool]: Opening a new connection, currently in state init
[0m20:50:38.477374 [debug] [ThreadPool]: SQL status: SELECT 4 in 0.051 seconds
[0m20:50:38.481716 [debug] [ThreadPool]: On list_shp: Close
[0m20:50:38.488962 [debug] [ThreadPool]: Acquiring new postgres connection 'list_shp_public'
[0m20:50:38.504717 [debug] [ThreadPool]: Using postgres connection "list_shp_public"
[0m20:50:38.505367 [debug] [ThreadPool]: On list_shp_public: BEGIN
[0m20:50:38.506087 [debug] [ThreadPool]: Opening a new connection, currently in state init
[0m20:50:38.541938 [debug] [ThreadPool]: SQL status: BEGIN in 0.036 seconds
[0m20:50:38.543177 [debug] [ThreadPool]: Using postgres connection "list_shp_public"
[0m20:50:38.544651 [debug] [ThreadPool]: On list_shp_public: /* {"app": "dbt", "dbt_version": "1.8.2", "profile_name": "self_healing_pipeline", "target_name": "dev", "connection_name": "list_shp_public"} */
select
      'shp' as database,
      tablename as name,
      schemaname as schema,
      'table' as type
    from pg_tables
    where schemaname ilike 'public'
    union all
    select
      'shp' as database,
      viewname as name,
      schemaname as schema,
      'view' as type
    from pg_views
    where schemaname ilike 'public'
    union all
    select
      'shp' as database,
      matviewname as name,
      schemaname as schema,
      'materialized_view' as type
    from pg_matviews
    where schemaname ilike 'public'
  
[0m20:50:38.569960 [debug] [ThreadPool]: SQL status: SELECT 4 in 0.024 seconds
[0m20:50:38.573594 [debug] [ThreadPool]: On list_shp_public: ROLLBACK
[0m20:50:38.576183 [debug] [ThreadPool]: On list_shp_public: Close
[0m20:50:38.590856 [debug] [MainThread]: Using postgres connection "master"
[0m20:50:38.591888 [debug] [MainThread]: On master: BEGIN
[0m20:50:38.592812 [debug] [MainThread]: Opening a new connection, currently in state init
[0m20:50:38.639478 [debug] [MainThread]: SQL status: BEGIN in 0.047 seconds
[0m20:50:38.640087 [debug] [MainThread]: Using postgres connection "master"
[0m20:50:38.640683 [debug] [MainThread]: On master: /* {"app": "dbt", "dbt_version": "1.8.2", "profile_name": "self_healing_pipeline", "target_name": "dev", "connection_name": "master"} */
with relation as (
        select
            pg_rewrite.ev_class as class,
            pg_rewrite.oid as id
        from pg_rewrite
    ),
    class as (
        select
            oid as id,
            relname as name,
            relnamespace as schema,
            relkind as kind
        from pg_class
    ),
    dependency as (
        select distinct
            pg_depend.objid as id,
            pg_depend.refobjid as ref
        from pg_depend
    ),
    schema as (
        select
            pg_namespace.oid as id,
            pg_namespace.nspname as name
        from pg_namespace
        where nspname != 'information_schema' and nspname not like 'pg\_%'
    ),
    referenced as (
        select
            relation.id AS id,
            referenced_class.name ,
            referenced_class.schema ,
            referenced_class.kind
        from relation
        join class as referenced_class on relation.class=referenced_class.id
        where referenced_class.kind in ('r', 'v', 'm')
    ),
    relationships as (
        select
            referenced.name as referenced_name,
            referenced.schema as referenced_schema_id,
            dependent_class.name as dependent_name,
            dependent_class.schema as dependent_schema_id,
            referenced.kind as kind
        from referenced
        join dependency on referenced.id=dependency.id
        join class as dependent_class on dependency.ref=dependent_class.id
        where
            (referenced.name != dependent_class.name or
             referenced.schema != dependent_class.schema)
    )

    select
        referenced_schema.name as referenced_schema,
        relationships.referenced_name as referenced_name,
        dependent_schema.name as dependent_schema,
        relationships.dependent_name as dependent_name
    from relationships
    join schema as dependent_schema on relationships.dependent_schema_id=dependent_schema.id
    join schema as referenced_schema on relationships.referenced_schema_id=referenced_schema.id
    group by referenced_schema, referenced_name, dependent_schema, dependent_name
    order by referenced_schema, referenced_name, dependent_schema, dependent_name;
[0m20:50:38.659391 [debug] [MainThread]: SQL status: SELECT 1 in 0.018 seconds
[0m20:50:38.662775 [debug] [MainThread]: Sending event: {'category': 'dbt', 'action': 'runnable_timing', 'label': 'b931d0b1-f85d-4b05-b2a8-4d1a64c32bdb', 'context': [<snowplow_tracker.self_describing_json.SelfDescribingJson object at 0x000002A090276000>]}
[0m20:50:38.663884 [debug] [MainThread]: On master: ROLLBACK
[0m20:50:38.666268 [debug] [MainThread]: Using postgres connection "master"
[0m20:50:38.667269 [debug] [MainThread]: On master: BEGIN
[0m20:50:38.670867 [debug] [MainThread]: SQL status: BEGIN in 0.003 seconds
[0m20:50:38.671425 [debug] [MainThread]: On master: COMMIT
[0m20:50:38.672345 [debug] [MainThread]: Using postgres connection "master"
[0m20:50:38.673109 [debug] [MainThread]: On master: COMMIT
[0m20:50:38.674802 [debug] [MainThread]: SQL status: COMMIT in 0.001 seconds
[0m20:50:38.675794 [debug] [MainThread]: On master: Close
[0m20:50:38.677066 [info ] [MainThread]: Concurrency: 4 threads (target='dev')
[0m20:50:38.678324 [info ] [MainThread]: 
[0m20:50:38.686094 [debug] [Thread-1 (]: Began running node model.self_healing_pipeline.stg_weather
[0m20:50:38.688582 [info ] [Thread-1 (]: 1 of 2 START sql view model public.stg_weather ................................. [RUN]
[0m20:50:38.689666 [debug] [Thread-1 (]: Acquiring new postgres connection 'model.self_healing_pipeline.stg_weather'
[0m20:50:38.690615 [debug] [Thread-1 (]: Began compiling node model.self_healing_pipeline.stg_weather
[0m20:50:38.702222 [debug] [Thread-1 (]: Writing injected SQL for node "model.self_healing_pipeline.stg_weather"
[0m20:50:38.704546 [debug] [Thread-1 (]: Began executing node model.self_healing_pipeline.stg_weather
[0m20:50:38.765851 [debug] [Thread-1 (]: Writing runtime sql for node "model.self_healing_pipeline.stg_weather"
[0m20:50:38.769562 [debug] [Thread-1 (]: Using postgres connection "model.self_healing_pipeline.stg_weather"
[0m20:50:38.770791 [debug] [Thread-1 (]: On model.self_healing_pipeline.stg_weather: BEGIN
[0m20:50:38.771518 [debug] [Thread-1 (]: Opening a new connection, currently in state init
[0m20:50:38.795454 [debug] [Thread-1 (]: SQL status: BEGIN in 0.024 seconds
[0m20:50:38.796368 [debug] [Thread-1 (]: Using postgres connection "model.self_healing_pipeline.stg_weather"
[0m20:50:38.797547 [debug] [Thread-1 (]: On model.self_healing_pipeline.stg_weather: /* {"app": "dbt", "dbt_version": "1.8.2", "profile_name": "self_healing_pipeline", "target_name": "dev", "node_id": "model.self_healing_pipeline.stg_weather"} */

  create view "shp"."public"."stg_weather__dbt_tmp"
    
    
  as (
    -- Cleans raw_weather: casts types, drops obviously bad rows.
-- This is the model that breaks first when --break bad_column or
-- --break schema_drift is used upstream — good starting point for the
-- Monitor Agent to point at in Stage 1.
select
    ts::timestamp              as ts,
    temperature_c::numeric     as temperature_c,
    humidity_pct::numeric      as humidity_pct,
    precipitation_mm::numeric  as precipitation_mm,
    loaded_at
from "shp"."public"."raw_weather"
where ts is not null
  and temperature_c ~ '^-?\d+(\.\d+)?$'
  );
[0m20:50:38.816796 [debug] [Thread-1 (]: SQL status: CREATE VIEW in 0.018 seconds
[0m20:50:38.827449 [debug] [Thread-1 (]: Using postgres connection "model.self_healing_pipeline.stg_weather"
[0m20:50:38.828269 [debug] [Thread-1 (]: On model.self_healing_pipeline.stg_weather: /* {"app": "dbt", "dbt_version": "1.8.2", "profile_name": "self_healing_pipeline", "target_name": "dev", "node_id": "model.self_healing_pipeline.stg_weather"} */
alter table "shp"."public"."stg_weather" rename to "stg_weather__dbt_backup"
[0m20:50:38.832169 [debug] [Thread-1 (]: SQL status: ALTER TABLE in 0.003 seconds
[0m20:50:38.838201 [debug] [Thread-1 (]: Using postgres connection "model.self_healing_pipeline.stg_weather"
[0m20:50:38.838955 [debug] [Thread-1 (]: On model.self_healing_pipeline.stg_weather: /* {"app": "dbt", "dbt_version": "1.8.2", "profile_name": "self_healing_pipeline", "target_name": "dev", "node_id": "model.self_healing_pipeline.stg_weather"} */
alter table "shp"."public"."stg_weather__dbt_tmp" rename to "stg_weather"
[0m20:50:38.841751 [debug] [Thread-1 (]: SQL status: ALTER TABLE in 0.002 seconds
[0m20:50:38.869586 [debug] [Thread-1 (]: On model.self_healing_pipeline.stg_weather: COMMIT
[0m20:50:38.870242 [debug] [Thread-1 (]: Using postgres connection "model.self_healing_pipeline.stg_weather"
[0m20:50:38.870735 [debug] [Thread-1 (]: On model.self_healing_pipeline.stg_weather: COMMIT
[0m20:50:38.878525 [debug] [Thread-1 (]: SQL status: COMMIT in 0.007 seconds
[0m20:50:38.894062 [debug] [Thread-1 (]: Applying DROP to: "shp"."public"."stg_weather__dbt_backup"
[0m20:50:38.905844 [debug] [Thread-1 (]: Using postgres connection "model.self_healing_pipeline.stg_weather"
[0m20:50:38.907081 [debug] [Thread-1 (]: On model.self_healing_pipeline.stg_weather: /* {"app": "dbt", "dbt_version": "1.8.2", "profile_name": "self_healing_pipeline", "target_name": "dev", "node_id": "model.self_healing_pipeline.stg_weather"} */
drop view if exists "shp"."public"."stg_weather__dbt_backup" cascade
[0m20:50:38.916058 [debug] [Thread-1 (]: SQL status: DROP VIEW in 0.008 seconds
[0m20:50:38.920617 [debug] [Thread-1 (]: On model.self_healing_pipeline.stg_weather: Close
[0m20:50:38.924962 [debug] [Thread-1 (]: Sending event: {'category': 'dbt', 'action': 'run_model', 'label': 'b931d0b1-f85d-4b05-b2a8-4d1a64c32bdb', 'context': [<snowplow_tracker.self_describing_json.SelfDescribingJson object at 0x000002A090086C90>]}
[0m20:50:38.927029 [info ] [Thread-1 (]: 1 of 2 OK created sql view model public.stg_weather ............................ [[32mCREATE VIEW[0m in 0.23s]
[0m20:50:38.928719 [debug] [Thread-1 (]: Finished running node model.self_healing_pipeline.stg_weather
[0m20:50:38.930185 [debug] [Thread-2 (]: Began running node model.self_healing_pipeline.daily_weather_summary
[0m20:50:38.931231 [info ] [Thread-2 (]: 2 of 2 START sql table model public.daily_weather_summary ...................... [RUN]
[0m20:50:38.932766 [debug] [Thread-2 (]: Acquiring new postgres connection 'model.self_healing_pipeline.daily_weather_summary'
[0m20:50:38.933637 [debug] [Thread-2 (]: Began compiling node model.self_healing_pipeline.daily_weather_summary
[0m20:50:38.941462 [debug] [Thread-2 (]: Writing injected SQL for node "model.self_healing_pipeline.daily_weather_summary"
[0m20:50:38.943583 [debug] [Thread-2 (]: Began executing node model.self_healing_pipeline.daily_weather_summary
[0m20:50:39.044403 [debug] [Thread-2 (]: Writing runtime sql for node "model.self_healing_pipeline.daily_weather_summary"
[0m20:50:39.046695 [debug] [Thread-2 (]: Using postgres connection "model.self_healing_pipeline.daily_weather_summary"
[0m20:50:39.047808 [debug] [Thread-2 (]: On model.self_healing_pipeline.daily_weather_summary: BEGIN
[0m20:50:39.048829 [debug] [Thread-2 (]: Opening a new connection, currently in state init
[0m20:50:39.219026 [debug] [Thread-2 (]: SQL status: BEGIN in 0.170 seconds
[0m20:50:39.220348 [debug] [Thread-2 (]: Using postgres connection "model.self_healing_pipeline.daily_weather_summary"
[0m20:50:39.221681 [debug] [Thread-2 (]: On model.self_healing_pipeline.daily_weather_summary: /* {"app": "dbt", "dbt_version": "1.8.2", "profile_name": "self_healing_pipeline", "target_name": "dev", "node_id": "model.self_healing_pipeline.daily_weather_summary"} */

  
    

  create  table "shp"."public"."daily_weather_summary__dbt_tmp"
  
  
    as
  
  (
    select
    date_trunc('day', ts)              as day,
    avg(temperature_c)                 as avg_temp_c,
    min(temperature_c)                 as min_temp_c,
    max(temperature_c)                 as max_temp_c,
    avg(humidity_pct)                  as avg_humidity_pct,
    sum(precipitation_mm)              as total_precipitation_mm,
    count(*)                           as reading_count
from "shp"."public"."stg_weather"
group by 1
  );
  
[0m20:50:39.263051 [debug] [Thread-2 (]: SQL status: SELECT 0 in 0.040 seconds
[0m20:50:39.272060 [debug] [Thread-2 (]: Using postgres connection "model.self_healing_pipeline.daily_weather_summary"
[0m20:50:39.273298 [debug] [Thread-2 (]: On model.self_healing_pipeline.daily_weather_summary: /* {"app": "dbt", "dbt_version": "1.8.2", "profile_name": "self_healing_pipeline", "target_name": "dev", "node_id": "model.self_healing_pipeline.daily_weather_summary"} */
alter table "shp"."public"."daily_weather_summary" rename to "daily_weather_summary__dbt_backup"
[0m20:50:39.277402 [debug] [Thread-2 (]: SQL status: ALTER TABLE in 0.003 seconds
[0m20:50:39.284695 [debug] [Thread-2 (]: Using postgres connection "model.self_healing_pipeline.daily_weather_summary"
[0m20:50:39.285697 [debug] [Thread-2 (]: On model.self_healing_pipeline.daily_weather_summary: /* {"app": "dbt", "dbt_version": "1.8.2", "profile_name": "self_healing_pipeline", "target_name": "dev", "node_id": "model.self_healing_pipeline.daily_weather_summary"} */
alter table "shp"."public"."daily_weather_summary__dbt_tmp" rename to "daily_weather_summary"
[0m20:50:39.288272 [debug] [Thread-2 (]: SQL status: ALTER TABLE in 0.002 seconds
[0m20:50:39.300120 [debug] [Thread-2 (]: On model.self_healing_pipeline.daily_weather_summary: COMMIT
[0m20:50:39.301244 [debug] [Thread-2 (]: Using postgres connection "model.self_healing_pipeline.daily_weather_summary"
[0m20:50:39.302295 [debug] [Thread-2 (]: On model.self_healing_pipeline.daily_weather_summary: COMMIT
[0m20:50:39.308843 [debug] [Thread-2 (]: SQL status: COMMIT in 0.005 seconds
[0m20:50:39.313836 [debug] [Thread-2 (]: Applying DROP to: "shp"."public"."daily_weather_summary__dbt_backup"
[0m20:50:39.318708 [debug] [Thread-2 (]: Using postgres connection "model.self_healing_pipeline.daily_weather_summary"
[0m20:50:39.319429 [debug] [Thread-2 (]: On model.self_healing_pipeline.daily_weather_summary: /* {"app": "dbt", "dbt_version": "1.8.2", "profile_name": "self_healing_pipeline", "target_name": "dev", "node_id": "model.self_healing_pipeline.daily_weather_summary"} */
drop table if exists "shp"."public"."daily_weather_summary__dbt_backup" cascade
[0m20:50:39.325578 [debug] [Thread-2 (]: SQL status: DROP TABLE in 0.005 seconds
[0m20:50:39.329352 [debug] [Thread-2 (]: On model.self_healing_pipeline.daily_weather_summary: Close
[0m20:50:39.330869 [debug] [Thread-2 (]: Sending event: {'category': 'dbt', 'action': 'run_model', 'label': 'b931d0b1-f85d-4b05-b2a8-4d1a64c32bdb', 'context': [<snowplow_tracker.self_describing_json.SelfDescribingJson object at 0x000002A09003FA10>]}
[0m20:50:39.332691 [info ] [Thread-2 (]: 2 of 2 OK created sql table model public.daily_weather_summary ................. [[32mSELECT 0[0m in 0.40s]
[0m20:50:39.335061 [debug] [Thread-2 (]: Finished running node model.self_healing_pipeline.daily_weather_summary
[0m20:50:39.337734 [debug] [MainThread]: Using postgres connection "master"
[0m20:50:39.338778 [debug] [MainThread]: On master: BEGIN
[0m20:50:39.339653 [debug] [MainThread]: Opening a new connection, currently in state closed
[0m20:50:39.367095 [debug] [MainThread]: SQL status: BEGIN in 0.027 seconds
[0m20:50:39.368061 [debug] [MainThread]: On master: COMMIT
[0m20:50:39.368838 [debug] [MainThread]: Using postgres connection "master"
[0m20:50:39.369663 [debug] [MainThread]: On master: COMMIT
[0m20:50:39.371783 [debug] [MainThread]: SQL status: COMMIT in 0.001 seconds
[0m20:50:39.372520 [debug] [MainThread]: On master: Close
[0m20:50:39.373412 [debug] [MainThread]: Connection 'master' was properly closed.
[0m20:50:39.374258 [debug] [MainThread]: Connection 'list_shp' was properly closed.
[0m20:50:39.374753 [debug] [MainThread]: Connection 'list_shp_public' was properly closed.
[0m20:50:39.375299 [debug] [MainThread]: Connection 'model.self_healing_pipeline.stg_weather' was properly closed.
[0m20:50:39.375781 [debug] [MainThread]: Connection 'model.self_healing_pipeline.daily_weather_summary' was properly closed.
[0m20:50:39.376419 [info ] [MainThread]: 
[0m20:50:39.377244 [info ] [MainThread]: Finished running 1 view model, 1 table model in 0 hours 0 minutes and 1.16 seconds (1.16s).
[0m20:50:39.380168 [debug] [MainThread]: Command end result
[0m20:50:39.440650 [info ] [MainThread]: 
[0m20:50:39.441763 [info ] [MainThread]: [32mCompleted successfully[0m
[0m20:50:39.442710 [info ] [MainThread]: 
[0m20:50:39.443527 [info ] [MainThread]: Done. PASS=2 WARN=0 ERROR=0 SKIP=0 TOTAL=2
[0m20:50:39.445430 [debug] [MainThread]: Command `dbt run` succeeded at 20:50:39.445211 after 3.70 seconds
[0m20:50:39.446041 [debug] [MainThread]: Sending event: {'category': 'dbt', 'action': 'invocation', 'label': 'end', 'context': [<snowplow_tracker.self_describing_json.SelfDescribingJson object at 0x000002A090467570>, <snowplow_tracker.self_describing_json.SelfDescribingJson object at 0x000002A090077AD0>, <snowplow_tracker.self_describing_json.SelfDescribingJson object at 0x000002A08ECCC350>]}
[0m20:50:39.446616 [debug] [MainThread]: Flushing usage events
[0m20:50:53.104003 [debug] [MainThread]: Sending event: {'category': 'dbt', 'action': 'invocation', 'label': 'start', 'context': [<snowplow_tracker.self_describing_json.SelfDescribingJson object at 0x0000014612987E00>, <snowplow_tracker.self_describing_json.SelfDescribingJson object at 0x0000014612595E50>, <snowplow_tracker.self_describing_json.SelfDescribingJson object at 0x000001461176C910>]}


============================== 20:50:53.110361 | 6feb9d63-9e20-48d4-940d-2f079083950c ==============================
[0m20:50:53.110361 [info ] [MainThread]: Running with dbt=1.8.2
[0m20:50:53.111240 [debug] [MainThread]: running dbt with arguments {'printer_width': '80', 'indirect_selection': 'eager', 'write_json': 'True', 'log_cache_events': 'False', 'partial_parse': 'True', 'cache_selected_only': 'False', 'warn_error': 'None', 'debug': 'False', 'profiles_dir': 'C:\\Users\\Qc\\Desktop\\self-healing-pipeline\\transform\\dbt_project', 'log_path': 'C:\\Users\\Qc\\Desktop\\self-healing-pipeline\\transform\\dbt_project\\logs', 'version_check': 'True', 'fail_fast': 'False', 'use_colors': 'True', 'use_experimental_parser': 'False', 'no_print': 'None', 'quiet': 'False', 'warn_error_options': 'WarnErrorOptions(include=[], exclude=[])', 'invocation_command': 'dbt test', 'log_format': 'default', 'static_parser': 'True', 'target_path': 'None', 'introspect': 'True', 'send_anonymous_usage_stats': 'True'}
[0m20:50:53.665264 [debug] [MainThread]: Sending event: {'category': 'dbt', 'action': 'project_id', 'label': '6feb9d63-9e20-48d4-940d-2f079083950c', 'context': [<snowplow_tracker.self_describing_json.SelfDescribingJson object at 0x000001461575F360>]}
[0m20:50:53.829600 [debug] [MainThread]: Sending event: {'category': 'dbt', 'action': 'adapter_info', 'label': '6feb9d63-9e20-48d4-940d-2f079083950c', 'context': [<snowplow_tracker.self_describing_json.SelfDescribingJson object at 0x00000146155487C0>]}
[0m20:50:53.833091 [info ] [MainThread]: Registered adapter: postgres=1.8.2
[0m20:50:54.237547 [debug] [MainThread]: checksum: f0a141b9de567cb7f131613ba2682f40b3a1c6a157f81c6e5435862eff68f109, vars: {}, profile: , target: , version: 1.8.2
[0m20:50:54.912469 [debug] [MainThread]: Partial parsing enabled: 0 files deleted, 0 files added, 0 files changed.
[0m20:50:54.913400 [debug] [MainThread]: Partial parsing enabled, no changes found, skipping parsing
[0m20:50:54.994824 [debug] [MainThread]: Sending event: {'category': 'dbt', 'action': 'load_project', 'label': '6feb9d63-9e20-48d4-940d-2f079083950c', 'context': [<snowplow_tracker.self_describing_json.SelfDescribingJson object at 0x0000014616C08550>]}
[0m20:50:55.309918 [debug] [MainThread]: Sending event: {'category': 'dbt', 'action': 'resource_counts', 'label': '6feb9d63-9e20-48d4-940d-2f079083950c', 'context': [<snowplow_tracker.self_describing_json.SelfDescribingJson object at 0x0000014616CED400>]}
[0m20:50:55.311228 [info ] [MainThread]: Found 2 models, 6 data tests, 1 source, 428 macros
[0m20:50:55.311932 [debug] [MainThread]: Sending event: {'category': 'dbt', 'action': 'runnable_timing', 'label': '6feb9d63-9e20-48d4-940d-2f079083950c', 'context': [<snowplow_tracker.self_describing_json.SelfDescribingJson object at 0x0000014616D12510>]}
[0m20:50:55.315010 [info ] [MainThread]: 
[0m20:50:55.315895 [debug] [MainThread]: Acquiring new postgres connection 'master'
[0m20:50:55.321337 [debug] [ThreadPool]: Acquiring new postgres connection 'list_shp_public'
[0m20:50:55.471644 [debug] [ThreadPool]: Using postgres connection "list_shp_public"
[0m20:50:55.472172 [debug] [ThreadPool]: On list_shp_public: BEGIN
[0m20:50:55.472847 [debug] [ThreadPool]: Opening a new connection, currently in state init
[0m20:50:55.504532 [debug] [ThreadPool]: SQL status: BEGIN in 0.032 seconds
[0m20:50:55.505519 [debug] [ThreadPool]: Using postgres connection "list_shp_public"
[0m20:50:55.506239 [debug] [ThreadPool]: On list_shp_public: /* {"app": "dbt", "dbt_version": "1.8.2", "profile_name": "self_healing_pipeline", "target_name": "dev", "connection_name": "list_shp_public"} */
select
      'shp' as database,
      tablename as name,
      schemaname as schema,
      'table' as type
    from pg_tables
    where schemaname ilike 'public'
    union all
    select
      'shp' as database,
      viewname as name,
      schemaname as schema,
      'view' as type
    from pg_views
    where schemaname ilike 'public'
    union all
    select
      'shp' as database,
      matviewname as name,
      schemaname as schema,
      'materialized_view' as type
    from pg_matviews
    where schemaname ilike 'public'
  
[0m20:50:55.514518 [debug] [ThreadPool]: SQL status: SELECT 4 in 0.007 seconds
[0m20:50:55.518479 [debug] [ThreadPool]: On list_shp_public: ROLLBACK
[0m20:50:55.521065 [debug] [ThreadPool]: On list_shp_public: Close
[0m20:50:55.533810 [debug] [MainThread]: Using postgres connection "master"
[0m20:50:55.534457 [debug] [MainThread]: On master: BEGIN
[0m20:50:55.534925 [debug] [MainThread]: Opening a new connection, currently in state init
[0m20:50:55.563029 [debug] [MainThread]: SQL status: BEGIN in 0.028 seconds
[0m20:50:55.563694 [debug] [MainThread]: Using postgres connection "master"
[0m20:50:55.564607 [debug] [MainThread]: On master: /* {"app": "dbt", "dbt_version": "1.8.2", "profile_name": "self_healing_pipeline", "target_name": "dev", "connection_name": "master"} */
with relation as (
        select
            pg_rewrite.ev_class as class,
            pg_rewrite.oid as id
        from pg_rewrite
    ),
    class as (
        select
            oid as id,
            relname as name,
            relnamespace as schema,
            relkind as kind
        from pg_class
    ),
    dependency as (
        select distinct
            pg_depend.objid as id,
            pg_depend.refobjid as ref
        from pg_depend
    ),
    schema as (
        select
            pg_namespace.oid as id,
            pg_namespace.nspname as name
        from pg_namespace
        where nspname != 'information_schema' and nspname not like 'pg\_%'
    ),
    referenced as (
        select
            relation.id AS id,
            referenced_class.name ,
            referenced_class.schema ,
            referenced_class.kind
        from relation
        join class as referenced_class on relation.class=referenced_class.id
        where referenced_class.kind in ('r', 'v', 'm')
    ),
    relationships as (
        select
            referenced.name as referenced_name,
            referenced.schema as referenced_schema_id,
            dependent_class.name as dependent_name,
            dependent_class.schema as dependent_schema_id,
            referenced.kind as kind
        from referenced
        join dependency on referenced.id=dependency.id
        join class as dependent_class on dependency.ref=dependent_class.id
        where
            (referenced.name != dependent_class.name or
             referenced.schema != dependent_class.schema)
    )

    select
        referenced_schema.name as referenced_schema,
        relationships.referenced_name as referenced_name,
        dependent_schema.name as dependent_schema,
        relationships.dependent_name as dependent_name
    from relationships
    join schema as dependent_schema on relationships.dependent_schema_id=dependent_schema.id
    join schema as referenced_schema on relationships.referenced_schema_id=referenced_schema.id
    group by referenced_schema, referenced_name, dependent_schema, dependent_name
    order by referenced_schema, referenced_name, dependent_schema, dependent_name;
[0m20:50:55.577013 [debug] [MainThread]: SQL status: SELECT 1 in 0.011 seconds
[0m20:50:55.579816 [debug] [MainThread]: Sending event: {'category': 'dbt', 'action': 'runnable_timing', 'label': '6feb9d63-9e20-48d4-940d-2f079083950c', 'context': [<snowplow_tracker.self_describing_json.SelfDescribingJson object at 0x0000014616F29980>]}
[0m20:50:55.580867 [debug] [MainThread]: On master: ROLLBACK
[0m20:50:55.582906 [debug] [MainThread]: Using postgres connection "master"
[0m20:50:55.583867 [debug] [MainThread]: On master: BEGIN
[0m20:50:55.587314 [debug] [MainThread]: SQL status: BEGIN in 0.003 seconds
[0m20:50:55.588013 [debug] [MainThread]: On master: COMMIT
[0m20:50:55.588784 [debug] [MainThread]: Using postgres connection "master"
[0m20:50:55.589452 [debug] [MainThread]: On master: COMMIT
[0m20:50:55.591479 [debug] [MainThread]: SQL status: COMMIT in 0.001 seconds
[0m20:50:55.592086 [debug] [MainThread]: On master: Close
[0m20:50:55.593053 [info ] [MainThread]: Concurrency: 4 threads (target='dev')
[0m20:50:55.594235 [info ] [MainThread]: 
[0m20:50:55.602283 [debug] [Thread-4 (]: Began running node test.self_healing_pipeline.not_null_stg_weather_temperature_c.3a7a09f65f
[0m20:50:55.603382 [debug] [Thread-3 (]: Began running node test.self_healing_pipeline.not_null_stg_weather_humidity_pct.2b05ac1847
[0m20:50:55.604115 [debug] [Thread-1 (]: Began running node test.self_healing_pipeline.not_null_daily_weather_summary_day.94fef7bf6b
[0m20:50:55.605235 [debug] [Thread-2 (]: Began running node test.self_healing_pipeline.not_null_daily_weather_summary_reading_count.a3aae03769
[0m20:50:55.606359 [info ] [Thread-4 (]: 4 of 6 START test not_null_stg_weather_temperature_c ........................... [RUN]
[0m20:50:55.607489 [info ] [Thread-3 (]: 3 of 6 START test not_null_stg_weather_humidity_pct ............................ [RUN]
[0m20:50:55.608375 [info ] [Thread-1 (]: 1 of 6 START test not_null_daily_weather_summary_day ........................... [RUN]
[0m20:50:55.609557 [info ] [Thread-2 (]: 2 of 6 START test not_null_daily_weather_summary_reading_count ................. [RUN]
[0m20:50:55.610830 [debug] [Thread-4 (]: Acquiring new postgres connection 'test.self_healing_pipeline.not_null_stg_weather_temperature_c.3a7a09f65f'
[0m20:50:55.611595 [debug] [Thread-3 (]: Acquiring new postgres connection 'test.self_healing_pipeline.not_null_stg_weather_humidity_pct.2b05ac1847'
[0m20:50:55.612332 [debug] [Thread-1 (]: Acquiring new postgres connection 'test.self_healing_pipeline.not_null_daily_weather_summary_day.94fef7bf6b'
[0m20:50:55.613541 [debug] [Thread-2 (]: Acquiring new postgres connection 'test.self_healing_pipeline.not_null_daily_weather_summary_reading_count.a3aae03769'
[0m20:50:55.614194 [debug] [Thread-4 (]: Began compiling node test.self_healing_pipeline.not_null_stg_weather_temperature_c.3a7a09f65f
[0m20:50:55.614756 [debug] [Thread-3 (]: Began compiling node test.self_healing_pipeline.not_null_stg_weather_humidity_pct.2b05ac1847
[0m20:50:55.615349 [debug] [Thread-1 (]: Began compiling node test.self_healing_pipeline.not_null_daily_weather_summary_day.94fef7bf6b
[0m20:50:55.616064 [debug] [Thread-2 (]: Began compiling node test.self_healing_pipeline.not_null_daily_weather_summary_reading_count.a3aae03769
[0m20:50:55.657712 [debug] [Thread-4 (]: Writing injected SQL for node "test.self_healing_pipeline.not_null_stg_weather_temperature_c.3a7a09f65f"
[0m20:50:55.659932 [debug] [Thread-3 (]: Writing injected SQL for node "test.self_healing_pipeline.not_null_stg_weather_humidity_pct.2b05ac1847"
[0m20:50:55.666106 [debug] [Thread-1 (]: Writing injected SQL for node "test.self_healing_pipeline.not_null_daily_weather_summary_day.94fef7bf6b"
[0m20:50:55.671461 [debug] [Thread-2 (]: Writing injected SQL for node "test.self_healing_pipeline.not_null_daily_weather_summary_reading_count.a3aae03769"
[0m20:50:55.674481 [debug] [Thread-3 (]: Began executing node test.self_healing_pipeline.not_null_stg_weather_humidity_pct.2b05ac1847
[0m20:50:55.675930 [debug] [Thread-2 (]: Began executing node test.self_healing_pipeline.not_null_daily_weather_summary_reading_count.a3aae03769
[0m20:50:55.677173 [debug] [Thread-1 (]: Began executing node test.self_healing_pipeline.not_null_daily_weather_summary_day.94fef7bf6b
[0m20:50:55.678278 [debug] [Thread-4 (]: Began executing node test.self_healing_pipeline.not_null_stg_weather_temperature_c.3a7a09f65f
[0m20:50:55.707977 [debug] [Thread-3 (]: Writing runtime sql for node "test.self_healing_pipeline.not_null_stg_weather_humidity_pct.2b05ac1847"
[0m20:50:55.711508 [debug] [Thread-2 (]: Writing runtime sql for node "test.self_healing_pipeline.not_null_daily_weather_summary_reading_count.a3aae03769"
[0m20:50:55.715067 [debug] [Thread-1 (]: Writing runtime sql for node "test.self_healing_pipeline.not_null_daily_weather_summary_day.94fef7bf6b"
[0m20:50:55.718612 [debug] [Thread-4 (]: Writing runtime sql for node "test.self_healing_pipeline.not_null_stg_weather_temperature_c.3a7a09f65f"
[0m20:50:55.721318 [debug] [Thread-2 (]: Using postgres connection "test.self_healing_pipeline.not_null_daily_weather_summary_reading_count.a3aae03769"
[0m20:50:55.722604 [debug] [Thread-2 (]: On test.self_healing_pipeline.not_null_daily_weather_summary_reading_count.a3aae03769: BEGIN
[0m20:50:55.723822 [debug] [Thread-2 (]: Opening a new connection, currently in state init
[0m20:50:55.725702 [debug] [Thread-4 (]: Using postgres connection "test.self_healing_pipeline.not_null_stg_weather_temperature_c.3a7a09f65f"
[0m20:50:55.726953 [debug] [Thread-4 (]: On test.self_healing_pipeline.not_null_stg_weather_temperature_c.3a7a09f65f: BEGIN
[0m20:50:55.728238 [debug] [Thread-4 (]: Opening a new connection, currently in state init
[0m20:50:55.730390 [debug] [Thread-3 (]: Using postgres connection "test.self_healing_pipeline.not_null_stg_weather_humidity_pct.2b05ac1847"
[0m20:50:55.733102 [debug] [Thread-3 (]: On test.self_healing_pipeline.not_null_stg_weather_humidity_pct.2b05ac1847: BEGIN
[0m20:50:55.734881 [debug] [Thread-3 (]: Opening a new connection, currently in state init
[0m20:50:55.737425 [debug] [Thread-1 (]: Using postgres connection "test.self_healing_pipeline.not_null_daily_weather_summary_day.94fef7bf6b"
[0m20:50:55.739257 [debug] [Thread-1 (]: On test.self_healing_pipeline.not_null_daily_weather_summary_day.94fef7bf6b: BEGIN
[0m20:50:55.740806 [debug] [Thread-1 (]: Opening a new connection, currently in state init
[0m20:50:55.773443 [debug] [Thread-2 (]: SQL status: BEGIN in 0.050 seconds
[0m20:50:55.774849 [debug] [Thread-2 (]: Using postgres connection "test.self_healing_pipeline.not_null_daily_weather_summary_reading_count.a3aae03769"
[0m20:50:55.776296 [debug] [Thread-2 (]: On test.self_healing_pipeline.not_null_daily_weather_summary_reading_count.a3aae03769: /* {"app": "dbt", "dbt_version": "1.8.2", "profile_name": "self_healing_pipeline", "target_name": "dev", "node_id": "test.self_healing_pipeline.not_null_daily_weather_summary_reading_count.a3aae03769"} */
select
      count(*) as failures,
      count(*) != 0 as should_warn,
      count(*) != 0 as should_error
    from (
      
    
    



select reading_count
from "shp"."public"."daily_weather_summary"
where reading_count is null



      
    ) dbt_internal_test
[0m20:50:55.778492 [debug] [Thread-4 (]: SQL status: BEGIN in 0.050 seconds
[0m20:50:55.780101 [debug] [Thread-4 (]: Using postgres connection "test.self_healing_pipeline.not_null_stg_weather_temperature_c.3a7a09f65f"
[0m20:50:55.781802 [debug] [Thread-4 (]: On test.self_healing_pipeline.not_null_stg_weather_temperature_c.3a7a09f65f: /* {"app": "dbt", "dbt_version": "1.8.2", "profile_name": "self_healing_pipeline", "target_name": "dev", "node_id": "test.self_healing_pipeline.not_null_stg_weather_temperature_c.3a7a09f65f"} */
select
      count(*) as failures,
      count(*) != 0 as should_warn,
      count(*) != 0 as should_error
    from (
      
    
    



select temperature_c
from "shp"."public"."stg_weather"
where temperature_c is null



      
    ) dbt_internal_test
[0m20:50:55.783187 [debug] [Thread-3 (]: SQL status: BEGIN in 0.048 seconds
[0m20:50:55.784340 [debug] [Thread-2 (]: SQL status: SELECT 1 in 0.006 seconds
[0m20:50:55.785660 [debug] [Thread-3 (]: Using postgres connection "test.self_healing_pipeline.not_null_stg_weather_humidity_pct.2b05ac1847"
[0m20:50:55.793033 [debug] [Thread-4 (]: SQL status: SELECT 1 in 0.010 seconds
[0m20:50:55.797114 [debug] [Thread-2 (]: On test.self_healing_pipeline.not_null_daily_weather_summary_reading_count.a3aae03769: ROLLBACK
[0m20:50:55.798221 [debug] [Thread-3 (]: On test.self_healing_pipeline.not_null_stg_weather_humidity_pct.2b05ac1847: /* {"app": "dbt", "dbt_version": "1.8.2", "profile_name": "self_healing_pipeline", "target_name": "dev", "node_id": "test.self_healing_pipeline.not_null_stg_weather_humidity_pct.2b05ac1847"} */
select
      count(*) as failures,
      count(*) != 0 as should_warn,
      count(*) != 0 as should_error
    from (
      
    
    



select humidity_pct
from "shp"."public"."stg_weather"
where humidity_pct is null



      
    ) dbt_internal_test
[0m20:50:55.802469 [debug] [Thread-4 (]: On test.self_healing_pipeline.not_null_stg_weather_temperature_c.3a7a09f65f: ROLLBACK
[0m20:50:55.803487 [debug] [Thread-1 (]: SQL status: BEGIN in 0.063 seconds
[0m20:50:55.804701 [debug] [Thread-1 (]: Using postgres connection "test.self_healing_pipeline.not_null_daily_weather_summary_day.94fef7bf6b"
[0m20:50:55.806322 [debug] [Thread-4 (]: On test.self_healing_pipeline.not_null_stg_weather_temperature_c.3a7a09f65f: Close
[0m20:50:55.807438 [debug] [Thread-2 (]: On test.self_healing_pipeline.not_null_daily_weather_summary_reading_count.a3aae03769: Close
[0m20:50:55.808513 [debug] [Thread-1 (]: On test.self_healing_pipeline.not_null_daily_weather_summary_day.94fef7bf6b: /* {"app": "dbt", "dbt_version": "1.8.2", "profile_name": "self_healing_pipeline", "target_name": "dev", "node_id": "test.self_healing_pipeline.not_null_daily_weather_summary_day.94fef7bf6b"} */
select
      count(*) as failures,
      count(*) != 0 as should_warn,
      count(*) != 0 as should_error
    from (
      
    
    



select day
from "shp"."public"."daily_weather_summary"
where day is null



      
    ) dbt_internal_test
[0m20:50:55.809266 [debug] [Thread-3 (]: SQL status: SELECT 1 in 0.005 seconds
[0m20:50:55.811262 [info ] [Thread-4 (]: 4 of 6 PASS not_null_stg_weather_temperature_c ................................. [[32mPASS[0m in 0.20s]
[0m20:50:55.812755 [info ] [Thread-2 (]: 2 of 6 PASS not_null_daily_weather_summary_reading_count ....................... [[32mPASS[0m in 0.20s]
[0m20:50:55.817357 [debug] [Thread-3 (]: On test.self_healing_pipeline.not_null_stg_weather_humidity_pct.2b05ac1847: ROLLBACK
[0m20:50:55.818291 [debug] [Thread-1 (]: SQL status: SELECT 1 in 0.005 seconds
[0m20:50:55.819508 [debug] [Thread-4 (]: Finished running node test.self_healing_pipeline.not_null_stg_weather_temperature_c.3a7a09f65f
[0m20:50:55.820736 [debug] [Thread-2 (]: Finished running node test.self_healing_pipeline.not_null_daily_weather_summary_reading_count.a3aae03769
[0m20:50:55.824917 [debug] [Thread-1 (]: On test.self_healing_pipeline.not_null_daily_weather_summary_day.94fef7bf6b: ROLLBACK
[0m20:50:55.826129 [debug] [Thread-3 (]: On test.self_healing_pipeline.not_null_stg_weather_humidity_pct.2b05ac1847: Close
[0m20:50:55.827182 [debug] [Thread-4 (]: Began running node test.self_healing_pipeline.not_null_stg_weather_ts.4f82cf9d8b
[0m20:50:55.828137 [debug] [Thread-2 (]: Began running node test.self_healing_pipeline.unique_daily_weather_summary_day.3ac2b955ee
[0m20:50:55.830079 [info ] [Thread-4 (]: 5 of 6 START test not_null_stg_weather_ts ...................................... [RUN]
[0m20:50:55.833312 [debug] [Thread-1 (]: On test.self_healing_pipeline.not_null_daily_weather_summary_day.94fef7bf6b: Close
[0m20:50:55.832210 [info ] [Thread-3 (]: 3 of 6 PASS not_null_stg_weather_humidity_pct .................................. [[32mPASS[0m in 0.22s]
[0m20:50:55.836204 [debug] [Thread-4 (]: Re-using an available connection from the pool (formerly test.self_healing_pipeline.not_null_stg_weather_temperature_c.3a7a09f65f, now test.self_healing_pipeline.not_null_stg_weather_ts.4f82cf9d8b)
[0m20:50:55.834680 [info ] [Thread-2 (]: 6 of 6 START test unique_daily_weather_summary_day ............................. [RUN]
[0m20:50:55.838146 [debug] [Thread-3 (]: Finished running node test.self_healing_pipeline.not_null_stg_weather_humidity_pct.2b05ac1847
[0m20:50:55.841053 [debug] [Thread-4 (]: Began compiling node test.self_healing_pipeline.not_null_stg_weather_ts.4f82cf9d8b
[0m20:50:55.839805 [info ] [Thread-1 (]: 1 of 6 PASS not_null_daily_weather_summary_day ................................. [[32mPASS[0m in 0.23s]
[0m20:50:55.842794 [debug] [Thread-2 (]: Re-using an available connection from the pool (formerly test.self_healing_pipeline.not_null_daily_weather_summary_reading_count.a3aae03769, now test.self_healing_pipeline.unique_daily_weather_summary_day.3ac2b955ee)
[0m20:50:55.854665 [debug] [Thread-4 (]: Writing injected SQL for node "test.self_healing_pipeline.not_null_stg_weather_ts.4f82cf9d8b"
[0m20:50:55.856707 [debug] [Thread-1 (]: Finished running node test.self_healing_pipeline.not_null_daily_weather_summary_day.94fef7bf6b
[0m20:50:55.857716 [debug] [Thread-2 (]: Began compiling node test.self_healing_pipeline.unique_daily_weather_summary_day.3ac2b955ee
[0m20:50:55.874053 [debug] [Thread-2 (]: Writing injected SQL for node "test.self_healing_pipeline.unique_daily_weather_summary_day.3ac2b955ee"
[0m20:50:55.875568 [debug] [Thread-4 (]: Began executing node test.self_healing_pipeline.not_null_stg_weather_ts.4f82cf9d8b
[0m20:50:55.883464 [debug] [Thread-4 (]: Writing runtime sql for node "test.self_healing_pipeline.not_null_stg_weather_ts.4f82cf9d8b"
[0m20:50:55.885035 [debug] [Thread-2 (]: Began executing node test.self_healing_pipeline.unique_daily_weather_summary_day.3ac2b955ee
[0m20:50:55.891935 [debug] [Thread-4 (]: Using postgres connection "test.self_healing_pipeline.not_null_stg_weather_ts.4f82cf9d8b"
[0m20:50:55.893935 [debug] [Thread-4 (]: On test.self_healing_pipeline.not_null_stg_weather_ts.4f82cf9d8b: BEGIN
[0m20:50:55.890508 [debug] [Thread-2 (]: Writing runtime sql for node "test.self_healing_pipeline.unique_daily_weather_summary_day.3ac2b955ee"
[0m20:50:55.895824 [debug] [Thread-4 (]: Opening a new connection, currently in state closed
[0m20:50:55.898460 [debug] [Thread-2 (]: Using postgres connection "test.self_healing_pipeline.unique_daily_weather_summary_day.3ac2b955ee"
[0m20:50:55.899557 [debug] [Thread-2 (]: On test.self_healing_pipeline.unique_daily_weather_summary_day.3ac2b955ee: BEGIN
[0m20:50:55.900645 [debug] [Thread-2 (]: Opening a new connection, currently in state closed
[0m20:50:55.944062 [debug] [Thread-4 (]: SQL status: BEGIN in 0.048 seconds
[0m20:50:55.945451 [debug] [Thread-2 (]: SQL status: BEGIN in 0.045 seconds
[0m20:50:55.946463 [debug] [Thread-4 (]: Using postgres connection "test.self_healing_pipeline.not_null_stg_weather_ts.4f82cf9d8b"
[0m20:50:55.947388 [debug] [Thread-2 (]: Using postgres connection "test.self_healing_pipeline.unique_daily_weather_summary_day.3ac2b955ee"
[0m20:50:55.948780 [debug] [Thread-4 (]: On test.self_healing_pipeline.not_null_stg_weather_ts.4f82cf9d8b: /* {"app": "dbt", "dbt_version": "1.8.2", "profile_name": "self_healing_pipeline", "target_name": "dev", "node_id": "test.self_healing_pipeline.not_null_stg_weather_ts.4f82cf9d8b"} */
select
      count(*) as failures,
      count(*) != 0 as should_warn,
      count(*) != 0 as should_error
    from (
      
    
    



select ts
from "shp"."public"."stg_weather"
where ts is null



      
    ) dbt_internal_test
[0m20:50:55.950371 [debug] [Thread-2 (]: On test.self_healing_pipeline.unique_daily_weather_summary_day.3ac2b955ee: /* {"app": "dbt", "dbt_version": "1.8.2", "profile_name": "self_healing_pipeline", "target_name": "dev", "node_id": "test.self_healing_pipeline.unique_daily_weather_summary_day.3ac2b955ee"} */
select
      count(*) as failures,
      count(*) != 0 as should_warn,
      count(*) != 0 as should_error
    from (
      
    
    

select
    day as unique_field,
    count(*) as n_records

from "shp"."public"."daily_weather_summary"
where day is not null
group by day
having count(*) > 1



      
    ) dbt_internal_test
[0m20:50:55.957689 [debug] [Thread-2 (]: SQL status: SELECT 1 in 0.004 seconds
[0m20:50:55.958695 [debug] [Thread-4 (]: SQL status: SELECT 1 in 0.007 seconds
[0m20:50:55.961973 [debug] [Thread-2 (]: On test.self_healing_pipeline.unique_daily_weather_summary_day.3ac2b955ee: ROLLBACK
[0m20:50:55.965705 [debug] [Thread-4 (]: On test.self_healing_pipeline.not_null_stg_weather_ts.4f82cf9d8b: ROLLBACK
[0m20:50:55.968787 [debug] [Thread-2 (]: On test.self_healing_pipeline.unique_daily_weather_summary_day.3ac2b955ee: Close
[0m20:50:55.970027 [debug] [Thread-4 (]: On test.self_healing_pipeline.not_null_stg_weather_ts.4f82cf9d8b: Close
[0m20:50:55.971950 [info ] [Thread-2 (]: 6 of 6 PASS unique_daily_weather_summary_day ................................... [[32mPASS[0m in 0.13s]
[0m20:50:55.973603 [info ] [Thread-4 (]: 5 of 6 PASS not_null_stg_weather_ts ............................................ [[32mPASS[0m in 0.14s]
[0m20:50:55.976037 [debug] [Thread-2 (]: Finished running node test.self_healing_pipeline.unique_daily_weather_summary_day.3ac2b955ee
[0m20:50:55.978145 [debug] [Thread-4 (]: Finished running node test.self_healing_pipeline.not_null_stg_weather_ts.4f82cf9d8b
[0m20:50:55.981110 [debug] [MainThread]: Using postgres connection "master"
[0m20:50:55.981731 [debug] [MainThread]: On master: BEGIN
[0m20:50:55.982380 [debug] [MainThread]: Opening a new connection, currently in state closed
[0m20:50:56.016618 [debug] [MainThread]: SQL status: BEGIN in 0.034 seconds
[0m20:50:56.017693 [debug] [MainThread]: On master: COMMIT
[0m20:50:56.018796 [debug] [MainThread]: Using postgres connection "master"
[0m20:50:56.019838 [debug] [MainThread]: On master: COMMIT
[0m20:50:56.022406 [debug] [MainThread]: SQL status: COMMIT in 0.001 seconds
[0m20:50:56.023531 [debug] [MainThread]: On master: Close
[0m20:50:56.025000 [debug] [MainThread]: Connection 'master' was properly closed.
[0m20:50:56.026145 [debug] [MainThread]: Connection 'list_shp_public' was properly closed.
[0m20:50:56.027110 [debug] [MainThread]: Connection 'test.self_healing_pipeline.not_null_stg_weather_ts.4f82cf9d8b' was properly closed.
[0m20:50:56.028083 [debug] [MainThread]: Connection 'test.self_healing_pipeline.not_null_stg_weather_humidity_pct.2b05ac1847' was properly closed.
[0m20:50:56.029311 [debug] [MainThread]: Connection 'test.self_healing_pipeline.not_null_daily_weather_summary_day.94fef7bf6b' was properly closed.
[0m20:50:56.030402 [debug] [MainThread]: Connection 'test.self_healing_pipeline.unique_daily_weather_summary_day.3ac2b955ee' was properly closed.
[0m20:50:56.031228 [info ] [MainThread]: 
[0m20:50:56.031892 [info ] [MainThread]: Finished running 6 data tests in 0 hours 0 minutes and 0.72 seconds (0.72s).
[0m20:50:56.037127 [debug] [MainThread]: Command end result
[0m20:50:56.148522 [info ] [MainThread]: 
[0m20:50:56.149627 [info ] [MainThread]: [32mCompleted successfully[0m
[0m20:50:56.150639 [info ] [MainThread]: 
[0m20:50:56.151640 [info ] [MainThread]: Done. PASS=6 WARN=0 ERROR=0 SKIP=0 TOTAL=6
[0m20:50:56.154113 [debug] [MainThread]: Command `dbt test` succeeded at 20:50:56.153797 after 3.27 seconds
[0m20:50:56.155139 [debug] [MainThread]: Sending event: {'category': 'dbt', 'action': 'invocation', 'label': 'end', 'context': [<snowplow_tracker.self_describing_json.SelfDescribingJson object at 0x00000146155AD190>, <snowplow_tracker.self_describing_json.SelfDescribingJson object at 0x0000014616D364C0>, <snowplow_tracker.self_describing_json.SelfDescribingJson object at 0x0000014616D36570>]}
[0m20:50:56.156222 [debug] [MainThread]: Flushing usage events
[0m20:51:37.924925 [debug] [MainThread]: Sending event: {'category': 'dbt', 'action': 'invocation', 'label': 'start', 'context': [<snowplow_tracker.self_describing_json.SelfDescribingJson object at 0x00000172E92DBE00>, <snowplow_tracker.self_describing_json.SelfDescribingJson object at 0x00000172E8EE5E50>, <snowplow_tracker.self_describing_json.SelfDescribingJson object at 0x00000172E80BD310>]}


============================== 20:51:37.939628 | a5b81c59-3922-428e-82d4-c41602539067 ==============================
[0m20:51:37.939628 [info ] [MainThread]: Running with dbt=1.8.2
[0m20:51:37.942019 [debug] [MainThread]: running dbt with arguments {'printer_width': '80', 'indirect_selection': 'eager', 'log_cache_events': 'False', 'write_json': 'True', 'partial_parse': 'True', 'cache_selected_only': 'False', 'warn_error': 'None', 'debug': 'False', 'profiles_dir': 'C:\\Users\\Qc\\Desktop\\self-healing-pipeline\\transform\\dbt_project', 'log_path': 'C:\\Users\\Qc\\Desktop\\self-healing-pipeline\\transform\\dbt_project\\logs', 'fail_fast': 'False', 'version_check': 'True', 'use_colors': 'True', 'use_experimental_parser': 'False', 'no_print': 'None', 'quiet': 'False', 'log_format': 'default', 'static_parser': 'True', 'warn_error_options': 'WarnErrorOptions(include=[], exclude=[])', 'introspect': 'True', 'target_path': 'None', 'invocation_command': 'dbt run --target staging_verify', 'send_anonymous_usage_stats': 'True'}
[0m20:51:39.919116 [debug] [MainThread]: Sending event: {'category': 'dbt', 'action': 'project_id', 'label': 'a5b81c59-3922-428e-82d4-c41602539067', 'context': [<snowplow_tracker.self_describing_json.SelfDescribingJson object at 0x00000172EC1BF360>]}
[0m20:51:40.773239 [debug] [MainThread]: Sending event: {'category': 'dbt', 'action': 'adapter_info', 'label': 'a5b81c59-3922-428e-82d4-c41602539067', 'context': [<snowplow_tracker.self_describing_json.SelfDescribingJson object at 0x00000172EBE987C0>]}
[0m20:51:40.784689 [info ] [MainThread]: Registered adapter: postgres=1.8.2
[0m20:51:42.572668 [debug] [MainThread]: checksum: 1ce49185813d157258f4b6929effd3c140ce815a450235fd09955f03057e6df0, vars: {}, profile: , target: staging_verify, version: 1.8.2
[0m20:51:44.016306 [info ] [MainThread]: Unable to do partial parsing because config vars, config profile, or config target have changed
[0m20:51:44.017880 [debug] [MainThread]: previous checksum: 1ce49185813d157258f4b6929effd3c140ce815a450235fd09955f03057e6df0, current checksum: f0a141b9de567cb7f131613ba2682f40b3a1c6a157f81c6e5435862eff68f109
[0m20:51:44.018982 [info ] [MainThread]: Unable to do partial parsing because profile has changed
[0m20:51:44.020222 [debug] [MainThread]: Sending event: {'category': 'dbt', 'action': 'partial_parser', 'label': 'a5b81c59-3922-428e-82d4-c41602539067', 'context': [<snowplow_tracker.self_describing_json.SelfDescribingJson object at 0x00000172EC16BA50>]}
[0m20:51:44.027500 [error] [MainThread]: Encountered an error:
'utf-8' codec can't decode byte 0x97 in position 171: invalid start byte
[0m20:51:44.559055 [error] [MainThread]: Traceback (most recent call last):
  File "C:\Users\Qc\Desktop\self-healing-pipeline\.venv\Lib\site-packages\dbt\cli\requires.py", line 138, in wrapper
    result, success = func(*args, **kwargs)
                      ~~~~^^^^^^^^^^^^^^^^^
  File "C:\Users\Qc\Desktop\self-healing-pipeline\.venv\Lib\site-packages\dbt\cli\requires.py", line 101, in wrapper
    return func(*args, **kwargs)
  File "C:\Users\Qc\Desktop\self-healing-pipeline\.venv\Lib\site-packages\dbt\cli\requires.py", line 218, in wrapper
    return func(*args, **kwargs)
  File "C:\Users\Qc\Desktop\self-healing-pipeline\.venv\Lib\site-packages\dbt\cli\requires.py", line 247, in wrapper
    return func(*args, **kwargs)
  File "C:\Users\Qc\Desktop\self-healing-pipeline\.venv\Lib\site-packages\dbt\cli\requires.py", line 294, in wrapper
    return func(*args, **kwargs)
  File "C:\Users\Qc\Desktop\self-healing-pipeline\.venv\Lib\site-packages\dbt\cli\requires.py", line 320, in wrapper
    ctx.obj["manifest"] = parse_manifest(
                          ~~~~~~~~~~~~~~^
        runtime_config, write_perf_info, write, ctx.obj["flags"].write_json
        ^^^^^^^^^^^^^^^^^^^^^^^^^^^^^^^^^^^^^^^^^^^^^^^^^^^^^^^^^^^^^^^^^^^
    )
    ^
  File "C:\Users\Qc\Desktop\self-healing-pipeline\.venv\Lib\site-packages\dbt\parser\manifest.py", line 1898, in parse_manifest
    manifest = ManifestLoader.get_full_manifest(
        runtime_config,
        write_perf_info=write_perf_info,
    )
  File "C:\Users\Qc\Desktop\self-healing-pipeline\.venv\Lib\site-packages\dbt\parser\manifest.py", line 330, in get_full_manifest
    manifest = loader.load()
  File "C:\Users\Qc\Desktop\self-healing-pipeline\.venv\Lib\site-packages\dbt\parser\manifest.py", line 377, in load
    file_reader.read_files()
    ~~~~~~~~~~~~~~~~~~~~~~^^
  File "C:\Users\Qc\Desktop\self-healing-pipeline\.venv\Lib\site-packages\dbt\parser\read_files.py", line 210, in read_files
    self.read_files_for_project(project, file_types)
    ~~~~~~~~~~~~~~~~~~~~~~~~~~~^^^^^^^^^^^^^^^^^^^^^
  File "C:\Users\Qc\Desktop\self-healing-pipeline\.venv\Lib\site-packages\dbt\parser\read_files.py", line 217, in read_files_for_project
    project_files[file_type_info["parser"]] = read_files_for_parser(
                                              ~~~~~~~~~~~~~~~~~~~~~^
        project,
        ^^^^^^^^
    ...<4 lines>...
        dbt_ignore_spec,
        ^^^^^^^^^^^^^^^^
    )
    ^
  File "C:\Users\Qc\Desktop\self-healing-pipeline\.venv\Lib\site-packages\dbt\parser\read_files.py", line 165, in read_files_for_parser
    source_files = get_source_files(
        project, dirs, extension, parse_ft, saved_files, ignore_spec
    )
  File "C:\Users\Qc\Desktop\self-healing-pipeline\.venv\Lib\site-packages\dbt\parser\read_files.py", line 154, in get_source_files
    file = load_source_file(fp, parse_file_type, project.project_name, saved_files)
  File "C:\Users\Qc\Desktop\self-healing-pipeline\.venv\Lib\site-packages\dbt\parser\read_files.py", line 82, in load_source_file
    file_contents = load_file_contents(path.absolute_path, strip=True)
  File "C:\Users\Qc\Desktop\self-healing-pipeline\.venv\Lib\site-packages\dbt_common\clients\system.py", line 178, in load_file_contents
    to_return = handle.read().decode("utf-8")
UnicodeDecodeError: 'utf-8' codec can't decode byte 0x97 in position 171: invalid start byte

[0m20:51:44.564970 [debug] [MainThread]: Command `dbt run` failed at 20:51:44.564601 after 9.23 seconds
[0m20:51:44.566219 [debug] [MainThread]: Sending event: {'category': 'dbt', 'action': 'invocation', 'label': 'end', 'context': [<snowplow_tracker.self_describing_json.SelfDescribingJson object at 0x00000172EC30EF30>, <snowplow_tracker.self_describing_json.SelfDescribingJson object at 0x00000172EC30E4E0>, <snowplow_tracker.self_describing_json.SelfDescribingJson object at 0x00000172EBDA3D90>]}
[0m20:51:44.567357 [debug] [MainThread]: Flushing usage events
[0m20:52:03.137792 [debug] [MainThread]: Sending event: {'category': 'dbt', 'action': 'invocation', 'label': 'start', 'context': [<snowplow_tracker.self_describing_json.SelfDescribingJson object at 0x00000209B9897E00>, <snowplow_tracker.self_describing_json.SelfDescribingJson object at 0x00000209B94A5E50>, <snowplow_tracker.self_describing_json.SelfDescribingJson object at 0x00000209B869C910>]}


============================== 20:52:03.149082 | b712f7f7-0cda-40a3-9544-0b9d6352ae3d ==============================
[0m20:52:03.149082 [info ] [MainThread]: Running with dbt=1.8.2
[0m20:52:03.150662 [debug] [MainThread]: running dbt with arguments {'printer_width': '80', 'indirect_selection': 'eager', 'write_json': 'True', 'log_cache_events': 'False', 'partial_parse': 'True', 'cache_selected_only': 'False', 'warn_error': 'None', 'fail_fast': 'False', 'debug': 'False', 'log_path': 'C:\\Users\\Qc\\Desktop\\self-healing-pipeline\\transform\\dbt_project\\logs', 'version_check': 'True', 'profiles_dir': 'C:\\Users\\Qc\\Desktop\\self-healing-pipeline\\transform\\dbt_project', 'use_colors': 'True', 'use_experimental_parser': 'False', 'no_print': 'None', 'quiet': 'False', 'log_format': 'default', 'static_parser': 'True', 'invocation_command': 'dbt run --target staging_verify', 'warn_error_options': 'WarnErrorOptions(include=[], exclude=[])', 'target_path': 'None', 'introspect': 'True', 'send_anonymous_usage_stats': 'True'}
[0m20:52:03.937397 [debug] [MainThread]: Sending event: {'category': 'dbt', 'action': 'project_id', 'label': 'b712f7f7-0cda-40a3-9544-0b9d6352ae3d', 'context': [<snowplow_tracker.self_describing_json.SelfDescribingJson object at 0x00000209BC65F360>]}
[0m20:52:04.152789 [debug] [MainThread]: Sending event: {'category': 'dbt', 'action': 'adapter_info', 'label': 'b712f7f7-0cda-40a3-9544-0b9d6352ae3d', 'context': [<snowplow_tracker.self_describing_json.SelfDescribingJson object at 0x00000209BC4487C0>]}
[0m20:52:04.155617 [info ] [MainThread]: Registered adapter: postgres=1.8.2
[0m20:52:05.006856 [debug] [MainThread]: checksum: 1ce49185813d157258f4b6929effd3c140ce815a450235fd09955f03057e6df0, vars: {}, profile: , target: staging_verify, version: 1.8.2
[0m20:52:05.823454 [info ] [MainThread]: Unable to do partial parsing because config vars, config profile, or config target have changed
[0m20:52:05.824872 [debug] [MainThread]: previous checksum: 1ce49185813d157258f4b6929effd3c140ce815a450235fd09955f03057e6df0, current checksum: f0a141b9de567cb7f131613ba2682f40b3a1c6a157f81c6e5435862eff68f109
[0m20:52:05.827416 [info ] [MainThread]: Unable to do partial parsing because profile has changed
[0m20:52:05.829528 [debug] [MainThread]: Sending event: {'category': 'dbt', 'action': 'partial_parser', 'label': 'b712f7f7-0cda-40a3-9544-0b9d6352ae3d', 'context': [<snowplow_tracker.self_describing_json.SelfDescribingJson object at 0x00000209BC60BA50>]}
[0m20:52:05.837036 [error] [MainThread]: Encountered an error:
'utf-8' codec can't decode byte 0x97 in position 171: invalid start byte
[0m20:52:05.847398 [error] [MainThread]: Traceback (most recent call last):
  File "C:\Users\Qc\Desktop\self-healing-pipeline\.venv\Lib\site-packages\dbt\cli\requires.py", line 138, in wrapper
    result, success = func(*args, **kwargs)
                      ~~~~^^^^^^^^^^^^^^^^^
  File "C:\Users\Qc\Desktop\self-healing-pipeline\.venv\Lib\site-packages\dbt\cli\requires.py", line 101, in wrapper
    return func(*args, **kwargs)
  File "C:\Users\Qc\Desktop\self-healing-pipeline\.venv\Lib\site-packages\dbt\cli\requires.py", line 218, in wrapper
    return func(*args, **kwargs)
  File "C:\Users\Qc\Desktop\self-healing-pipeline\.venv\Lib\site-packages\dbt\cli\requires.py", line 247, in wrapper
    return func(*args, **kwargs)
  File "C:\Users\Qc\Desktop\self-healing-pipeline\.venv\Lib\site-packages\dbt\cli\requires.py", line 294, in wrapper
    return func(*args, **kwargs)
  File "C:\Users\Qc\Desktop\self-healing-pipeline\.venv\Lib\site-packages\dbt\cli\requires.py", line 320, in wrapper
    ctx.obj["manifest"] = parse_manifest(
                          ~~~~~~~~~~~~~~^
        runtime_config, write_perf_info, write, ctx.obj["flags"].write_json
        ^^^^^^^^^^^^^^^^^^^^^^^^^^^^^^^^^^^^^^^^^^^^^^^^^^^^^^^^^^^^^^^^^^^
    )
    ^
  File "C:\Users\Qc\Desktop\self-healing-pipeline\.venv\Lib\site-packages\dbt\parser\manifest.py", line 1898, in parse_manifest
    manifest = ManifestLoader.get_full_manifest(
        runtime_config,
        write_perf_info=write_perf_info,
    )
  File "C:\Users\Qc\Desktop\self-healing-pipeline\.venv\Lib\site-packages\dbt\parser\manifest.py", line 330, in get_full_manifest
    manifest = loader.load()
  File "C:\Users\Qc\Desktop\self-healing-pipeline\.venv\Lib\site-packages\dbt\parser\manifest.py", line 377, in load
    file_reader.read_files()
    ~~~~~~~~~~~~~~~~~~~~~~^^
  File "C:\Users\Qc\Desktop\self-healing-pipeline\.venv\Lib\site-packages\dbt\parser\read_files.py", line 210, in read_files
    self.read_files_for_project(project, file_types)
    ~~~~~~~~~~~~~~~~~~~~~~~~~~~^^^^^^^^^^^^^^^^^^^^^
  File "C:\Users\Qc\Desktop\self-healing-pipeline\.venv\Lib\site-packages\dbt\parser\read_files.py", line 217, in read_files_for_project
    project_files[file_type_info["parser"]] = read_files_for_parser(
                                              ~~~~~~~~~~~~~~~~~~~~~^
        project,
        ^^^^^^^^
    ...<4 lines>...
        dbt_ignore_spec,
        ^^^^^^^^^^^^^^^^
    )
    ^
  File "C:\Users\Qc\Desktop\self-healing-pipeline\.venv\Lib\site-packages\dbt\parser\read_files.py", line 165, in read_files_for_parser
    source_files = get_source_files(
        project, dirs, extension, parse_ft, saved_files, ignore_spec
    )
  File "C:\Users\Qc\Desktop\self-healing-pipeline\.venv\Lib\site-packages\dbt\parser\read_files.py", line 154, in get_source_files
    file = load_source_file(fp, parse_file_type, project.project_name, saved_files)
  File "C:\Users\Qc\Desktop\self-healing-pipeline\.venv\Lib\site-packages\dbt\parser\read_files.py", line 82, in load_source_file
    file_contents = load_file_contents(path.absolute_path, strip=True)
  File "C:\Users\Qc\Desktop\self-healing-pipeline\.venv\Lib\site-packages\dbt_common\clients\system.py", line 178, in load_file_contents
    to_return = handle.read().decode("utf-8")
UnicodeDecodeError: 'utf-8' codec can't decode byte 0x97 in position 171: invalid start byte

[0m20:52:05.853104 [debug] [MainThread]: Command `dbt run` failed at 20:52:05.852754 after 3.26 seconds
[0m20:52:05.854258 [debug] [MainThread]: Sending event: {'category': 'dbt', 'action': 'invocation', 'label': 'end', 'context': [<snowplow_tracker.self_describing_json.SelfDescribingJson object at 0x00000209BC7DEF30>, <snowplow_tracker.self_describing_json.SelfDescribingJson object at 0x00000209BC7DE4E0>, <snowplow_tracker.self_describing_json.SelfDescribingJson object at 0x00000209BC353D90>]}
[0m20:52:05.855378 [debug] [MainThread]: Flushing usage events
[0m20:52:17.348208 [debug] [MainThread]: Sending event: {'category': 'dbt', 'action': 'invocation', 'label': 'start', 'context': [<snowplow_tracker.self_describing_json.SelfDescribingJson object at 0x000001F53A28BE00>, <snowplow_tracker.self_describing_json.SelfDescribingJson object at 0x000001F539E85E50>, <snowplow_tracker.self_describing_json.SelfDescribingJson object at 0x000001F53906C910>]}


============================== 20:52:17.356807 | 1af3513b-ec83-4710-9458-3213b7720372 ==============================
[0m20:52:17.356807 [info ] [MainThread]: Running with dbt=1.8.2
[0m20:52:17.358244 [debug] [MainThread]: running dbt with arguments {'printer_width': '80', 'indirect_selection': 'eager', 'write_json': 'True', 'log_cache_events': 'False', 'partial_parse': 'True', 'cache_selected_only': 'False', 'warn_error': 'None', 'version_check': 'True', 'debug': 'False', 'log_path': 'C:\\Users\\Qc\\Desktop\\self-healing-pipeline\\transform\\dbt_project\\logs', 'profiles_dir': 'C:\\Users\\Qc\\Desktop\\self-healing-pipeline\\transform\\dbt_project', 'fail_fast': 'False', 'use_colors': 'True', 'use_experimental_parser': 'False', 'no_print': 'None', 'quiet': 'False', 'log_format': 'default', 'introspect': 'True', 'static_parser': 'True', 'invocation_command': 'dbt run --target staging_verify', 'target_path': 'None', 'warn_error_options': 'WarnErrorOptions(include=[], exclude=[])', 'send_anonymous_usage_stats': 'True'}
[0m20:52:17.961238 [debug] [MainThread]: Sending event: {'category': 'dbt', 'action': 'project_id', 'label': '1af3513b-ec83-4710-9458-3213b7720372', 'context': [<snowplow_tracker.self_describing_json.SelfDescribingJson object at 0x000001F53D05F360>]}
[0m20:52:18.165988 [debug] [MainThread]: Sending event: {'category': 'dbt', 'action': 'adapter_info', 'label': '1af3513b-ec83-4710-9458-3213b7720372', 'context': [<snowplow_tracker.self_describing_json.SelfDescribingJson object at 0x000001F53CE387C0>]}
[0m20:52:18.168975 [info ] [MainThread]: Registered adapter: postgres=1.8.2
[0m20:52:18.792774 [debug] [MainThread]: checksum: 1ce49185813d157258f4b6929effd3c140ce815a450235fd09955f03057e6df0, vars: {}, profile: , target: staging_verify, version: 1.8.2
[0m20:52:19.486710 [info ] [MainThread]: Unable to do partial parsing because config vars, config profile, or config target have changed
[0m20:52:19.487602 [debug] [MainThread]: previous checksum: 1ce49185813d157258f4b6929effd3c140ce815a450235fd09955f03057e6df0, current checksum: f0a141b9de567cb7f131613ba2682f40b3a1c6a157f81c6e5435862eff68f109
[0m20:52:19.488352 [info ] [MainThread]: Unable to do partial parsing because profile has changed
[0m20:52:19.489168 [debug] [MainThread]: Sending event: {'category': 'dbt', 'action': 'partial_parser', 'label': '1af3513b-ec83-4710-9458-3213b7720372', 'context': [<snowplow_tracker.self_describing_json.SelfDescribingJson object at 0x000001F53D007A50>]}
[0m20:52:23.170295 [warn ] [MainThread]: [[33mWARNING[0m]: Deprecated functionality
The `tests` config has been renamed to `data_tests`. Please see
https://docs.getdbt.com/docs/build/data-tests#new-data_tests-syntax for more
information.
[0m20:52:23.171606 [debug] [MainThread]: Sending event: {'category': 'dbt', 'action': 'deprecation', 'label': '1af3513b-ec83-4710-9458-3213b7720372', 'property_': 'warn', 'context': [<snowplow_tracker.self_describing_json.SelfDescribingJson object at 0x000001F53D1AE8A0>]}
[0m20:52:24.559694 [debug] [MainThread]: Sending event: {'category': 'dbt', 'action': 'load_project', 'label': '1af3513b-ec83-4710-9458-3213b7720372', 'context': [<snowplow_tracker.self_describing_json.SelfDescribingJson object at 0x000001F53E5DC750>]}
[0m20:52:24.864152 [debug] [MainThread]: Sending event: {'category': 'dbt', 'action': 'resource_counts', 'label': '1af3513b-ec83-4710-9458-3213b7720372', 'context': [<snowplow_tracker.self_describing_json.SelfDescribingJson object at 0x000001F53E751570>]}
[0m20:52:24.865426 [info ] [MainThread]: Found 2 models, 6 data tests, 1 source, 428 macros
[0m20:52:24.866855 [debug] [MainThread]: Sending event: {'category': 'dbt', 'action': 'runnable_timing', 'label': '1af3513b-ec83-4710-9458-3213b7720372', 'context': [<snowplow_tracker.self_describing_json.SelfDescribingJson object at 0x000001F53E6BD250>]}
[0m20:52:24.872595 [info ] [MainThread]: 
[0m20:52:24.874287 [debug] [MainThread]: Acquiring new postgres connection 'master'
[0m20:52:24.886832 [debug] [ThreadPool]: Acquiring new postgres connection 'list_shp'
[0m20:52:25.193104 [debug] [ThreadPool]: Using postgres connection "list_shp"
[0m20:52:25.194141 [debug] [ThreadPool]: On list_shp: /* {"app": "dbt", "dbt_version": "1.8.2", "profile_name": "self_healing_pipeline", "target_name": "staging_verify", "connection_name": "list_shp"} */

    select distinct nspname from pg_namespace
  
[0m20:52:25.195057 [debug] [ThreadPool]: Opening a new connection, currently in state init
[0m20:52:25.270503 [debug] [ThreadPool]: SQL status: SELECT 4 in 0.075 seconds
[0m20:52:25.273914 [debug] [ThreadPool]: On list_shp: Close
[0m20:52:25.276175 [debug] [ThreadPool]: Re-using an available connection from the pool (formerly list_shp, now create_shp_staging_verify)
[0m20:52:25.277960 [debug] [ThreadPool]: Creating schema "database: "shp"
schema: "staging_verify"
"
[0m20:52:25.292637 [debug] [ThreadPool]: Using postgres connection "create_shp_staging_verify"
[0m20:52:25.293623 [debug] [ThreadPool]: On create_shp_staging_verify: BEGIN
[0m20:52:25.294460 [debug] [ThreadPool]: Opening a new connection, currently in state closed
[0m20:52:25.331093 [debug] [ThreadPool]: SQL status: BEGIN in 0.037 seconds
[0m20:52:25.332115 [debug] [ThreadPool]: Using postgres connection "create_shp_staging_verify"
[0m20:52:25.333120 [debug] [ThreadPool]: On create_shp_staging_verify: /* {"app": "dbt", "dbt_version": "1.8.2", "profile_name": "self_healing_pipeline", "target_name": "staging_verify", "connection_name": "create_shp_staging_verify"} */
create schema if not exists "staging_verify"
[0m20:52:25.343195 [debug] [ThreadPool]: SQL status: CREATE SCHEMA in 0.009 seconds
[0m20:52:25.346092 [debug] [ThreadPool]: On create_shp_staging_verify: COMMIT
[0m20:52:25.347143 [debug] [ThreadPool]: Using postgres connection "create_shp_staging_verify"
[0m20:52:25.348143 [debug] [ThreadPool]: On create_shp_staging_verify: COMMIT
[0m20:52:25.354845 [debug] [ThreadPool]: SQL status: COMMIT in 0.006 seconds
[0m20:52:25.355750 [debug] [ThreadPool]: On create_shp_staging_verify: Close
[0m20:52:25.361588 [debug] [ThreadPool]: Acquiring new postgres connection 'list_shp_staging_verify'
[0m20:52:25.380064 [debug] [ThreadPool]: Using postgres connection "list_shp_staging_verify"
[0m20:52:25.381092 [debug] [ThreadPool]: On list_shp_staging_verify: BEGIN
[0m20:52:25.381991 [debug] [ThreadPool]: Opening a new connection, currently in state init
[0m20:52:25.420700 [debug] [ThreadPool]: SQL status: BEGIN in 0.039 seconds
[0m20:52:25.421629 [debug] [ThreadPool]: Using postgres connection "list_shp_staging_verify"
[0m20:52:25.422474 [debug] [ThreadPool]: On list_shp_staging_verify: /* {"app": "dbt", "dbt_version": "1.8.2", "profile_name": "self_healing_pipeline", "target_name": "staging_verify", "connection_name": "list_shp_staging_verify"} */
select
      'shp' as database,
      tablename as name,
      schemaname as schema,
      'table' as type
    from pg_tables
    where schemaname ilike 'staging_verify'
    union all
    select
      'shp' as database,
      viewname as name,
      schemaname as schema,
      'view' as type
    from pg_views
    where schemaname ilike 'staging_verify'
    union all
    select
      'shp' as database,
      matviewname as name,
      schemaname as schema,
      'materialized_view' as type
    from pg_matviews
    where schemaname ilike 'staging_verify'
  
[0m20:52:25.434124 [debug] [ThreadPool]: SQL status: SELECT 0 in 0.011 seconds
[0m20:52:25.437879 [debug] [ThreadPool]: On list_shp_staging_verify: ROLLBACK
[0m20:52:25.441230 [debug] [ThreadPool]: On list_shp_staging_verify: Close
[0m20:52:25.457250 [debug] [MainThread]: Using postgres connection "master"
[0m20:52:25.458309 [debug] [MainThread]: On master: BEGIN
[0m20:52:25.459301 [debug] [MainThread]: Opening a new connection, currently in state init
[0m20:52:25.537503 [debug] [MainThread]: SQL status: BEGIN in 0.078 seconds
[0m20:52:25.538611 [debug] [MainThread]: Using postgres connection "master"
[0m20:52:25.540065 [debug] [MainThread]: On master: /* {"app": "dbt", "dbt_version": "1.8.2", "profile_name": "self_healing_pipeline", "target_name": "staging_verify", "connection_name": "master"} */
with relation as (
        select
            pg_rewrite.ev_class as class,
            pg_rewrite.oid as id
        from pg_rewrite
    ),
    class as (
        select
            oid as id,
            relname as name,
            relnamespace as schema,
            relkind as kind
        from pg_class
    ),
    dependency as (
        select distinct
            pg_depend.objid as id,
            pg_depend.refobjid as ref
        from pg_depend
    ),
    schema as (
        select
            pg_namespace.oid as id,
            pg_namespace.nspname as name
        from pg_namespace
        where nspname != 'information_schema' and nspname not like 'pg\_%'
    ),
    referenced as (
        select
            relation.id AS id,
            referenced_class.name ,
            referenced_class.schema ,
            referenced_class.kind
        from relation
        join class as referenced_class on relation.class=referenced_class.id
        where referenced_class.kind in ('r', 'v', 'm')
    ),
    relationships as (
        select
            referenced.name as referenced_name,
            referenced.schema as referenced_schema_id,
            dependent_class.name as dependent_name,
            dependent_class.schema as dependent_schema_id,
            referenced.kind as kind
        from referenced
        join dependency on referenced.id=dependency.id
        join class as dependent_class on dependency.ref=dependent_class.id
        where
            (referenced.name != dependent_class.name or
             referenced.schema != dependent_class.schema)
    )

    select
        referenced_schema.name as referenced_schema,
        relationships.referenced_name as referenced_name,
        dependent_schema.name as dependent_schema,
        relationships.dependent_name as dependent_name
    from relationships
    join schema as dependent_schema on relationships.dependent_schema_id=dependent_schema.id
    join schema as referenced_schema on relationships.referenced_schema_id=referenced_schema.id
    group by referenced_schema, referenced_name, dependent_schema, dependent_name
    order by referenced_schema, referenced_name, dependent_schema, dependent_name;
[0m20:52:25.586621 [debug] [MainThread]: SQL status: SELECT 1 in 0.045 seconds
[0m20:52:25.590149 [debug] [MainThread]: Sending event: {'category': 'dbt', 'action': 'runnable_timing', 'label': '1af3513b-ec83-4710-9458-3213b7720372', 'context': [<snowplow_tracker.self_describing_json.SelfDescribingJson object at 0x000001F53E583EE0>]}
[0m20:52:25.591181 [debug] [MainThread]: On master: ROLLBACK
[0m20:52:25.599012 [debug] [MainThread]: Using postgres connection "master"
[0m20:52:25.601048 [debug] [MainThread]: On master: BEGIN
[0m20:52:25.621852 [debug] [MainThread]: SQL status: BEGIN in 0.020 seconds
[0m20:52:25.622918 [debug] [MainThread]: On master: COMMIT
[0m20:52:25.624032 [debug] [MainThread]: Using postgres connection "master"
[0m20:52:25.625254 [debug] [MainThread]: On master: COMMIT
[0m20:52:25.627857 [debug] [MainThread]: SQL status: COMMIT in 0.002 seconds
[0m20:52:25.629296 [debug] [MainThread]: On master: Close
[0m20:52:25.630815 [info ] [MainThread]: Concurrency: 4 threads (target='staging_verify')
[0m20:52:25.632119 [info ] [MainThread]: 
[0m20:52:25.642979 [debug] [Thread-1 (]: Began running node model.self_healing_pipeline.stg_weather
[0m20:52:25.644850 [info ] [Thread-1 (]: 1 of 2 START sql view model staging_verify.stg_weather ......................... [RUN]
[0m20:52:25.646737 [debug] [Thread-1 (]: Acquiring new postgres connection 'model.self_healing_pipeline.stg_weather'
[0m20:52:25.648098 [debug] [Thread-1 (]: Began compiling node model.self_healing_pipeline.stg_weather
[0m20:52:25.670348 [debug] [Thread-1 (]: Writing injected SQL for node "model.self_healing_pipeline.stg_weather"
[0m20:52:25.672633 [debug] [Thread-1 (]: Began executing node model.self_healing_pipeline.stg_weather
[0m20:52:25.784065 [debug] [Thread-1 (]: Writing runtime sql for node "model.self_healing_pipeline.stg_weather"
[0m20:52:25.787006 [debug] [Thread-1 (]: Using postgres connection "model.self_healing_pipeline.stg_weather"
[0m20:52:25.788199 [debug] [Thread-1 (]: On model.self_healing_pipeline.stg_weather: BEGIN
[0m20:52:25.789328 [debug] [Thread-1 (]: Opening a new connection, currently in state init
[0m20:52:25.826067 [debug] [Thread-1 (]: SQL status: BEGIN in 0.037 seconds
[0m20:52:25.827301 [debug] [Thread-1 (]: Using postgres connection "model.self_healing_pipeline.stg_weather"
[0m20:52:25.828699 [debug] [Thread-1 (]: On model.self_healing_pipeline.stg_weather: /* {"app": "dbt", "dbt_version": "1.8.2", "profile_name": "self_healing_pipeline", "target_name": "staging_verify", "node_id": "model.self_healing_pipeline.stg_weather"} */

  create view "shp"."staging_verify"."stg_weather__dbt_tmp"
    
    
  as (
    -- Cleans raw_weather: casts types, drops obviously bad rows.
-- This is the model that breaks first when --break bad_column or
-- --break schema_drift is used upstream -- good starting point for the
-- Monitor Agent to point at in Stage 1.
select
    ts::timestamp              as ts,
    case
        when temperature_c ~ '^-?\d+(\.\d+)?$'
        then temperature_c::numeric
        else null
    end                         as temperature_c,
    humidity_pct::numeric      as humidity_pct,
    precipitation_mm::numeric  as precipitation_mm,
    loaded_at
from "shp"."public"."raw_weather"
where ts is not null
  );
[0m20:52:25.849984 [debug] [Thread-1 (]: SQL status: CREATE VIEW in 0.020 seconds
[0m20:52:25.866619 [debug] [Thread-1 (]: Using postgres connection "model.self_healing_pipeline.stg_weather"
[0m20:52:25.867760 [debug] [Thread-1 (]: On model.self_healing_pipeline.stg_weather: /* {"app": "dbt", "dbt_version": "1.8.2", "profile_name": "self_healing_pipeline", "target_name": "staging_verify", "node_id": "model.self_healing_pipeline.stg_weather"} */
alter table "shp"."staging_verify"."stg_weather__dbt_tmp" rename to "stg_weather"
[0m20:52:25.872933 [debug] [Thread-1 (]: SQL status: ALTER TABLE in 0.004 seconds
[0m20:52:25.919915 [debug] [Thread-1 (]: On model.self_healing_pipeline.stg_weather: COMMIT
[0m20:52:25.921441 [debug] [Thread-1 (]: Using postgres connection "model.self_healing_pipeline.stg_weather"
[0m20:52:25.922766 [debug] [Thread-1 (]: On model.self_healing_pipeline.stg_weather: COMMIT
[0m20:52:25.933905 [debug] [Thread-1 (]: SQL status: COMMIT in 0.010 seconds
[0m20:52:25.947540 [debug] [Thread-1 (]: Applying DROP to: "shp"."staging_verify"."stg_weather__dbt_backup"
[0m20:52:25.962173 [debug] [Thread-1 (]: Using postgres connection "model.self_healing_pipeline.stg_weather"
[0m20:52:25.963385 [debug] [Thread-1 (]: On model.self_healing_pipeline.stg_weather: /* {"app": "dbt", "dbt_version": "1.8.2", "profile_name": "self_healing_pipeline", "target_name": "staging_verify", "node_id": "model.self_healing_pipeline.stg_weather"} */
drop view if exists "shp"."staging_verify"."stg_weather__dbt_backup" cascade
[0m20:52:25.967450 [debug] [Thread-1 (]: SQL status: DROP VIEW in 0.003 seconds
[0m20:52:25.974046 [debug] [Thread-1 (]: On model.self_healing_pipeline.stg_weather: Close
[0m20:52:25.978279 [debug] [Thread-1 (]: Sending event: {'category': 'dbt', 'action': 'run_model', 'label': '1af3513b-ec83-4710-9458-3213b7720372', 'context': [<snowplow_tracker.self_describing_json.SelfDescribingJson object at 0x000001F53C5A3A70>]}
[0m20:52:25.980638 [info ] [Thread-1 (]: 1 of 2 OK created sql view model staging_verify.stg_weather .................... [[32mCREATE VIEW[0m in 0.33s]
[0m20:52:25.982766 [debug] [Thread-1 (]: Finished running node model.self_healing_pipeline.stg_weather
[0m20:52:25.984778 [debug] [Thread-2 (]: Began running node model.self_healing_pipeline.daily_weather_summary
[0m20:52:25.986291 [info ] [Thread-2 (]: 2 of 2 START sql table model staging_verify.daily_weather_summary .............. [RUN]
[0m20:52:25.988043 [debug] [Thread-2 (]: Acquiring new postgres connection 'model.self_healing_pipeline.daily_weather_summary'
[0m20:52:25.989444 [debug] [Thread-2 (]: Began compiling node model.self_healing_pipeline.daily_weather_summary
[0m20:52:25.996751 [debug] [Thread-2 (]: Writing injected SQL for node "model.self_healing_pipeline.daily_weather_summary"
[0m20:52:25.998585 [debug] [Thread-2 (]: Began executing node model.self_healing_pipeline.daily_weather_summary
[0m20:52:26.094624 [debug] [Thread-2 (]: Writing runtime sql for node "model.self_healing_pipeline.daily_weather_summary"
[0m20:52:26.096783 [debug] [Thread-2 (]: Using postgres connection "model.self_healing_pipeline.daily_weather_summary"
[0m20:52:26.097902 [debug] [Thread-2 (]: On model.self_healing_pipeline.daily_weather_summary: BEGIN
[0m20:52:26.099460 [debug] [Thread-2 (]: Opening a new connection, currently in state init
[0m20:52:26.149368 [debug] [Thread-2 (]: SQL status: BEGIN in 0.050 seconds
[0m20:52:26.150588 [debug] [Thread-2 (]: Using postgres connection "model.self_healing_pipeline.daily_weather_summary"
[0m20:52:26.151852 [debug] [Thread-2 (]: On model.self_healing_pipeline.daily_weather_summary: /* {"app": "dbt", "dbt_version": "1.8.2", "profile_name": "self_healing_pipeline", "target_name": "staging_verify", "node_id": "model.self_healing_pipeline.daily_weather_summary"} */

  
    

  create  table "shp"."staging_verify"."daily_weather_summary__dbt_tmp"
  
  
    as
  
  (
    select
    date_trunc('day', ts)              as day,
    avg(temperature_c)                 as avg_temp_c,
    min(temperature_c)                 as min_temp_c,
    max(temperature_c)                 as max_temp_c,
    avg(humidity_pct)                  as avg_humidity_pct,
    sum(precipitation_mm)              as total_precipitation_mm,
    count(*)                           as reading_count
from "shp"."staging_verify"."stg_weather"
group by 1
  );
  
[0m20:52:26.196380 [debug] [Thread-2 (]: SQL status: SELECT 7 in 0.043 seconds
[0m20:52:26.205470 [debug] [Thread-2 (]: Using postgres connection "model.self_healing_pipeline.daily_weather_summary"
[0m20:52:26.206795 [debug] [Thread-2 (]: On model.self_healing_pipeline.daily_weather_summary: /* {"app": "dbt", "dbt_version": "1.8.2", "profile_name": "self_healing_pipeline", "target_name": "staging_verify", "node_id": "model.self_healing_pipeline.daily_weather_summary"} */
alter table "shp"."staging_verify"."daily_weather_summary__dbt_tmp" rename to "daily_weather_summary"
[0m20:52:26.212075 [debug] [Thread-2 (]: SQL status: ALTER TABLE in 0.004 seconds
[0m20:52:26.227203 [debug] [Thread-2 (]: On model.self_healing_pipeline.daily_weather_summary: COMMIT
[0m20:52:26.228519 [debug] [Thread-2 (]: Using postgres connection "model.self_healing_pipeline.daily_weather_summary"
[0m20:52:26.229870 [debug] [Thread-2 (]: On model.self_healing_pipeline.daily_weather_summary: COMMIT
[0m20:52:26.238863 [debug] [Thread-2 (]: SQL status: COMMIT in 0.008 seconds
[0m20:52:26.253594 [debug] [Thread-2 (]: Applying DROP to: "shp"."staging_verify"."daily_weather_summary__dbt_backup"
[0m20:52:26.262117 [debug] [Thread-2 (]: Using postgres connection "model.self_healing_pipeline.daily_weather_summary"
[0m20:52:26.263546 [debug] [Thread-2 (]: On model.self_healing_pipeline.daily_weather_summary: /* {"app": "dbt", "dbt_version": "1.8.2", "profile_name": "self_healing_pipeline", "target_name": "staging_verify", "node_id": "model.self_healing_pipeline.daily_weather_summary"} */
drop table if exists "shp"."staging_verify"."daily_weather_summary__dbt_backup" cascade
[0m20:52:26.266971 [debug] [Thread-2 (]: SQL status: DROP TABLE in 0.002 seconds
[0m20:52:26.271619 [debug] [Thread-2 (]: On model.self_healing_pipeline.daily_weather_summary: Close
[0m20:52:26.273357 [debug] [Thread-2 (]: Sending event: {'category': 'dbt', 'action': 'run_model', 'label': '1af3513b-ec83-4710-9458-3213b7720372', 'context': [<snowplow_tracker.self_describing_json.SelfDescribingJson object at 0x000001F53EAB91D0>]}
[0m20:52:26.275128 [info ] [Thread-2 (]: 2 of 2 OK created sql table model staging_verify.daily_weather_summary ......... [[32mSELECT 7[0m in 0.29s]
[0m20:52:26.277162 [debug] [Thread-2 (]: Finished running node model.self_healing_pipeline.daily_weather_summary
[0m20:52:26.281754 [debug] [MainThread]: Using postgres connection "master"
[0m20:52:26.282823 [debug] [MainThread]: On master: BEGIN
[0m20:52:26.283871 [debug] [MainThread]: Opening a new connection, currently in state closed
[0m20:52:26.325500 [debug] [MainThread]: SQL status: BEGIN in 0.042 seconds
[0m20:52:26.326591 [debug] [MainThread]: On master: COMMIT
[0m20:52:26.327862 [debug] [MainThread]: Using postgres connection "master"
[0m20:52:26.328951 [debug] [MainThread]: On master: COMMIT
[0m20:52:26.331449 [debug] [MainThread]: SQL status: COMMIT in 0.001 seconds
[0m20:52:26.332739 [debug] [MainThread]: On master: Close
[0m20:52:26.334262 [debug] [MainThread]: Connection 'master' was properly closed.
[0m20:52:26.335392 [debug] [MainThread]: Connection 'create_shp_staging_verify' was properly closed.
[0m20:52:26.336495 [debug] [MainThread]: Connection 'list_shp_staging_verify' was properly closed.
[0m20:52:26.337464 [debug] [MainThread]: Connection 'model.self_healing_pipeline.stg_weather' was properly closed.
[0m20:52:26.338384 [debug] [MainThread]: Connection 'model.self_healing_pipeline.daily_weather_summary' was properly closed.
[0m20:52:26.339376 [info ] [MainThread]: 
[0m20:52:26.340562 [info ] [MainThread]: Finished running 1 view model, 1 table model in 0 hours 0 minutes and 1.47 seconds (1.47s).
[0m20:52:26.343191 [debug] [MainThread]: Command end result
[0m20:52:26.439161 [info ] [MainThread]: 
[0m20:52:26.440745 [info ] [MainThread]: [32mCompleted successfully[0m
[0m20:52:26.442339 [info ] [MainThread]: 
[0m20:52:26.443543 [info ] [MainThread]: Done. PASS=2 WARN=0 ERROR=0 SKIP=0 TOTAL=2
[0m20:52:26.449800 [debug] [MainThread]: Command `dbt run` succeeded at 20:52:26.449411 after 9.41 seconds
[0m20:52:26.451034 [debug] [MainThread]: Sending event: {'category': 'dbt', 'action': 'invocation', 'label': 'end', 'context': [<snowplow_tracker.self_describing_json.SelfDescribingJson object at 0x000001F53CF110F0>, <snowplow_tracker.self_describing_json.SelfDescribingJson object at 0x000001F53666A190>, <snowplow_tracker.self_describing_json.SelfDescribingJson object at 0x000001F53E5997F0>]}
[0m20:52:26.452396 [debug] [MainThread]: Flushing usage events
[0m20:52:35.168446 [debug] [MainThread]: Sending event: {'category': 'dbt', 'action': 'invocation', 'label': 'start', 'context': [<snowplow_tracker.self_describing_json.SelfDescribingJson object at 0x000001D733717E00>, <snowplow_tracker.self_describing_json.SelfDescribingJson object at 0x000001D733315E50>, <snowplow_tracker.self_describing_json.SelfDescribingJson object at 0x000001D7324FC910>]}


============================== 20:52:35.178152 | 77412d70-baf1-4943-b4e3-a55b7f9f6cea ==============================
[0m20:52:35.178152 [info ] [MainThread]: Running with dbt=1.8.2
[0m20:52:35.179612 [debug] [MainThread]: running dbt with arguments {'printer_width': '80', 'indirect_selection': 'eager', 'log_cache_events': 'False', 'write_json': 'True', 'partial_parse': 'True', 'cache_selected_only': 'False', 'warn_error': 'None', 'debug': 'False', 'fail_fast': 'False', 'log_path': 'C:\\Users\\Qc\\Desktop\\self-healing-pipeline\\transform\\dbt_project\\logs', 'profiles_dir': 'C:\\Users\\Qc\\Desktop\\self-healing-pipeline\\transform\\dbt_project', 'version_check': 'True', 'use_colors': 'True', 'use_experimental_parser': 'False', 'no_print': 'None', 'quiet': 'False', 'log_format': 'default', 'introspect': 'True', 'invocation_command': 'dbt test --target staging_verify', 'static_parser': 'True', 'target_path': 'None', 'warn_error_options': 'WarnErrorOptions(include=[], exclude=[])', 'send_anonymous_usage_stats': 'True'}
[0m20:52:35.750715 [debug] [MainThread]: Sending event: {'category': 'dbt', 'action': 'project_id', 'label': '77412d70-baf1-4943-b4e3-a55b7f9f6cea', 'context': [<snowplow_tracker.self_describing_json.SelfDescribingJson object at 0x000001D73651F360>]}
[0m20:52:35.901577 [debug] [MainThread]: Sending event: {'category': 'dbt', 'action': 'adapter_info', 'label': '77412d70-baf1-4943-b4e3-a55b7f9f6cea', 'context': [<snowplow_tracker.self_describing_json.SelfDescribingJson object at 0x000001D7362C87C0>]}
[0m20:52:35.903661 [info ] [MainThread]: Registered adapter: postgres=1.8.2
[0m20:52:36.371566 [debug] [MainThread]: checksum: 1ce49185813d157258f4b6929effd3c140ce815a450235fd09955f03057e6df0, vars: {}, profile: , target: staging_verify, version: 1.8.2
[0m20:52:37.068868 [debug] [MainThread]: Partial parsing enabled: 0 files deleted, 0 files added, 0 files changed.
[0m20:52:37.070235 [debug] [MainThread]: Partial parsing enabled, no changes found, skipping parsing
[0m20:52:37.151311 [debug] [MainThread]: Sending event: {'category': 'dbt', 'action': 'load_project', 'label': '77412d70-baf1-4943-b4e3-a55b7f9f6cea', 'context': [<snowplow_tracker.self_describing_json.SelfDescribingJson object at 0x000001D737948550>]}
[0m20:52:37.445123 [debug] [MainThread]: Sending event: {'category': 'dbt', 'action': 'resource_counts', 'label': '77412d70-baf1-4943-b4e3-a55b7f9f6cea', 'context': [<snowplow_tracker.self_describing_json.SelfDescribingJson object at 0x000001D737A314F0>]}
[0m20:52:37.446852 [info ] [MainThread]: Found 2 models, 6 data tests, 1 source, 428 macros
[0m20:52:37.448384 [debug] [MainThread]: Sending event: {'category': 'dbt', 'action': 'runnable_timing', 'label': '77412d70-baf1-4943-b4e3-a55b7f9f6cea', 'context': [<snowplow_tracker.self_describing_json.SelfDescribingJson object at 0x000001D737A56430>]}
[0m20:52:37.454045 [info ] [MainThread]: 
[0m20:52:37.455936 [debug] [MainThread]: Acquiring new postgres connection 'master'
[0m20:52:37.468649 [debug] [ThreadPool]: Acquiring new postgres connection 'list_shp_staging_verify'
[0m20:52:37.616825 [debug] [ThreadPool]: Using postgres connection "list_shp_staging_verify"
[0m20:52:37.617728 [debug] [ThreadPool]: On list_shp_staging_verify: BEGIN
[0m20:52:37.618691 [debug] [ThreadPool]: Opening a new connection, currently in state init
[0m20:52:37.651581 [debug] [ThreadPool]: SQL status: BEGIN in 0.033 seconds
[0m20:52:37.652595 [debug] [ThreadPool]: Using postgres connection "list_shp_staging_verify"
[0m20:52:37.653593 [debug] [ThreadPool]: On list_shp_staging_verify: /* {"app": "dbt", "dbt_version": "1.8.2", "profile_name": "self_healing_pipeline", "target_name": "staging_verify", "connection_name": "list_shp_staging_verify"} */
select
      'shp' as database,
      tablename as name,
      schemaname as schema,
      'table' as type
    from pg_tables
    where schemaname ilike 'staging_verify'
    union all
    select
      'shp' as database,
      viewname as name,
      schemaname as schema,
      'view' as type
    from pg_views
    where schemaname ilike 'staging_verify'
    union all
    select
      'shp' as database,
      matviewname as name,
      schemaname as schema,
      'materialized_view' as type
    from pg_matviews
    where schemaname ilike 'staging_verify'
  
[0m20:52:37.661286 [debug] [ThreadPool]: SQL status: SELECT 2 in 0.007 seconds
[0m20:52:37.664428 [debug] [ThreadPool]: On list_shp_staging_verify: ROLLBACK
[0m20:52:37.666819 [debug] [ThreadPool]: On list_shp_staging_verify: Close
[0m20:52:37.678314 [debug] [MainThread]: Using postgres connection "master"
[0m20:52:37.679340 [debug] [MainThread]: On master: BEGIN
[0m20:52:37.680043 [debug] [MainThread]: Opening a new connection, currently in state init
[0m20:52:37.712157 [debug] [MainThread]: SQL status: BEGIN in 0.032 seconds
[0m20:52:37.712984 [debug] [MainThread]: Using postgres connection "master"
[0m20:52:37.713746 [debug] [MainThread]: On master: /* {"app": "dbt", "dbt_version": "1.8.2", "profile_name": "self_healing_pipeline", "target_name": "staging_verify", "connection_name": "master"} */
with relation as (
        select
            pg_rewrite.ev_class as class,
            pg_rewrite.oid as id
        from pg_rewrite
    ),
    class as (
        select
            oid as id,
            relname as name,
            relnamespace as schema,
            relkind as kind
        from pg_class
    ),
    dependency as (
        select distinct
            pg_depend.objid as id,
            pg_depend.refobjid as ref
        from pg_depend
    ),
    schema as (
        select
            pg_namespace.oid as id,
            pg_namespace.nspname as name
        from pg_namespace
        where nspname != 'information_schema' and nspname not like 'pg\_%'
    ),
    referenced as (
        select
            relation.id AS id,
            referenced_class.name ,
            referenced_class.schema ,
            referenced_class.kind
        from relation
        join class as referenced_class on relation.class=referenced_class.id
        where referenced_class.kind in ('r', 'v', 'm')
    ),
    relationships as (
        select
            referenced.name as referenced_name,
            referenced.schema as referenced_schema_id,
            dependent_class.name as dependent_name,
            dependent_class.schema as dependent_schema_id,
            referenced.kind as kind
        from referenced
        join dependency on referenced.id=dependency.id
        join class as dependent_class on dependency.ref=dependent_class.id
        where
            (referenced.name != dependent_class.name or
             referenced.schema != dependent_class.schema)
    )

    select
        referenced_schema.name as referenced_schema,
        relationships.referenced_name as referenced_name,
        dependent_schema.name as dependent_schema,
        relationships.dependent_name as dependent_name
    from relationships
    join schema as dependent_schema on relationships.dependent_schema_id=dependent_schema.id
    join schema as referenced_schema on relationships.referenced_schema_id=referenced_schema.id
    group by referenced_schema, referenced_name, dependent_schema, dependent_name
    order by referenced_schema, referenced_name, dependent_schema, dependent_name;
[0m20:52:37.725117 [debug] [MainThread]: SQL status: SELECT 2 in 0.011 seconds
[0m20:52:37.726991 [debug] [MainThread]: Sending event: {'category': 'dbt', 'action': 'runnable_timing', 'label': '77412d70-baf1-4943-b4e3-a55b7f9f6cea', 'context': [<snowplow_tracker.self_describing_json.SelfDescribingJson object at 0x000001D737C71D90>]}
[0m20:52:37.728058 [debug] [MainThread]: On master: ROLLBACK
[0m20:52:37.730590 [debug] [MainThread]: Using postgres connection "master"
[0m20:52:37.731683 [debug] [MainThread]: On master: BEGIN
[0m20:52:37.735619 [debug] [MainThread]: SQL status: BEGIN in 0.003 seconds
[0m20:52:37.736498 [debug] [MainThread]: On master: COMMIT
[0m20:52:37.737196 [debug] [MainThread]: Using postgres connection "master"
[0m20:52:37.737742 [debug] [MainThread]: On master: COMMIT
[0m20:52:37.739911 [debug] [MainThread]: SQL status: COMMIT in 0.001 seconds
[0m20:52:37.740716 [debug] [MainThread]: On master: Close
[0m20:52:37.741975 [info ] [MainThread]: Concurrency: 4 threads (target='staging_verify')
[0m20:52:37.743375 [info ] [MainThread]: 
[0m20:52:37.751581 [debug] [Thread-1 (]: Began running node test.self_healing_pipeline.not_null_daily_weather_summary_day.94fef7bf6b
[0m20:52:37.753015 [debug] [Thread-2 (]: Began running node test.self_healing_pipeline.not_null_daily_weather_summary_reading_count.a3aae03769
[0m20:52:37.754216 [debug] [Thread-4 (]: Began running node test.self_healing_pipeline.not_null_stg_weather_temperature_c.3a7a09f65f
[0m20:52:37.755586 [debug] [Thread-3 (]: Began running node test.self_healing_pipeline.not_null_stg_weather_humidity_pct.2b05ac1847
[0m20:52:37.756605 [info ] [Thread-1 (]: 1 of 6 START test not_null_daily_weather_summary_day ........................... [RUN]
[0m20:52:37.758069 [info ] [Thread-2 (]: 2 of 6 START test not_null_daily_weather_summary_reading_count ................. [RUN]
[0m20:52:37.759524 [info ] [Thread-4 (]: 4 of 6 START test not_null_stg_weather_temperature_c ........................... [RUN]
[0m20:52:37.760377 [info ] [Thread-3 (]: 3 of 6 START test not_null_stg_weather_humidity_pct ............................ [RUN]
[0m20:52:37.761318 [debug] [Thread-1 (]: Acquiring new postgres connection 'test.self_healing_pipeline.not_null_daily_weather_summary_day.94fef7bf6b'
[0m20:52:37.762577 [debug] [Thread-2 (]: Acquiring new postgres connection 'test.self_healing_pipeline.not_null_daily_weather_summary_reading_count.a3aae03769'
[0m20:52:37.764336 [debug] [Thread-4 (]: Acquiring new postgres connection 'test.self_healing_pipeline.not_null_stg_weather_temperature_c.3a7a09f65f'
[0m20:52:37.765601 [debug] [Thread-3 (]: Acquiring new postgres connection 'test.self_healing_pipeline.not_null_stg_weather_humidity_pct.2b05ac1847'
[0m20:52:37.766653 [debug] [Thread-1 (]: Began compiling node test.self_healing_pipeline.not_null_daily_weather_summary_day.94fef7bf6b
[0m20:52:37.767687 [debug] [Thread-2 (]: Began compiling node test.self_healing_pipeline.not_null_daily_weather_summary_reading_count.a3aae03769
[0m20:52:37.768315 [debug] [Thread-4 (]: Began compiling node test.self_healing_pipeline.not_null_stg_weather_temperature_c.3a7a09f65f
[0m20:52:37.769102 [debug] [Thread-3 (]: Began compiling node test.self_healing_pipeline.not_null_stg_weather_humidity_pct.2b05ac1847
[0m20:52:37.821313 [debug] [Thread-1 (]: Writing injected SQL for node "test.self_healing_pipeline.not_null_daily_weather_summary_day.94fef7bf6b"
[0m20:52:37.823274 [debug] [Thread-2 (]: Writing injected SQL for node "test.self_healing_pipeline.not_null_daily_weather_summary_reading_count.a3aae03769"
[0m20:52:37.830877 [debug] [Thread-4 (]: Writing injected SQL for node "test.self_healing_pipeline.not_null_stg_weather_temperature_c.3a7a09f65f"
[0m20:52:37.836034 [debug] [Thread-3 (]: Writing injected SQL for node "test.self_healing_pipeline.not_null_stg_weather_humidity_pct.2b05ac1847"
[0m20:52:37.838444 [debug] [Thread-1 (]: Began executing node test.self_healing_pipeline.not_null_daily_weather_summary_day.94fef7bf6b
[0m20:52:37.839721 [debug] [Thread-2 (]: Began executing node test.self_healing_pipeline.not_null_daily_weather_summary_reading_count.a3aae03769
[0m20:52:37.840935 [debug] [Thread-4 (]: Began executing node test.self_healing_pipeline.not_null_stg_weather_temperature_c.3a7a09f65f
[0m20:52:37.868111 [debug] [Thread-1 (]: Writing runtime sql for node "test.self_healing_pipeline.not_null_daily_weather_summary_day.94fef7bf6b"
[0m20:52:37.872359 [debug] [Thread-2 (]: Writing runtime sql for node "test.self_healing_pipeline.not_null_daily_weather_summary_reading_count.a3aae03769"
[0m20:52:37.877973 [debug] [Thread-4 (]: Writing runtime sql for node "test.self_healing_pipeline.not_null_stg_weather_temperature_c.3a7a09f65f"
[0m20:52:37.880716 [debug] [Thread-1 (]: Using postgres connection "test.self_healing_pipeline.not_null_daily_weather_summary_day.94fef7bf6b"
[0m20:52:37.881974 [debug] [Thread-3 (]: Began executing node test.self_healing_pipeline.not_null_stg_weather_humidity_pct.2b05ac1847
[0m20:52:37.882910 [debug] [Thread-1 (]: On test.self_healing_pipeline.not_null_daily_weather_summary_day.94fef7bf6b: BEGIN
[0m20:52:37.884091 [debug] [Thread-2 (]: Using postgres connection "test.self_healing_pipeline.not_null_daily_weather_summary_reading_count.a3aae03769"
[0m20:52:37.889375 [debug] [Thread-3 (]: Writing runtime sql for node "test.self_healing_pipeline.not_null_stg_weather_humidity_pct.2b05ac1847"
[0m20:52:37.890466 [debug] [Thread-4 (]: Using postgres connection "test.self_healing_pipeline.not_null_stg_weather_temperature_c.3a7a09f65f"
[0m20:52:37.891063 [debug] [Thread-1 (]: Opening a new connection, currently in state init
[0m20:52:37.891618 [debug] [Thread-2 (]: On test.self_healing_pipeline.not_null_daily_weather_summary_reading_count.a3aae03769: BEGIN
[0m20:52:37.892495 [debug] [Thread-4 (]: On test.self_healing_pipeline.not_null_stg_weather_temperature_c.3a7a09f65f: BEGIN
[0m20:52:37.893833 [debug] [Thread-2 (]: Opening a new connection, currently in state init
[0m20:52:37.895569 [debug] [Thread-4 (]: Opening a new connection, currently in state init
[0m20:52:37.897126 [debug] [Thread-3 (]: Using postgres connection "test.self_healing_pipeline.not_null_stg_weather_humidity_pct.2b05ac1847"
[0m20:52:37.899457 [debug] [Thread-3 (]: On test.self_healing_pipeline.not_null_stg_weather_humidity_pct.2b05ac1847: BEGIN
[0m20:52:37.901192 [debug] [Thread-3 (]: Opening a new connection, currently in state init
[0m20:52:37.942019 [debug] [Thread-1 (]: SQL status: BEGIN in 0.051 seconds
[0m20:52:37.943036 [debug] [Thread-1 (]: Using postgres connection "test.self_healing_pipeline.not_null_daily_weather_summary_day.94fef7bf6b"
[0m20:52:37.944305 [debug] [Thread-1 (]: On test.self_healing_pipeline.not_null_daily_weather_summary_day.94fef7bf6b: /* {"app": "dbt", "dbt_version": "1.8.2", "profile_name": "self_healing_pipeline", "target_name": "staging_verify", "node_id": "test.self_healing_pipeline.not_null_daily_weather_summary_day.94fef7bf6b"} */
select
      count(*) as failures,
      count(*) != 0 as should_warn,
      count(*) != 0 as should_error
    from (
      
    
    



select day
from "shp"."staging_verify"."daily_weather_summary"
where day is null



      
    ) dbt_internal_test
[0m20:52:37.946029 [debug] [Thread-4 (]: SQL status: BEGIN in 0.051 seconds
[0m20:52:37.947952 [debug] [Thread-4 (]: Using postgres connection "test.self_healing_pipeline.not_null_stg_weather_temperature_c.3a7a09f65f"
[0m20:52:37.948859 [debug] [Thread-4 (]: On test.self_healing_pipeline.not_null_stg_weather_temperature_c.3a7a09f65f: /* {"app": "dbt", "dbt_version": "1.8.2", "profile_name": "self_healing_pipeline", "target_name": "staging_verify", "node_id": "test.self_healing_pipeline.not_null_stg_weather_temperature_c.3a7a09f65f"} */
select
      count(*) as failures,
      count(*) != 0 as should_warn,
      count(*) != 0 as should_error
    from (
      
    
    



select temperature_c
from "shp"."staging_verify"."stg_weather"
where temperature_c is null



      
    ) dbt_internal_test
[0m20:52:37.952976 [debug] [Thread-3 (]: SQL status: BEGIN in 0.052 seconds
[0m20:52:37.953862 [debug] [Thread-3 (]: Using postgres connection "test.self_healing_pipeline.not_null_stg_weather_humidity_pct.2b05ac1847"
[0m20:52:37.954778 [debug] [Thread-1 (]: SQL status: SELECT 1 in 0.009 seconds
[0m20:52:37.955923 [debug] [Thread-3 (]: On test.self_healing_pipeline.not_null_stg_weather_humidity_pct.2b05ac1847: /* {"app": "dbt", "dbt_version": "1.8.2", "profile_name": "self_healing_pipeline", "target_name": "staging_verify", "node_id": "test.self_healing_pipeline.not_null_stg_weather_humidity_pct.2b05ac1847"} */
select
      count(*) as failures,
      count(*) != 0 as should_warn,
      count(*) != 0 as should_error
    from (
      
    
    



select humidity_pct
from "shp"."staging_verify"."stg_weather"
where humidity_pct is null



      
    ) dbt_internal_test
[0m20:52:37.966221 [debug] [Thread-1 (]: On test.self_healing_pipeline.not_null_daily_weather_summary_day.94fef7bf6b: ROLLBACK
[0m20:52:37.967753 [debug] [Thread-4 (]: SQL status: SELECT 1 in 0.018 seconds
[0m20:52:37.972450 [debug] [Thread-4 (]: On test.self_healing_pipeline.not_null_stg_weather_temperature_c.3a7a09f65f: ROLLBACK
[0m20:52:37.973592 [debug] [Thread-3 (]: SQL status: SELECT 1 in 0.006 seconds
[0m20:52:37.974217 [debug] [Thread-1 (]: On test.self_healing_pipeline.not_null_daily_weather_summary_day.94fef7bf6b: Close
[0m20:52:37.978791 [debug] [Thread-3 (]: On test.self_healing_pipeline.not_null_stg_weather_humidity_pct.2b05ac1847: ROLLBACK
[0m20:52:37.979897 [debug] [Thread-2 (]: SQL status: BEGIN in 0.086 seconds
[0m20:52:37.980528 [debug] [Thread-4 (]: On test.self_healing_pipeline.not_null_stg_weather_temperature_c.3a7a09f65f: Close
[0m20:52:37.983333 [debug] [Thread-3 (]: On test.self_healing_pipeline.not_null_stg_weather_humidity_pct.2b05ac1847: Close
[0m20:52:37.984621 [debug] [Thread-2 (]: Using postgres connection "test.self_healing_pipeline.not_null_daily_weather_summary_reading_count.a3aae03769"
[0m20:52:37.982233 [info ] [Thread-1 (]: 1 of 6 PASS not_null_daily_weather_summary_day ................................. [[32mPASS[0m in 0.22s]
[0m20:52:37.987343 [error] [Thread-4 (]: 4 of 6 FAIL 168 not_null_stg_weather_temperature_c ............................. [[31mFAIL 168[0m in 0.22s]
[0m20:52:37.989424 [debug] [Thread-2 (]: On test.self_healing_pipeline.not_null_daily_weather_summary_reading_count.a3aae03769: /* {"app": "dbt", "dbt_version": "1.8.2", "profile_name": "self_healing_pipeline", "target_name": "staging_verify", "node_id": "test.self_healing_pipeline.not_null_daily_weather_summary_reading_count.a3aae03769"} */
select
      count(*) as failures,
      count(*) != 0 as should_warn,
      count(*) != 0 as should_error
    from (
      
    
    



select reading_count
from "shp"."staging_verify"."daily_weather_summary"
where reading_count is null



      
    ) dbt_internal_test
[0m20:52:37.991691 [info ] [Thread-3 (]: 3 of 6 PASS not_null_stg_weather_humidity_pct .................................. [[32mPASS[0m in 0.23s]
[0m20:52:37.994278 [debug] [Thread-1 (]: Finished running node test.self_healing_pipeline.not_null_daily_weather_summary_day.94fef7bf6b
[0m20:52:37.996445 [debug] [Thread-4 (]: Finished running node test.self_healing_pipeline.not_null_stg_weather_temperature_c.3a7a09f65f
[0m20:52:37.998338 [debug] [Thread-3 (]: Finished running node test.self_healing_pipeline.not_null_stg_weather_humidity_pct.2b05ac1847
[0m20:52:37.999897 [debug] [Thread-1 (]: Began running node test.self_healing_pipeline.not_null_stg_weather_ts.4f82cf9d8b
[0m20:52:38.000985 [debug] [Thread-2 (]: SQL status: SELECT 1 in 0.003 seconds
[0m20:52:38.002017 [debug] [Thread-4 (]: Began running node test.self_healing_pipeline.unique_daily_weather_summary_day.3ac2b955ee
[0m20:52:38.003459 [info ] [Thread-1 (]: 5 of 6 START test not_null_stg_weather_ts ...................................... [RUN]
[0m20:52:38.006229 [debug] [Thread-2 (]: On test.self_healing_pipeline.not_null_daily_weather_summary_reading_count.a3aae03769: ROLLBACK
[0m20:52:38.007013 [info ] [Thread-4 (]: 6 of 6 START test unique_daily_weather_summary_day ............................. [RUN]
[0m20:52:38.008310 [debug] [Thread-1 (]: Re-using an available connection from the pool (formerly test.self_healing_pipeline.not_null_daily_weather_summary_day.94fef7bf6b, now test.self_healing_pipeline.not_null_stg_weather_ts.4f82cf9d8b)
[0m20:52:38.009661 [debug] [Thread-4 (]: Re-using an available connection from the pool (formerly test.self_healing_pipeline.not_null_stg_weather_temperature_c.3a7a09f65f, now test.self_healing_pipeline.unique_daily_weather_summary_day.3ac2b955ee)
[0m20:52:38.011091 [debug] [Thread-1 (]: Began compiling node test.self_healing_pipeline.not_null_stg_weather_ts.4f82cf9d8b
[0m20:52:38.012079 [debug] [Thread-2 (]: On test.self_healing_pipeline.not_null_daily_weather_summary_reading_count.a3aae03769: Close
[0m20:52:38.013231 [debug] [Thread-4 (]: Began compiling node test.self_healing_pipeline.unique_daily_weather_summary_day.3ac2b955ee
[0m20:52:38.021189 [debug] [Thread-1 (]: Writing injected SQL for node "test.self_healing_pipeline.not_null_stg_weather_ts.4f82cf9d8b"
[0m20:52:38.038004 [debug] [Thread-4 (]: Writing injected SQL for node "test.self_healing_pipeline.unique_daily_weather_summary_day.3ac2b955ee"
[0m20:52:38.034288 [info ] [Thread-2 (]: 2 of 6 PASS not_null_daily_weather_summary_reading_count ....................... [[32mPASS[0m in 0.27s]
[0m20:52:38.040680 [debug] [Thread-2 (]: Finished running node test.self_healing_pipeline.not_null_daily_weather_summary_reading_count.a3aae03769
[0m20:52:38.044201 [debug] [Thread-4 (]: Began executing node test.self_healing_pipeline.unique_daily_weather_summary_day.3ac2b955ee
[0m20:52:38.051423 [debug] [Thread-4 (]: Writing runtime sql for node "test.self_healing_pipeline.unique_daily_weather_summary_day.3ac2b955ee"
[0m20:52:38.052692 [debug] [Thread-1 (]: Began executing node test.self_healing_pipeline.not_null_stg_weather_ts.4f82cf9d8b
[0m20:52:38.057072 [debug] [Thread-1 (]: Writing runtime sql for node "test.self_healing_pipeline.not_null_stg_weather_ts.4f82cf9d8b"
[0m20:52:38.059515 [debug] [Thread-1 (]: Using postgres connection "test.self_healing_pipeline.not_null_stg_weather_ts.4f82cf9d8b"
[0m20:52:38.061050 [debug] [Thread-4 (]: Using postgres connection "test.self_healing_pipeline.unique_daily_weather_summary_day.3ac2b955ee"
[0m20:52:38.061765 [debug] [Thread-1 (]: On test.self_healing_pipeline.not_null_stg_weather_ts.4f82cf9d8b: BEGIN
[0m20:52:38.062562 [debug] [Thread-4 (]: On test.self_healing_pipeline.unique_daily_weather_summary_day.3ac2b955ee: BEGIN
[0m20:52:38.063466 [debug] [Thread-1 (]: Opening a new connection, currently in state closed
[0m20:52:38.064306 [debug] [Thread-4 (]: Opening a new connection, currently in state closed
[0m20:52:38.110170 [debug] [Thread-4 (]: SQL status: BEGIN in 0.046 seconds
[0m20:52:38.111518 [debug] [Thread-4 (]: Using postgres connection "test.self_healing_pipeline.unique_daily_weather_summary_day.3ac2b955ee"
[0m20:52:38.112776 [debug] [Thread-4 (]: On test.self_healing_pipeline.unique_daily_weather_summary_day.3ac2b955ee: /* {"app": "dbt", "dbt_version": "1.8.2", "profile_name": "self_healing_pipeline", "target_name": "staging_verify", "node_id": "test.self_healing_pipeline.unique_daily_weather_summary_day.3ac2b955ee"} */
select
      count(*) as failures,
      count(*) != 0 as should_warn,
      count(*) != 0 as should_error
    from (
      
    
    

select
    day as unique_field,
    count(*) as n_records

from "shp"."staging_verify"."daily_weather_summary"
where day is not null
group by day
having count(*) > 1



      
    ) dbt_internal_test
[0m20:52:38.118518 [debug] [Thread-4 (]: SQL status: SELECT 1 in 0.005 seconds
[0m20:52:38.122730 [debug] [Thread-4 (]: On test.self_healing_pipeline.unique_daily_weather_summary_day.3ac2b955ee: ROLLBACK
[0m20:52:38.127167 [debug] [Thread-4 (]: On test.self_healing_pipeline.unique_daily_weather_summary_day.3ac2b955ee: Close
[0m20:52:38.129817 [info ] [Thread-4 (]: 6 of 6 PASS unique_daily_weather_summary_day ................................... [[32mPASS[0m in 0.12s]
[0m20:52:38.132296 [debug] [Thread-4 (]: Finished running node test.self_healing_pipeline.unique_daily_weather_summary_day.3ac2b955ee
[0m20:52:38.139123 [debug] [Thread-1 (]: SQL status: BEGIN in 0.076 seconds
[0m20:52:38.140547 [debug] [Thread-1 (]: Using postgres connection "test.self_healing_pipeline.not_null_stg_weather_ts.4f82cf9d8b"
[0m20:52:38.141890 [debug] [Thread-1 (]: On test.self_healing_pipeline.not_null_stg_weather_ts.4f82cf9d8b: /* {"app": "dbt", "dbt_version": "1.8.2", "profile_name": "self_healing_pipeline", "target_name": "staging_verify", "node_id": "test.self_healing_pipeline.not_null_stg_weather_ts.4f82cf9d8b"} */
select
      count(*) as failures,
      count(*) != 0 as should_warn,
      count(*) != 0 as should_error
    from (
      
    
    



select ts
from "shp"."staging_verify"."stg_weather"
where ts is null



      
    ) dbt_internal_test
[0m20:52:38.151482 [debug] [Thread-1 (]: SQL status: SELECT 1 in 0.008 seconds
[0m20:52:38.155034 [debug] [Thread-1 (]: On test.self_healing_pipeline.not_null_stg_weather_ts.4f82cf9d8b: ROLLBACK
[0m20:52:38.157936 [debug] [Thread-1 (]: On test.self_healing_pipeline.not_null_stg_weather_ts.4f82cf9d8b: Close
[0m20:52:38.159968 [info ] [Thread-1 (]: 5 of 6 PASS not_null_stg_weather_ts ............................................ [[32mPASS[0m in 0.15s]
[0m20:52:38.164817 [debug] [Thread-1 (]: Finished running node test.self_healing_pipeline.not_null_stg_weather_ts.4f82cf9d8b
[0m20:52:38.168757 [debug] [MainThread]: Using postgres connection "master"
[0m20:52:38.169419 [debug] [MainThread]: On master: BEGIN
[0m20:52:38.170276 [debug] [MainThread]: Opening a new connection, currently in state closed
[0m20:52:38.205130 [debug] [MainThread]: SQL status: BEGIN in 0.035 seconds
[0m20:52:38.205978 [debug] [MainThread]: On master: COMMIT
[0m20:52:38.206628 [debug] [MainThread]: Using postgres connection "master"
[0m20:52:38.207141 [debug] [MainThread]: On master: COMMIT
[0m20:52:38.209822 [debug] [MainThread]: SQL status: COMMIT in 0.001 seconds
[0m20:52:38.210922 [debug] [MainThread]: On master: Close
[0m20:52:38.212831 [debug] [MainThread]: Connection 'master' was properly closed.
[0m20:52:38.214345 [debug] [MainThread]: Connection 'list_shp_staging_verify' was properly closed.
[0m20:52:38.215624 [debug] [MainThread]: Connection 'test.self_healing_pipeline.not_null_stg_weather_ts.4f82cf9d8b' was properly closed.
[0m20:52:38.216649 [debug] [MainThread]: Connection 'test.self_healing_pipeline.not_null_daily_weather_summary_reading_count.a3aae03769' was properly closed.
[0m20:52:38.217928 [debug] [MainThread]: Connection 'test.self_healing_pipeline.unique_daily_weather_summary_day.3ac2b955ee' was properly closed.
[0m20:52:38.219541 [debug] [MainThread]: Connection 'test.self_healing_pipeline.not_null_stg_weather_humidity_pct.2b05ac1847' was properly closed.
[0m20:52:38.220506 [info ] [MainThread]: 
[0m20:52:38.221151 [info ] [MainThread]: Finished running 6 data tests in 0 hours 0 minutes and 0.77 seconds (0.77s).
[0m20:52:38.225684 [debug] [MainThread]: Command end result
[0m20:52:38.290886 [info ] [MainThread]: 
[0m20:52:38.292405 [info ] [MainThread]: [31mCompleted with 1 error and 0 warnings:[0m
[0m20:52:38.293622 [info ] [MainThread]: 
[0m20:52:38.294917 [error] [MainThread]: [31mFailure in test not_null_stg_weather_temperature_c (models\staging\sources.yml)[0m
[0m20:52:38.296328 [error] [MainThread]:   Got 168 results, configured to fail if != 0
[0m20:52:38.297155 [info ] [MainThread]: 
[0m20:52:38.297750 [info ] [MainThread]:   compiled code at target\compiled\self_healing_pipeline\models\staging\sources.yml\not_null_stg_weather_temperature_c.sql
[0m20:52:38.298274 [info ] [MainThread]: 
[0m20:52:38.298770 [info ] [MainThread]: Done. PASS=5 WARN=0 ERROR=1 SKIP=0 TOTAL=6
[0m20:52:38.301177 [debug] [MainThread]: Command `dbt test` failed at 20:52:38.300892 after 3.41 seconds
[0m20:52:38.302223 [debug] [MainThread]: Sending event: {'category': 'dbt', 'action': 'invocation', 'label': 'end', 'context': [<snowplow_tracker.self_describing_json.SelfDescribingJson object at 0x000001D73632D190>, <snowplow_tracker.self_describing_json.SelfDescribingJson object at 0x000001D737A655A0>, <snowplow_tracker.self_describing_json.SelfDescribingJson object at 0x000001D737A65440>]}
[0m20:52:38.303275 [debug] [MainThread]: Flushing usage events
[0m21:31:50.785229 [debug] [MainThread]: Sending event: {'category': 'dbt', 'action': 'invocation', 'label': 'start', 'context': [<snowplow_tracker.self_describing_json.SelfDescribingJson object at 0x000001C0F8EABE00>, <snowplow_tracker.self_describing_json.SelfDescribingJson object at 0x000001C0F8AA5E50>, <snowplow_tracker.self_describing_json.SelfDescribingJson object at 0x000001C0F7C8C910>]}


============================== 21:31:50.793795 | 6660b1bd-1903-494d-acaf-c7e7fd1770d3 ==============================
[0m21:31:50.793795 [info ] [MainThread]: Running with dbt=1.8.2
[0m21:31:50.794703 [debug] [MainThread]: running dbt with arguments {'printer_width': '80', 'indirect_selection': 'eager', 'log_cache_events': 'False', 'write_json': 'True', 'partial_parse': 'True', 'cache_selected_only': 'False', 'profiles_dir': 'C:\\Users\\Qc\\Desktop\\self-healing-pipeline\\transform\\dbt_project', 'version_check': 'True', 'warn_error': 'None', 'log_path': 'C:\\Users\\Qc\\Desktop\\self-healing-pipeline\\transform\\dbt_project\\logs', 'debug': 'False', 'fail_fast': 'False', 'use_colors': 'True', 'use_experimental_parser': 'False', 'no_print': 'None', 'quiet': 'False', 'warn_error_options': 'WarnErrorOptions(include=[], exclude=[])', 'invocation_command': 'dbt run', 'static_parser': 'True', 'log_format': 'default', 'target_path': 'None', 'introspect': 'True', 'send_anonymous_usage_stats': 'True'}
[0m21:31:51.278084 [debug] [MainThread]: Sending event: {'category': 'dbt', 'action': 'project_id', 'label': '6660b1bd-1903-494d-acaf-c7e7fd1770d3', 'context': [<snowplow_tracker.self_describing_json.SelfDescribingJson object at 0x000001C0FBC7F360>]}
[0m21:31:51.397927 [debug] [MainThread]: Sending event: {'category': 'dbt', 'action': 'adapter_info', 'label': '6660b1bd-1903-494d-acaf-c7e7fd1770d3', 'context': [<snowplow_tracker.self_describing_json.SelfDescribingJson object at 0x000001C0FBA687C0>]}
[0m21:31:51.400101 [info ] [MainThread]: Registered adapter: postgres=1.8.2
[0m21:31:51.872196 [debug] [MainThread]: checksum: f0a141b9de567cb7f131613ba2682f40b3a1c6a157f81c6e5435862eff68f109, vars: {}, profile: , target: , version: 1.8.2
[0m21:31:52.246003 [info ] [MainThread]: Unable to do partial parsing because config vars, config profile, or config target have changed
[0m21:31:52.247157 [debug] [MainThread]: previous checksum: f0a141b9de567cb7f131613ba2682f40b3a1c6a157f81c6e5435862eff68f109, current checksum: 1ce49185813d157258f4b6929effd3c140ce815a450235fd09955f03057e6df0
[0m21:31:52.248113 [info ] [MainThread]: Unable to do partial parsing because profile has changed
[0m21:31:52.249211 [debug] [MainThread]: Sending event: {'category': 'dbt', 'action': 'partial_parser', 'label': '6660b1bd-1903-494d-acaf-c7e7fd1770d3', 'context': [<snowplow_tracker.self_describing_json.SelfDescribingJson object at 0x000001C0FBB8BA50>]}
[0m21:31:54.274732 [warn ] [MainThread]: [[33mWARNING[0m]: Deprecated functionality
The `tests` config has been renamed to `data_tests`. Please see
https://docs.getdbt.com/docs/build/data-tests#new-data_tests-syntax for more
information.
[0m21:31:54.275875 [debug] [MainThread]: Sending event: {'category': 'dbt', 'action': 'deprecation', 'label': '6660b1bd-1903-494d-acaf-c7e7fd1770d3', 'property_': 'warn', 'context': [<snowplow_tracker.self_describing_json.SelfDescribingJson object at 0x000001C0FBE3E8A0>]}
[0m21:31:55.121746 [debug] [MainThread]: Sending event: {'category': 'dbt', 'action': 'load_project', 'label': '6660b1bd-1903-494d-acaf-c7e7fd1770d3', 'context': [<snowplow_tracker.self_describing_json.SelfDescribingJson object at 0x000001C0FD1DFA10>]}
[0m21:31:55.317683 [debug] [MainThread]: Sending event: {'category': 'dbt', 'action': 'resource_counts', 'label': '6660b1bd-1903-494d-acaf-c7e7fd1770d3', 'context': [<snowplow_tracker.self_describing_json.SelfDescribingJson object at 0x000001C0FD375570>]}
[0m21:31:55.318504 [info ] [MainThread]: Found 2 models, 6 data tests, 1 source, 428 macros
[0m21:31:55.319428 [debug] [MainThread]: Sending event: {'category': 'dbt', 'action': 'runnable_timing', 'label': '6660b1bd-1903-494d-acaf-c7e7fd1770d3', 'context': [<snowplow_tracker.self_describing_json.SelfDescribingJson object at 0x000001C0FD351250>]}
[0m21:31:55.323666 [info ] [MainThread]: 
[0m21:31:55.324850 [debug] [MainThread]: Acquiring new postgres connection 'master'
[0m21:31:55.334101 [debug] [ThreadPool]: Acquiring new postgres connection 'list_shp'
[0m21:31:55.517426 [debug] [ThreadPool]: Using postgres connection "list_shp"
[0m21:31:55.518502 [debug] [ThreadPool]: On list_shp: /* {"app": "dbt", "dbt_version": "1.8.2", "profile_name": "self_healing_pipeline", "target_name": "dev", "connection_name": "list_shp"} */

    select distinct nspname from pg_namespace
  
[0m21:31:55.519524 [debug] [ThreadPool]: Opening a new connection, currently in state init
[0m21:31:55.571261 [debug] [ThreadPool]: SQL status: SELECT 5 in 0.052 seconds
[0m21:31:55.575135 [debug] [ThreadPool]: On list_shp: Close
[0m21:31:55.579161 [debug] [ThreadPool]: Acquiring new postgres connection 'list_shp_public'
[0m21:31:55.604488 [debug] [ThreadPool]: Using postgres connection "list_shp_public"
[0m21:31:55.605072 [debug] [ThreadPool]: On list_shp_public: BEGIN
[0m21:31:55.605953 [debug] [ThreadPool]: Opening a new connection, currently in state init
[0m21:31:55.636147 [debug] [ThreadPool]: SQL status: BEGIN in 0.030 seconds
[0m21:31:55.637232 [debug] [ThreadPool]: Using postgres connection "list_shp_public"
[0m21:31:55.638402 [debug] [ThreadPool]: On list_shp_public: /* {"app": "dbt", "dbt_version": "1.8.2", "profile_name": "self_healing_pipeline", "target_name": "dev", "connection_name": "list_shp_public"} */
select
      'shp' as database,
      tablename as name,
      schemaname as schema,
      'table' as type
    from pg_tables
    where schemaname ilike 'public'
    union all
    select
      'shp' as database,
      viewname as name,
      schemaname as schema,
      'view' as type
    from pg_views
    where schemaname ilike 'public'
    union all
    select
      'shp' as database,
      matviewname as name,
      schemaname as schema,
      'materialized_view' as type
    from pg_matviews
    where schemaname ilike 'public'
  
[0m21:31:55.658221 [debug] [ThreadPool]: SQL status: SELECT 4 in 0.019 seconds
[0m21:31:55.660319 [debug] [ThreadPool]: On list_shp_public: ROLLBACK
[0m21:31:55.662450 [debug] [ThreadPool]: On list_shp_public: Close
[0m21:31:55.674561 [debug] [MainThread]: Using postgres connection "master"
[0m21:31:55.675639 [debug] [MainThread]: On master: BEGIN
[0m21:31:55.676504 [debug] [MainThread]: Opening a new connection, currently in state init
[0m21:31:55.707960 [debug] [MainThread]: SQL status: BEGIN in 0.031 seconds
[0m21:31:55.708997 [debug] [MainThread]: Using postgres connection "master"
[0m21:31:55.710387 [debug] [MainThread]: On master: /* {"app": "dbt", "dbt_version": "1.8.2", "profile_name": "self_healing_pipeline", "target_name": "dev", "connection_name": "master"} */
with relation as (
        select
            pg_rewrite.ev_class as class,
            pg_rewrite.oid as id
        from pg_rewrite
    ),
    class as (
        select
            oid as id,
            relname as name,
            relnamespace as schema,
            relkind as kind
        from pg_class
    ),
    dependency as (
        select distinct
            pg_depend.objid as id,
            pg_depend.refobjid as ref
        from pg_depend
    ),
    schema as (
        select
            pg_namespace.oid as id,
            pg_namespace.nspname as name
        from pg_namespace
        where nspname != 'information_schema' and nspname not like 'pg\_%'
    ),
    referenced as (
        select
            relation.id AS id,
            referenced_class.name ,
            referenced_class.schema ,
            referenced_class.kind
        from relation
        join class as referenced_class on relation.class=referenced_class.id
        where referenced_class.kind in ('r', 'v', 'm')
    ),
    relationships as (
        select
            referenced.name as referenced_name,
            referenced.schema as referenced_schema_id,
            dependent_class.name as dependent_name,
            dependent_class.schema as dependent_schema_id,
            referenced.kind as kind
        from referenced
        join dependency on referenced.id=dependency.id
        join class as dependent_class on dependency.ref=dependent_class.id
        where
            (referenced.name != dependent_class.name or
             referenced.schema != dependent_class.schema)
    )

    select
        referenced_schema.name as referenced_schema,
        relationships.referenced_name as referenced_name,
        dependent_schema.name as dependent_schema,
        relationships.dependent_name as dependent_name
    from relationships
    join schema as dependent_schema on relationships.dependent_schema_id=dependent_schema.id
    join schema as referenced_schema on relationships.referenced_schema_id=referenced_schema.id
    group by referenced_schema, referenced_name, dependent_schema, dependent_name
    order by referenced_schema, referenced_name, dependent_schema, dependent_name;
[0m21:31:55.733697 [debug] [MainThread]: SQL status: SELECT 2 in 0.022 seconds
[0m21:31:55.738974 [debug] [MainThread]: Sending event: {'category': 'dbt', 'action': 'runnable_timing', 'label': '6660b1bd-1903-494d-acaf-c7e7fd1770d3', 'context': [<snowplow_tracker.self_describing_json.SelfDescribingJson object at 0x000001C0FD730730>]}
[0m21:31:55.740121 [debug] [MainThread]: On master: ROLLBACK
[0m21:31:55.743021 [debug] [MainThread]: Using postgres connection "master"
[0m21:31:55.744255 [debug] [MainThread]: On master: BEGIN
[0m21:31:55.748687 [debug] [MainThread]: SQL status: BEGIN in 0.003 seconds
[0m21:31:55.749774 [debug] [MainThread]: On master: COMMIT
[0m21:31:55.750690 [debug] [MainThread]: Using postgres connection "master"
[0m21:31:55.751734 [debug] [MainThread]: On master: COMMIT
[0m21:31:55.754175 [debug] [MainThread]: SQL status: COMMIT in 0.001 seconds
[0m21:31:55.755298 [debug] [MainThread]: On master: Close
[0m21:31:55.756907 [info ] [MainThread]: Concurrency: 4 threads (target='dev')
[0m21:31:55.758049 [info ] [MainThread]: 
[0m21:31:55.768865 [debug] [Thread-1 (]: Began running node model.self_healing_pipeline.stg_weather
[0m21:31:55.770420 [info ] [Thread-1 (]: 1 of 2 START sql view model public.stg_weather ................................. [RUN]
[0m21:31:55.772902 [debug] [Thread-1 (]: Acquiring new postgres connection 'model.self_healing_pipeline.stg_weather'
[0m21:31:55.773618 [debug] [Thread-1 (]: Began compiling node model.self_healing_pipeline.stg_weather
[0m21:31:55.792456 [debug] [Thread-1 (]: Writing injected SQL for node "model.self_healing_pipeline.stg_weather"
[0m21:31:55.794794 [debug] [Thread-1 (]: Began executing node model.self_healing_pipeline.stg_weather
[0m21:31:55.886096 [debug] [Thread-1 (]: Writing runtime sql for node "model.self_healing_pipeline.stg_weather"
[0m21:31:55.889001 [debug] [Thread-1 (]: Using postgres connection "model.self_healing_pipeline.stg_weather"
[0m21:31:55.890233 [debug] [Thread-1 (]: On model.self_healing_pipeline.stg_weather: BEGIN
[0m21:31:55.891238 [debug] [Thread-1 (]: Opening a new connection, currently in state init
[0m21:31:55.917566 [debug] [Thread-1 (]: SQL status: BEGIN in 0.026 seconds
[0m21:31:55.918227 [debug] [Thread-1 (]: Using postgres connection "model.self_healing_pipeline.stg_weather"
[0m21:31:55.919027 [debug] [Thread-1 (]: On model.self_healing_pipeline.stg_weather: /* {"app": "dbt", "dbt_version": "1.8.2", "profile_name": "self_healing_pipeline", "target_name": "dev", "node_id": "model.self_healing_pipeline.stg_weather"} */

  create view "shp"."public"."stg_weather__dbt_tmp"
    
    
  as (
    -- Cleans raw_weather: casts types, drops obviously bad rows.
-- This is the model that breaks first when --break bad_column or
-- --break schema_drift is used upstream — good starting point for the
-- Monitor Agent to point at in Stage 1.
select
    ts::timestamp              as ts,
    temperature_c::numeric     as temperature_c,
    humidity_pct::numeric      as humidity_pct,
    precipitation_mm::numeric  as precipitation_mm,
    loaded_at
from "shp"."public"."raw_weather"
where ts is not null
  and temperature_c ~ '^-?\d+(\.\d+)?$'
  );
[0m21:31:55.942254 [debug] [Thread-1 (]: SQL status: CREATE VIEW in 0.022 seconds
[0m21:31:55.961223 [debug] [Thread-1 (]: Using postgres connection "model.self_healing_pipeline.stg_weather"
[0m21:31:55.962442 [debug] [Thread-1 (]: On model.self_healing_pipeline.stg_weather: /* {"app": "dbt", "dbt_version": "1.8.2", "profile_name": "self_healing_pipeline", "target_name": "dev", "node_id": "model.self_healing_pipeline.stg_weather"} */
alter table "shp"."public"."stg_weather" rename to "stg_weather__dbt_backup"
[0m21:31:55.967329 [debug] [Thread-1 (]: SQL status: ALTER TABLE in 0.004 seconds
[0m21:31:55.976334 [debug] [Thread-1 (]: Using postgres connection "model.self_healing_pipeline.stg_weather"
[0m21:31:55.977546 [debug] [Thread-1 (]: On model.self_healing_pipeline.stg_weather: /* {"app": "dbt", "dbt_version": "1.8.2", "profile_name": "self_healing_pipeline", "target_name": "dev", "node_id": "model.self_healing_pipeline.stg_weather"} */
alter table "shp"."public"."stg_weather__dbt_tmp" rename to "stg_weather"
[0m21:31:55.981052 [debug] [Thread-1 (]: SQL status: ALTER TABLE in 0.002 seconds
[0m21:31:56.033492 [debug] [Thread-1 (]: On model.self_healing_pipeline.stg_weather: COMMIT
[0m21:31:56.034396 [debug] [Thread-1 (]: Using postgres connection "model.self_healing_pipeline.stg_weather"
[0m21:31:56.035147 [debug] [Thread-1 (]: On model.self_healing_pipeline.stg_weather: COMMIT
[0m21:31:56.046613 [debug] [Thread-1 (]: SQL status: COMMIT in 0.011 seconds
[0m21:31:56.064814 [debug] [Thread-1 (]: Applying DROP to: "shp"."public"."stg_weather__dbt_backup"
[0m21:31:56.079680 [debug] [Thread-1 (]: Using postgres connection "model.self_healing_pipeline.stg_weather"
[0m21:31:56.080924 [debug] [Thread-1 (]: On model.self_healing_pipeline.stg_weather: /* {"app": "dbt", "dbt_version": "1.8.2", "profile_name": "self_healing_pipeline", "target_name": "dev", "node_id": "model.self_healing_pipeline.stg_weather"} */
drop view if exists "shp"."public"."stg_weather__dbt_backup" cascade
[0m21:31:56.091868 [debug] [Thread-1 (]: SQL status: DROP VIEW in 0.010 seconds
[0m21:31:56.098142 [debug] [Thread-1 (]: On model.self_healing_pipeline.stg_weather: Close
[0m21:31:56.102154 [debug] [Thread-1 (]: Sending event: {'category': 'dbt', 'action': 'run_model', 'label': '6660b1bd-1903-494d-acaf-c7e7fd1770d3', 'context': [<snowplow_tracker.self_describing_json.SelfDescribingJson object at 0x000001C0FB1D3A70>]}
[0m21:31:56.104019 [info ] [Thread-1 (]: 1 of 2 OK created sql view model public.stg_weather ............................ [[32mCREATE VIEW[0m in 0.33s]
[0m21:31:56.106671 [debug] [Thread-1 (]: Finished running node model.self_healing_pipeline.stg_weather
[0m21:31:56.109011 [debug] [Thread-2 (]: Began running node model.self_healing_pipeline.daily_weather_summary
[0m21:31:56.110487 [info ] [Thread-2 (]: 2 of 2 START sql table model public.daily_weather_summary ...................... [RUN]
[0m21:31:56.111840 [debug] [Thread-2 (]: Acquiring new postgres connection 'model.self_healing_pipeline.daily_weather_summary'
[0m21:31:56.112631 [debug] [Thread-2 (]: Began compiling node model.self_healing_pipeline.daily_weather_summary
[0m21:31:56.116334 [debug] [Thread-2 (]: Writing injected SQL for node "model.self_healing_pipeline.daily_weather_summary"
[0m21:31:56.118333 [debug] [Thread-2 (]: Began executing node model.self_healing_pipeline.daily_weather_summary
[0m21:31:56.175177 [debug] [Thread-2 (]: Writing runtime sql for node "model.self_healing_pipeline.daily_weather_summary"
[0m21:31:56.177639 [debug] [Thread-2 (]: Using postgres connection "model.self_healing_pipeline.daily_weather_summary"
[0m21:31:56.178877 [debug] [Thread-2 (]: On model.self_healing_pipeline.daily_weather_summary: BEGIN
[0m21:31:56.179974 [debug] [Thread-2 (]: Opening a new connection, currently in state init
[0m21:31:56.206782 [debug] [Thread-2 (]: SQL status: BEGIN in 0.027 seconds
[0m21:31:56.207832 [debug] [Thread-2 (]: Using postgres connection "model.self_healing_pipeline.daily_weather_summary"
[0m21:31:56.208476 [debug] [Thread-2 (]: On model.self_healing_pipeline.daily_weather_summary: /* {"app": "dbt", "dbt_version": "1.8.2", "profile_name": "self_healing_pipeline", "target_name": "dev", "node_id": "model.self_healing_pipeline.daily_weather_summary"} */

  
    

  create  table "shp"."public"."daily_weather_summary__dbt_tmp"
  
  
    as
  
  (
    select
    date_trunc('day', ts)              as day,
    avg(temperature_c)                 as avg_temp_c,
    min(temperature_c)                 as min_temp_c,
    max(temperature_c)                 as max_temp_c,
    avg(humidity_pct)                  as avg_humidity_pct,
    sum(precipitation_mm)              as total_precipitation_mm,
    count(*)                           as reading_count
from "shp"."public"."stg_weather"
group by 1
  );
  
[0m21:31:56.230869 [debug] [Thread-2 (]: SQL status: SELECT 0 in 0.021 seconds
[0m21:31:56.236167 [debug] [Thread-2 (]: Using postgres connection "model.self_healing_pipeline.daily_weather_summary"
[0m21:31:56.236782 [debug] [Thread-2 (]: On model.self_healing_pipeline.daily_weather_summary: /* {"app": "dbt", "dbt_version": "1.8.2", "profile_name": "self_healing_pipeline", "target_name": "dev", "node_id": "model.self_healing_pipeline.daily_weather_summary"} */
alter table "shp"."public"."daily_weather_summary" rename to "daily_weather_summary__dbt_backup"
[0m21:31:56.239713 [debug] [Thread-2 (]: SQL status: ALTER TABLE in 0.002 seconds
[0m21:31:56.254263 [debug] [Thread-2 (]: Using postgres connection "model.self_healing_pipeline.daily_weather_summary"
[0m21:31:56.255412 [debug] [Thread-2 (]: On model.self_healing_pipeline.daily_weather_summary: /* {"app": "dbt", "dbt_version": "1.8.2", "profile_name": "self_healing_pipeline", "target_name": "dev", "node_id": "model.self_healing_pipeline.daily_weather_summary"} */
alter table "shp"."public"."daily_weather_summary__dbt_tmp" rename to "daily_weather_summary"
[0m21:31:56.258006 [debug] [Thread-2 (]: SQL status: ALTER TABLE in 0.002 seconds
[0m21:31:56.272242 [debug] [Thread-2 (]: On model.self_healing_pipeline.daily_weather_summary: COMMIT
[0m21:31:56.273426 [debug] [Thread-2 (]: Using postgres connection "model.self_healing_pipeline.daily_weather_summary"
[0m21:31:56.274625 [debug] [Thread-2 (]: On model.self_healing_pipeline.daily_weather_summary: COMMIT
[0m21:31:56.279800 [debug] [Thread-2 (]: SQL status: COMMIT in 0.004 seconds
[0m21:31:56.286093 [debug] [Thread-2 (]: Applying DROP to: "shp"."public"."daily_weather_summary__dbt_backup"
[0m21:31:56.292336 [debug] [Thread-2 (]: Using postgres connection "model.self_healing_pipeline.daily_weather_summary"
[0m21:31:56.293085 [debug] [Thread-2 (]: On model.self_healing_pipeline.daily_weather_summary: /* {"app": "dbt", "dbt_version": "1.8.2", "profile_name": "self_healing_pipeline", "target_name": "dev", "node_id": "model.self_healing_pipeline.daily_weather_summary"} */
drop table if exists "shp"."public"."daily_weather_summary__dbt_backup" cascade
[0m21:31:56.310075 [debug] [Thread-2 (]: SQL status: DROP TABLE in 0.016 seconds
[0m21:31:56.314247 [debug] [Thread-2 (]: On model.self_healing_pipeline.daily_weather_summary: Close
[0m21:31:56.316032 [debug] [Thread-2 (]: Sending event: {'category': 'dbt', 'action': 'run_model', 'label': '6660b1bd-1903-494d-acaf-c7e7fd1770d3', 'context': [<snowplow_tracker.self_describing_json.SelfDescribingJson object at 0x000001C0FD6CBF50>]}
[0m21:31:56.317871 [info ] [Thread-2 (]: 2 of 2 OK created sql table model public.daily_weather_summary ................. [[32mSELECT 0[0m in 0.20s]
[0m21:31:56.320435 [debug] [Thread-2 (]: Finished running node model.self_healing_pipeline.daily_weather_summary
[0m21:31:56.323676 [debug] [MainThread]: Using postgres connection "master"
[0m21:31:56.324728 [debug] [MainThread]: On master: BEGIN
[0m21:31:56.325705 [debug] [MainThread]: Opening a new connection, currently in state closed
[0m21:31:56.378637 [debug] [MainThread]: SQL status: BEGIN in 0.053 seconds
[0m21:31:56.379713 [debug] [MainThread]: On master: COMMIT
[0m21:31:56.380746 [debug] [MainThread]: Using postgres connection "master"
[0m21:31:56.381724 [debug] [MainThread]: On master: COMMIT
[0m21:31:56.384499 [debug] [MainThread]: SQL status: COMMIT in 0.002 seconds
[0m21:31:56.385685 [debug] [MainThread]: On master: Close
[0m21:31:56.387227 [debug] [MainThread]: Connection 'master' was properly closed.
[0m21:31:56.388223 [debug] [MainThread]: Connection 'list_shp' was properly closed.
[0m21:31:56.389135 [debug] [MainThread]: Connection 'list_shp_public' was properly closed.
[0m21:31:56.390083 [debug] [MainThread]: Connection 'model.self_healing_pipeline.stg_weather' was properly closed.
[0m21:31:56.391036 [debug] [MainThread]: Connection 'model.self_healing_pipeline.daily_weather_summary' was properly closed.
[0m21:31:56.392812 [info ] [MainThread]: 
[0m21:31:56.394224 [info ] [MainThread]: Finished running 1 view model, 1 table model in 0 hours 0 minutes and 1.07 seconds (1.07s).
[0m21:31:56.397460 [debug] [MainThread]: Command end result
[0m21:31:56.513677 [info ] [MainThread]: 
[0m21:31:56.515101 [info ] [MainThread]: [32mCompleted successfully[0m
[0m21:31:56.516470 [info ] [MainThread]: 
[0m21:31:56.518274 [info ] [MainThread]: Done. PASS=2 WARN=0 ERROR=0 SKIP=0 TOTAL=2
[0m21:31:56.521307 [debug] [MainThread]: Command `dbt run` succeeded at 21:31:56.520919 after 5.98 seconds
[0m21:31:56.522568 [debug] [MainThread]: Sending event: {'category': 'dbt', 'action': 'invocation', 'label': 'end', 'context': [<snowplow_tracker.self_describing_json.SelfDescribingJson object at 0x000001C0FBB450F0>, <snowplow_tracker.self_describing_json.SelfDescribingJson object at 0x000001C0F519A190>, <snowplow_tracker.self_describing_json.SelfDescribingJson object at 0x000001C0FBC79250>]}
[0m21:31:56.523815 [debug] [MainThread]: Flushing usage events
[0m21:32:03.456661 [debug] [MainThread]: Sending event: {'category': 'dbt', 'action': 'invocation', 'label': 'start', 'context': [<snowplow_tracker.self_describing_json.SelfDescribingJson object at 0x000002ADAD92BE00>, <snowplow_tracker.self_describing_json.SelfDescribingJson object at 0x000002ADAD535E50>, <snowplow_tracker.self_describing_json.SelfDescribingJson object at 0x000002ADAC70C910>]}


============================== 21:32:03.464776 | 83023cd0-bcfc-4605-8111-86b7e7c8846f ==============================
[0m21:32:03.464776 [info ] [MainThread]: Running with dbt=1.8.2
[0m21:32:03.466301 [debug] [MainThread]: running dbt with arguments {'printer_width': '80', 'indirect_selection': 'eager', 'log_cache_events': 'False', 'write_json': 'True', 'partial_parse': 'True', 'cache_selected_only': 'False', 'warn_error': 'None', 'debug': 'False', 'profiles_dir': 'C:\\Users\\Qc\\Desktop\\self-healing-pipeline\\transform\\dbt_project', 'log_path': 'C:\\Users\\Qc\\Desktop\\self-healing-pipeline\\transform\\dbt_project\\logs', 'fail_fast': 'False', 'version_check': 'True', 'use_colors': 'True', 'use_experimental_parser': 'False', 'no_print': 'None', 'quiet': 'False', 'log_format': 'default', 'static_parser': 'True', 'introspect': 'True', 'warn_error_options': 'WarnErrorOptions(include=[], exclude=[])', 'target_path': 'None', 'invocation_command': 'dbt test', 'send_anonymous_usage_stats': 'True'}
[0m21:32:03.922834 [debug] [MainThread]: Sending event: {'category': 'dbt', 'action': 'project_id', 'label': '83023cd0-bcfc-4605-8111-86b7e7c8846f', 'context': [<snowplow_tracker.self_describing_json.SelfDescribingJson object at 0x000002ADB06EF360>]}
[0m21:32:04.078754 [debug] [MainThread]: Sending event: {'category': 'dbt', 'action': 'adapter_info', 'label': '83023cd0-bcfc-4605-8111-86b7e7c8846f', 'context': [<snowplow_tracker.self_describing_json.SelfDescribingJson object at 0x000002ADB04D87C0>]}
[0m21:32:04.080957 [info ] [MainThread]: Registered adapter: postgres=1.8.2
[0m21:32:04.514721 [debug] [MainThread]: checksum: f0a141b9de567cb7f131613ba2682f40b3a1c6a157f81c6e5435862eff68f109, vars: {}, profile: , target: , version: 1.8.2
[0m21:32:05.121173 [debug] [MainThread]: Partial parsing enabled: 0 files deleted, 0 files added, 0 files changed.
[0m21:32:05.121881 [debug] [MainThread]: Partial parsing enabled, no changes found, skipping parsing
[0m21:32:05.257486 [debug] [MainThread]: Sending event: {'category': 'dbt', 'action': 'load_project', 'label': '83023cd0-bcfc-4605-8111-86b7e7c8846f', 'context': [<snowplow_tracker.self_describing_json.SelfDescribingJson object at 0x000002ADB1BE4550>]}
[0m21:32:05.572972 [debug] [MainThread]: Sending event: {'category': 'dbt', 'action': 'resource_counts', 'label': '83023cd0-bcfc-4605-8111-86b7e7c8846f', 'context': [<snowplow_tracker.self_describing_json.SelfDescribingJson object at 0x000002ADB1CB1400>]}
[0m21:32:05.574174 [info ] [MainThread]: Found 2 models, 6 data tests, 1 source, 428 macros
[0m21:32:05.575195 [debug] [MainThread]: Sending event: {'category': 'dbt', 'action': 'runnable_timing', 'label': '83023cd0-bcfc-4605-8111-86b7e7c8846f', 'context': [<snowplow_tracker.self_describing_json.SelfDescribingJson object at 0x000002ADB1CD6510>]}
[0m21:32:05.580366 [info ] [MainThread]: 
[0m21:32:05.581778 [debug] [MainThread]: Acquiring new postgres connection 'master'
[0m21:32:05.590148 [debug] [ThreadPool]: Acquiring new postgres connection 'list_shp_public'
[0m21:32:05.734958 [debug] [ThreadPool]: Using postgres connection "list_shp_public"
[0m21:32:05.735504 [debug] [ThreadPool]: On list_shp_public: BEGIN
[0m21:32:05.735955 [debug] [ThreadPool]: Opening a new connection, currently in state init
[0m21:32:05.767003 [debug] [ThreadPool]: SQL status: BEGIN in 0.031 seconds
[0m21:32:05.767978 [debug] [ThreadPool]: Using postgres connection "list_shp_public"
[0m21:32:05.769046 [debug] [ThreadPool]: On list_shp_public: /* {"app": "dbt", "dbt_version": "1.8.2", "profile_name": "self_healing_pipeline", "target_name": "dev", "connection_name": "list_shp_public"} */
select
      'shp' as database,
      tablename as name,
      schemaname as schema,
      'table' as type
    from pg_tables
    where schemaname ilike 'public'
    union all
    select
      'shp' as database,
      viewname as name,
      schemaname as schema,
      'view' as type
    from pg_views
    where schemaname ilike 'public'
    union all
    select
      'shp' as database,
      matviewname as name,
      schemaname as schema,
      'materialized_view' as type
    from pg_matviews
    where schemaname ilike 'public'
  
[0m21:32:05.775771 [debug] [ThreadPool]: SQL status: SELECT 4 in 0.006 seconds
[0m21:32:05.778043 [debug] [ThreadPool]: On list_shp_public: ROLLBACK
[0m21:32:05.780252 [debug] [ThreadPool]: On list_shp_public: Close
[0m21:32:05.793204 [debug] [MainThread]: Using postgres connection "master"
[0m21:32:05.794184 [debug] [MainThread]: On master: BEGIN
[0m21:32:05.795221 [debug] [MainThread]: Opening a new connection, currently in state init
[0m21:32:05.848242 [debug] [MainThread]: SQL status: BEGIN in 0.053 seconds
[0m21:32:05.849174 [debug] [MainThread]: Using postgres connection "master"
[0m21:32:05.850398 [debug] [MainThread]: On master: /* {"app": "dbt", "dbt_version": "1.8.2", "profile_name": "self_healing_pipeline", "target_name": "dev", "connection_name": "master"} */
with relation as (
        select
            pg_rewrite.ev_class as class,
            pg_rewrite.oid as id
        from pg_rewrite
    ),
    class as (
        select
            oid as id,
            relname as name,
            relnamespace as schema,
            relkind as kind
        from pg_class
    ),
    dependency as (
        select distinct
            pg_depend.objid as id,
            pg_depend.refobjid as ref
        from pg_depend
    ),
    schema as (
        select
            pg_namespace.oid as id,
            pg_namespace.nspname as name
        from pg_namespace
        where nspname != 'information_schema' and nspname not like 'pg\_%'
    ),
    referenced as (
        select
            relation.id AS id,
            referenced_class.name ,
            referenced_class.schema ,
            referenced_class.kind
        from relation
        join class as referenced_class on relation.class=referenced_class.id
        where referenced_class.kind in ('r', 'v', 'm')
    ),
    relationships as (
        select
            referenced.name as referenced_name,
            referenced.schema as referenced_schema_id,
            dependent_class.name as dependent_name,
            dependent_class.schema as dependent_schema_id,
            referenced.kind as kind
        from referenced
        join dependency on referenced.id=dependency.id
        join class as dependent_class on dependency.ref=dependent_class.id
        where
            (referenced.name != dependent_class.name or
             referenced.schema != dependent_class.schema)
    )

    select
        referenced_schema.name as referenced_schema,
        relationships.referenced_name as referenced_name,
        dependent_schema.name as dependent_schema,
        relationships.dependent_name as dependent_name
    from relationships
    join schema as dependent_schema on relationships.dependent_schema_id=dependent_schema.id
    join schema as referenced_schema on relationships.referenced_schema_id=referenced_schema.id
    group by referenced_schema, referenced_name, dependent_schema, dependent_name
    order by referenced_schema, referenced_name, dependent_schema, dependent_name;
[0m21:32:05.870832 [debug] [MainThread]: SQL status: SELECT 2 in 0.019 seconds
[0m21:32:05.877077 [debug] [MainThread]: Sending event: {'category': 'dbt', 'action': 'runnable_timing', 'label': '83023cd0-bcfc-4605-8111-86b7e7c8846f', 'context': [<snowplow_tracker.self_describing_json.SelfDescribingJson object at 0x000002ADB1EE9980>]}
[0m21:32:05.878341 [debug] [MainThread]: On master: ROLLBACK
[0m21:32:05.882311 [debug] [MainThread]: Using postgres connection "master"
[0m21:32:05.883429 [debug] [MainThread]: On master: BEGIN
[0m21:32:05.892603 [debug] [MainThread]: SQL status: BEGIN in 0.008 seconds
[0m21:32:05.893772 [debug] [MainThread]: On master: COMMIT
[0m21:32:05.894837 [debug] [MainThread]: Using postgres connection "master"
[0m21:32:05.895908 [debug] [MainThread]: On master: COMMIT
[0m21:32:05.898498 [debug] [MainThread]: SQL status: COMMIT in 0.002 seconds
[0m21:32:05.899933 [debug] [MainThread]: On master: Close
[0m21:32:05.901512 [info ] [MainThread]: Concurrency: 4 threads (target='dev')
[0m21:32:05.902926 [info ] [MainThread]: 
[0m21:32:05.910953 [debug] [Thread-4 (]: Began running node test.self_healing_pipeline.not_null_stg_weather_temperature_c.3a7a09f65f
[0m21:32:05.912413 [debug] [Thread-3 (]: Began running node test.self_healing_pipeline.not_null_stg_weather_humidity_pct.2b05ac1847
[0m21:32:05.913627 [debug] [Thread-1 (]: Began running node test.self_healing_pipeline.not_null_daily_weather_summary_day.94fef7bf6b
[0m21:32:05.914861 [debug] [Thread-2 (]: Began running node test.self_healing_pipeline.not_null_daily_weather_summary_reading_count.a3aae03769
[0m21:32:05.916536 [info ] [Thread-4 (]: 4 of 6 START test not_null_stg_weather_temperature_c ........................... [RUN]
[0m21:32:05.918338 [info ] [Thread-3 (]: 3 of 6 START test not_null_stg_weather_humidity_pct ............................ [RUN]
[0m21:32:05.920165 [info ] [Thread-1 (]: 1 of 6 START test not_null_daily_weather_summary_day ........................... [RUN]
[0m21:32:05.921832 [info ] [Thread-2 (]: 2 of 6 START test not_null_daily_weather_summary_reading_count ................. [RUN]
[0m21:32:05.923743 [debug] [Thread-4 (]: Acquiring new postgres connection 'test.self_healing_pipeline.not_null_stg_weather_temperature_c.3a7a09f65f'
[0m21:32:05.925502 [debug] [Thread-3 (]: Acquiring new postgres connection 'test.self_healing_pipeline.not_null_stg_weather_humidity_pct.2b05ac1847'
[0m21:32:05.927233 [debug] [Thread-1 (]: Acquiring new postgres connection 'test.self_healing_pipeline.not_null_daily_weather_summary_day.94fef7bf6b'
[0m21:32:05.928972 [debug] [Thread-2 (]: Acquiring new postgres connection 'test.self_healing_pipeline.not_null_daily_weather_summary_reading_count.a3aae03769'
[0m21:32:05.930349 [debug] [Thread-4 (]: Began compiling node test.self_healing_pipeline.not_null_stg_weather_temperature_c.3a7a09f65f
[0m21:32:05.931650 [debug] [Thread-3 (]: Began compiling node test.self_healing_pipeline.not_null_stg_weather_humidity_pct.2b05ac1847
[0m21:32:05.933063 [debug] [Thread-1 (]: Began compiling node test.self_healing_pipeline.not_null_daily_weather_summary_day.94fef7bf6b
[0m21:32:05.934383 [debug] [Thread-2 (]: Began compiling node test.self_healing_pipeline.not_null_daily_weather_summary_reading_count.a3aae03769
[0m21:32:06.008563 [debug] [Thread-3 (]: Writing injected SQL for node "test.self_healing_pipeline.not_null_stg_weather_humidity_pct.2b05ac1847"
[0m21:32:06.015425 [debug] [Thread-4 (]: Writing injected SQL for node "test.self_healing_pipeline.not_null_stg_weather_temperature_c.3a7a09f65f"
[0m21:32:06.027089 [debug] [Thread-1 (]: Writing injected SQL for node "test.self_healing_pipeline.not_null_daily_weather_summary_day.94fef7bf6b"
[0m21:32:06.038464 [debug] [Thread-2 (]: Writing injected SQL for node "test.self_healing_pipeline.not_null_daily_weather_summary_reading_count.a3aae03769"
[0m21:32:06.041680 [debug] [Thread-3 (]: Began executing node test.self_healing_pipeline.not_null_stg_weather_humidity_pct.2b05ac1847
[0m21:32:06.042987 [debug] [Thread-2 (]: Began executing node test.self_healing_pipeline.not_null_daily_weather_summary_reading_count.a3aae03769
[0m21:32:06.060082 [debug] [Thread-4 (]: Began executing node test.self_healing_pipeline.not_null_stg_weather_temperature_c.3a7a09f65f
[0m21:32:06.087516 [debug] [Thread-2 (]: Writing runtime sql for node "test.self_healing_pipeline.not_null_daily_weather_summary_reading_count.a3aae03769"
[0m21:32:06.091690 [debug] [Thread-3 (]: Writing runtime sql for node "test.self_healing_pipeline.not_null_stg_weather_humidity_pct.2b05ac1847"
[0m21:32:06.095457 [debug] [Thread-4 (]: Writing runtime sql for node "test.self_healing_pipeline.not_null_stg_weather_temperature_c.3a7a09f65f"
[0m21:32:06.097303 [debug] [Thread-1 (]: Began executing node test.self_healing_pipeline.not_null_daily_weather_summary_day.94fef7bf6b
[0m21:32:06.104280 [debug] [Thread-1 (]: Writing runtime sql for node "test.self_healing_pipeline.not_null_daily_weather_summary_day.94fef7bf6b"
[0m21:32:06.105680 [debug] [Thread-2 (]: Using postgres connection "test.self_healing_pipeline.not_null_daily_weather_summary_reading_count.a3aae03769"
[0m21:32:06.106645 [debug] [Thread-3 (]: Using postgres connection "test.self_healing_pipeline.not_null_stg_weather_humidity_pct.2b05ac1847"
[0m21:32:06.107608 [debug] [Thread-2 (]: On test.self_healing_pipeline.not_null_daily_weather_summary_reading_count.a3aae03769: BEGIN
[0m21:32:06.108757 [debug] [Thread-3 (]: On test.self_healing_pipeline.not_null_stg_weather_humidity_pct.2b05ac1847: BEGIN
[0m21:32:06.110094 [debug] [Thread-4 (]: Using postgres connection "test.self_healing_pipeline.not_null_stg_weather_temperature_c.3a7a09f65f"
[0m21:32:06.111211 [debug] [Thread-1 (]: Using postgres connection "test.self_healing_pipeline.not_null_daily_weather_summary_day.94fef7bf6b"
[0m21:32:06.111776 [debug] [Thread-2 (]: Opening a new connection, currently in state init
[0m21:32:06.112350 [debug] [Thread-3 (]: Opening a new connection, currently in state init
[0m21:32:06.113085 [debug] [Thread-4 (]: On test.self_healing_pipeline.not_null_stg_weather_temperature_c.3a7a09f65f: BEGIN
[0m21:32:06.113997 [debug] [Thread-1 (]: On test.self_healing_pipeline.not_null_daily_weather_summary_day.94fef7bf6b: BEGIN
[0m21:32:06.115402 [debug] [Thread-4 (]: Opening a new connection, currently in state init
[0m21:32:06.117618 [debug] [Thread-1 (]: Opening a new connection, currently in state init
[0m21:32:06.163740 [debug] [Thread-2 (]: SQL status: BEGIN in 0.051 seconds
[0m21:32:06.164984 [debug] [Thread-3 (]: SQL status: BEGIN in 0.052 seconds
[0m21:32:06.166519 [debug] [Thread-2 (]: Using postgres connection "test.self_healing_pipeline.not_null_daily_weather_summary_reading_count.a3aae03769"
[0m21:32:06.167358 [debug] [Thread-4 (]: SQL status: BEGIN in 0.052 seconds
[0m21:32:06.168065 [debug] [Thread-3 (]: Using postgres connection "test.self_healing_pipeline.not_null_stg_weather_humidity_pct.2b05ac1847"
[0m21:32:06.168699 [debug] [Thread-2 (]: On test.self_healing_pipeline.not_null_daily_weather_summary_reading_count.a3aae03769: /* {"app": "dbt", "dbt_version": "1.8.2", "profile_name": "self_healing_pipeline", "target_name": "dev", "node_id": "test.self_healing_pipeline.not_null_daily_weather_summary_reading_count.a3aae03769"} */
select
      count(*) as failures,
      count(*) != 0 as should_warn,
      count(*) != 0 as should_error
    from (
      
    
    



select reading_count
from "shp"."public"."daily_weather_summary"
where reading_count is null



      
    ) dbt_internal_test
[0m21:32:06.169359 [debug] [Thread-4 (]: Using postgres connection "test.self_healing_pipeline.not_null_stg_weather_temperature_c.3a7a09f65f"
[0m21:32:06.169946 [debug] [Thread-3 (]: On test.self_healing_pipeline.not_null_stg_weather_humidity_pct.2b05ac1847: /* {"app": "dbt", "dbt_version": "1.8.2", "profile_name": "self_healing_pipeline", "target_name": "dev", "node_id": "test.self_healing_pipeline.not_null_stg_weather_humidity_pct.2b05ac1847"} */
select
      count(*) as failures,
      count(*) != 0 as should_warn,
      count(*) != 0 as should_error
    from (
      
    
    



select humidity_pct
from "shp"."public"."stg_weather"
where humidity_pct is null



      
    ) dbt_internal_test
[0m21:32:06.171395 [debug] [Thread-4 (]: On test.self_healing_pipeline.not_null_stg_weather_temperature_c.3a7a09f65f: /* {"app": "dbt", "dbt_version": "1.8.2", "profile_name": "self_healing_pipeline", "target_name": "dev", "node_id": "test.self_healing_pipeline.not_null_stg_weather_temperature_c.3a7a09f65f"} */
select
      count(*) as failures,
      count(*) != 0 as should_warn,
      count(*) != 0 as should_error
    from (
      
    
    



select temperature_c
from "shp"."public"."stg_weather"
where temperature_c is null



      
    ) dbt_internal_test
[0m21:32:06.176327 [debug] [Thread-4 (]: SQL status: SELECT 1 in 0.003 seconds
[0m21:32:06.187645 [debug] [Thread-4 (]: On test.self_healing_pipeline.not_null_stg_weather_temperature_c.3a7a09f65f: ROLLBACK
[0m21:32:06.188995 [debug] [Thread-1 (]: SQL status: BEGIN in 0.071 seconds
[0m21:32:06.190267 [debug] [Thread-3 (]: SQL status: SELECT 1 in 0.018 seconds
[0m21:32:06.191067 [debug] [Thread-2 (]: SQL status: SELECT 1 in 0.020 seconds
[0m21:32:06.191769 [debug] [Thread-4 (]: On test.self_healing_pipeline.not_null_stg_weather_temperature_c.3a7a09f65f: Close
[0m21:32:06.192644 [debug] [Thread-1 (]: Using postgres connection "test.self_healing_pipeline.not_null_daily_weather_summary_day.94fef7bf6b"
[0m21:32:06.194887 [debug] [Thread-3 (]: On test.self_healing_pipeline.not_null_stg_weather_humidity_pct.2b05ac1847: ROLLBACK
[0m21:32:06.199560 [debug] [Thread-2 (]: On test.self_healing_pipeline.not_null_daily_weather_summary_reading_count.a3aae03769: ROLLBACK
[0m21:32:06.200512 [debug] [Thread-1 (]: On test.self_healing_pipeline.not_null_daily_weather_summary_day.94fef7bf6b: /* {"app": "dbt", "dbt_version": "1.8.2", "profile_name": "self_healing_pipeline", "target_name": "dev", "node_id": "test.self_healing_pipeline.not_null_daily_weather_summary_day.94fef7bf6b"} */
select
      count(*) as failures,
      count(*) != 0 as should_warn,
      count(*) != 0 as should_error
    from (
      
    
    



select day
from "shp"."public"."daily_weather_summary"
where day is null



      
    ) dbt_internal_test
[0m21:32:06.202513 [info ] [Thread-4 (]: 4 of 6 PASS not_null_stg_weather_temperature_c ................................. [[32mPASS[0m in 0.28s]
[0m21:32:06.205668 [debug] [Thread-4 (]: Finished running node test.self_healing_pipeline.not_null_stg_weather_temperature_c.3a7a09f65f
[0m21:32:06.207332 [debug] [Thread-2 (]: On test.self_healing_pipeline.not_null_daily_weather_summary_reading_count.a3aae03769: Close
[0m21:32:06.208647 [debug] [Thread-4 (]: Began running node test.self_healing_pipeline.not_null_stg_weather_ts.4f82cf9d8b
[0m21:32:06.209695 [debug] [Thread-3 (]: On test.self_healing_pipeline.not_null_stg_weather_humidity_pct.2b05ac1847: Close
[0m21:32:06.211086 [debug] [Thread-1 (]: SQL status: SELECT 1 in 0.007 seconds
[0m21:32:06.212255 [info ] [Thread-4 (]: 5 of 6 START test not_null_stg_weather_ts ...................................... [RUN]
[0m21:32:06.213870 [info ] [Thread-2 (]: 2 of 6 PASS not_null_daily_weather_summary_reading_count ....................... [[32mPASS[0m in 0.29s]
[0m21:32:06.220900 [debug] [Thread-1 (]: On test.self_healing_pipeline.not_null_daily_weather_summary_day.94fef7bf6b: ROLLBACK
[0m21:32:06.216287 [info ] [Thread-3 (]: 3 of 6 PASS not_null_stg_weather_humidity_pct .................................. [[32mPASS[0m in 0.29s]
[0m21:32:06.222320 [debug] [Thread-4 (]: Re-using an available connection from the pool (formerly test.self_healing_pipeline.not_null_stg_weather_temperature_c.3a7a09f65f, now test.self_healing_pipeline.not_null_stg_weather_ts.4f82cf9d8b)
[0m21:32:06.223427 [debug] [Thread-2 (]: Finished running node test.self_healing_pipeline.not_null_daily_weather_summary_reading_count.a3aae03769
[0m21:32:06.225120 [debug] [Thread-3 (]: Finished running node test.self_healing_pipeline.not_null_stg_weather_humidity_pct.2b05ac1847
[0m21:32:06.226567 [debug] [Thread-1 (]: On test.self_healing_pipeline.not_null_daily_weather_summary_day.94fef7bf6b: Close
[0m21:32:06.227804 [debug] [Thread-4 (]: Began compiling node test.self_healing_pipeline.not_null_stg_weather_ts.4f82cf9d8b
[0m21:32:06.229142 [debug] [Thread-2 (]: Began running node test.self_healing_pipeline.unique_daily_weather_summary_day.3ac2b955ee
[0m21:32:06.240006 [debug] [Thread-4 (]: Writing injected SQL for node "test.self_healing_pipeline.not_null_stg_weather_ts.4f82cf9d8b"
[0m21:32:06.240924 [info ] [Thread-1 (]: 1 of 6 PASS not_null_daily_weather_summary_day ................................. [[32mPASS[0m in 0.31s]
[0m21:32:06.242322 [info ] [Thread-2 (]: 6 of 6 START test unique_daily_weather_summary_day ............................. [RUN]
[0m21:32:06.244513 [debug] [Thread-1 (]: Finished running node test.self_healing_pipeline.not_null_daily_weather_summary_day.94fef7bf6b
[0m21:32:06.245894 [debug] [Thread-2 (]: Re-using an available connection from the pool (formerly test.self_healing_pipeline.not_null_daily_weather_summary_reading_count.a3aae03769, now test.self_healing_pipeline.unique_daily_weather_summary_day.3ac2b955ee)
[0m21:32:06.247640 [debug] [Thread-2 (]: Began compiling node test.self_healing_pipeline.unique_daily_weather_summary_day.3ac2b955ee
[0m21:32:06.261560 [debug] [Thread-2 (]: Writing injected SQL for node "test.self_healing_pipeline.unique_daily_weather_summary_day.3ac2b955ee"
[0m21:32:06.263037 [debug] [Thread-4 (]: Began executing node test.self_healing_pipeline.not_null_stg_weather_ts.4f82cf9d8b
[0m21:32:06.270871 [debug] [Thread-4 (]: Writing runtime sql for node "test.self_healing_pipeline.not_null_stg_weather_ts.4f82cf9d8b"
[0m21:32:06.272284 [debug] [Thread-2 (]: Began executing node test.self_healing_pipeline.unique_daily_weather_summary_day.3ac2b955ee
[0m21:32:06.278120 [debug] [Thread-2 (]: Writing runtime sql for node "test.self_healing_pipeline.unique_daily_weather_summary_day.3ac2b955ee"
[0m21:32:06.280036 [debug] [Thread-4 (]: Using postgres connection "test.self_healing_pipeline.not_null_stg_weather_ts.4f82cf9d8b"
[0m21:32:06.281636 [debug] [Thread-2 (]: Using postgres connection "test.self_healing_pipeline.unique_daily_weather_summary_day.3ac2b955ee"
[0m21:32:06.282967 [debug] [Thread-4 (]: On test.self_healing_pipeline.not_null_stg_weather_ts.4f82cf9d8b: BEGIN
[0m21:32:06.284405 [debug] [Thread-2 (]: On test.self_healing_pipeline.unique_daily_weather_summary_day.3ac2b955ee: BEGIN
[0m21:32:06.285838 [debug] [Thread-4 (]: Opening a new connection, currently in state closed
[0m21:32:06.287232 [debug] [Thread-2 (]: Opening a new connection, currently in state closed
[0m21:32:06.330652 [debug] [Thread-2 (]: SQL status: BEGIN in 0.043 seconds
[0m21:32:06.331579 [debug] [Thread-4 (]: SQL status: BEGIN in 0.046 seconds
[0m21:32:06.332528 [debug] [Thread-2 (]: Using postgres connection "test.self_healing_pipeline.unique_daily_weather_summary_day.3ac2b955ee"
[0m21:32:06.333800 [debug] [Thread-4 (]: Using postgres connection "test.self_healing_pipeline.not_null_stg_weather_ts.4f82cf9d8b"
[0m21:32:06.335280 [debug] [Thread-2 (]: On test.self_healing_pipeline.unique_daily_weather_summary_day.3ac2b955ee: /* {"app": "dbt", "dbt_version": "1.8.2", "profile_name": "self_healing_pipeline", "target_name": "dev", "node_id": "test.self_healing_pipeline.unique_daily_weather_summary_day.3ac2b955ee"} */
select
      count(*) as failures,
      count(*) != 0 as should_warn,
      count(*) != 0 as should_error
    from (
      
    
    

select
    day as unique_field,
    count(*) as n_records

from "shp"."public"."daily_weather_summary"
where day is not null
group by day
having count(*) > 1



      
    ) dbt_internal_test
[0m21:32:06.336713 [debug] [Thread-4 (]: On test.self_healing_pipeline.not_null_stg_weather_ts.4f82cf9d8b: /* {"app": "dbt", "dbt_version": "1.8.2", "profile_name": "self_healing_pipeline", "target_name": "dev", "node_id": "test.self_healing_pipeline.not_null_stg_weather_ts.4f82cf9d8b"} */
select
      count(*) as failures,
      count(*) != 0 as should_warn,
      count(*) != 0 as should_error
    from (
      
    
    



select ts
from "shp"."public"."stg_weather"
where ts is null



      
    ) dbt_internal_test
[0m21:32:06.342831 [debug] [Thread-2 (]: SQL status: SELECT 1 in 0.005 seconds
[0m21:32:06.344083 [debug] [Thread-4 (]: SQL status: SELECT 1 in 0.006 seconds
[0m21:32:06.347463 [debug] [Thread-2 (]: On test.self_healing_pipeline.unique_daily_weather_summary_day.3ac2b955ee: ROLLBACK
[0m21:32:06.351412 [debug] [Thread-4 (]: On test.self_healing_pipeline.not_null_stg_weather_ts.4f82cf9d8b: ROLLBACK
[0m21:32:06.359311 [debug] [Thread-4 (]: On test.self_healing_pipeline.not_null_stg_weather_ts.4f82cf9d8b: Close
[0m21:32:06.360735 [debug] [Thread-2 (]: On test.self_healing_pipeline.unique_daily_weather_summary_day.3ac2b955ee: Close
[0m21:32:06.362426 [info ] [Thread-4 (]: 5 of 6 PASS not_null_stg_weather_ts ............................................ [[32mPASS[0m in 0.14s]
[0m21:32:06.363850 [info ] [Thread-2 (]: 6 of 6 PASS unique_daily_weather_summary_day ................................... [[32mPASS[0m in 0.12s]
[0m21:32:06.366724 [debug] [Thread-4 (]: Finished running node test.self_healing_pipeline.not_null_stg_weather_ts.4f82cf9d8b
[0m21:32:06.368553 [debug] [Thread-2 (]: Finished running node test.self_healing_pipeline.unique_daily_weather_summary_day.3ac2b955ee
[0m21:32:06.372547 [debug] [MainThread]: Using postgres connection "master"
[0m21:32:06.373694 [debug] [MainThread]: On master: BEGIN
[0m21:32:06.374809 [debug] [MainThread]: Opening a new connection, currently in state closed
[0m21:32:06.418216 [debug] [MainThread]: SQL status: BEGIN in 0.043 seconds
[0m21:32:06.419307 [debug] [MainThread]: On master: COMMIT
[0m21:32:06.420347 [debug] [MainThread]: Using postgres connection "master"
[0m21:32:06.421440 [debug] [MainThread]: On master: COMMIT
[0m21:32:06.426891 [debug] [MainThread]: SQL status: COMMIT in 0.004 seconds
[0m21:32:06.427938 [debug] [MainThread]: On master: Close
[0m21:32:06.429241 [debug] [MainThread]: Connection 'master' was properly closed.
[0m21:32:06.430209 [debug] [MainThread]: Connection 'list_shp_public' was properly closed.
[0m21:32:06.430976 [debug] [MainThread]: Connection 'test.self_healing_pipeline.not_null_stg_weather_ts.4f82cf9d8b' was properly closed.
[0m21:32:06.431744 [debug] [MainThread]: Connection 'test.self_healing_pipeline.not_null_stg_weather_humidity_pct.2b05ac1847' was properly closed.
[0m21:32:06.432584 [debug] [MainThread]: Connection 'test.self_healing_pipeline.not_null_daily_weather_summary_day.94fef7bf6b' was properly closed.
[0m21:32:06.433343 [debug] [MainThread]: Connection 'test.self_healing_pipeline.unique_daily_weather_summary_day.3ac2b955ee' was properly closed.
[0m21:32:06.434193 [info ] [MainThread]: 
[0m21:32:06.435196 [info ] [MainThread]: Finished running 6 data tests in 0 hours 0 minutes and 0.85 seconds (0.85s).
[0m21:32:06.439613 [debug] [MainThread]: Command end result
[0m21:32:06.543909 [info ] [MainThread]: 
[0m21:32:06.545223 [info ] [MainThread]: [32mCompleted successfully[0m
[0m21:32:06.546478 [info ] [MainThread]: 
[0m21:32:06.547491 [info ] [MainThread]: Done. PASS=6 WARN=0 ERROR=0 SKIP=0 TOTAL=6
[0m21:32:06.549952 [debug] [MainThread]: Command `dbt test` succeeded at 21:32:06.549624 after 3.32 seconds
[0m21:32:06.550912 [debug] [MainThread]: Sending event: {'category': 'dbt', 'action': 'invocation', 'label': 'end', 'context': [<snowplow_tracker.self_describing_json.SelfDescribingJson object at 0x000002ADB053D190>, <snowplow_tracker.self_describing_json.SelfDescribingJson object at 0x000002ADB1CF62B0>, <snowplow_tracker.self_describing_json.SelfDescribingJson object at 0x000002ADB1CF66D0>]}
[0m21:32:06.551966 [debug] [MainThread]: Flushing usage events
[0m21:32:17.807064 [debug] [MainThread]: Sending event: {'category': 'dbt', 'action': 'invocation', 'label': 'start', 'context': [<snowplow_tracker.self_describing_json.SelfDescribingJson object at 0x0000017EF9CA7E00>, <snowplow_tracker.self_describing_json.SelfDescribingJson object at 0x0000017EF98A5E50>, <snowplow_tracker.self_describing_json.SelfDescribingJson object at 0x0000017EF8A8C910>]}


============================== 21:32:17.818253 | 9e6942be-a30d-4396-969a-9b93be62bc69 ==============================
[0m21:32:17.818253 [info ] [MainThread]: Running with dbt=1.8.2
[0m21:32:17.819320 [debug] [MainThread]: running dbt with arguments {'printer_width': '80', 'indirect_selection': 'eager', 'log_cache_events': 'False', 'write_json': 'True', 'partial_parse': 'True', 'cache_selected_only': 'False', 'warn_error': 'None', 'fail_fast': 'False', 'version_check': 'True', 'log_path': 'C:\\Users\\Qc\\Desktop\\self-healing-pipeline\\transform\\dbt_project\\logs', 'profiles_dir': 'C:\\Users\\Qc\\Desktop\\self-healing-pipeline\\transform\\dbt_project', 'debug': 'False', 'use_colors': 'True', 'use_experimental_parser': 'False', 'no_print': 'None', 'quiet': 'False', 'log_format': 'default', 'static_parser': 'True', 'warn_error_options': 'WarnErrorOptions(include=[], exclude=[])', 'introspect': 'True', 'target_path': 'None', 'invocation_command': 'dbt run --target staging_verify', 'send_anonymous_usage_stats': 'True'}
[0m21:32:18.245036 [debug] [MainThread]: Sending event: {'category': 'dbt', 'action': 'project_id', 'label': '9e6942be-a30d-4396-969a-9b93be62bc69', 'context': [<snowplow_tracker.self_describing_json.SelfDescribingJson object at 0x0000017EFCADF360>]}
[0m21:32:18.407994 [debug] [MainThread]: Sending event: {'category': 'dbt', 'action': 'adapter_info', 'label': '9e6942be-a30d-4396-969a-9b93be62bc69', 'context': [<snowplow_tracker.self_describing_json.SelfDescribingJson object at 0x0000017EFC8587C0>]}
[0m21:32:18.410709 [info ] [MainThread]: Registered adapter: postgres=1.8.2
[0m21:32:18.861966 [debug] [MainThread]: checksum: 1ce49185813d157258f4b6929effd3c140ce815a450235fd09955f03057e6df0, vars: {}, profile: , target: staging_verify, version: 1.8.2
[0m21:32:19.318830 [info ] [MainThread]: Unable to do partial parsing because config vars, config profile, or config target have changed
[0m21:32:19.320034 [debug] [MainThread]: previous checksum: 1ce49185813d157258f4b6929effd3c140ce815a450235fd09955f03057e6df0, current checksum: f0a141b9de567cb7f131613ba2682f40b3a1c6a157f81c6e5435862eff68f109
[0m21:32:19.321168 [info ] [MainThread]: Unable to do partial parsing because profile has changed
[0m21:32:19.322403 [debug] [MainThread]: Sending event: {'category': 'dbt', 'action': 'partial_parser', 'label': '9e6942be-a30d-4396-969a-9b93be62bc69', 'context': [<snowplow_tracker.self_describing_json.SelfDescribingJson object at 0x0000017EFCA87A50>]}
[0m21:32:19.326989 [error] [MainThread]: Encountered an error:
'utf-8' codec can't decode byte 0x97 in position 171: invalid start byte
[0m21:32:19.343678 [error] [MainThread]: Traceback (most recent call last):
  File "C:\Users\Qc\Desktop\self-healing-pipeline\.venv\Lib\site-packages\dbt\cli\requires.py", line 138, in wrapper
    result, success = func(*args, **kwargs)
                      ~~~~^^^^^^^^^^^^^^^^^
  File "C:\Users\Qc\Desktop\self-healing-pipeline\.venv\Lib\site-packages\dbt\cli\requires.py", line 101, in wrapper
    return func(*args, **kwargs)
  File "C:\Users\Qc\Desktop\self-healing-pipeline\.venv\Lib\site-packages\dbt\cli\requires.py", line 218, in wrapper
    return func(*args, **kwargs)
  File "C:\Users\Qc\Desktop\self-healing-pipeline\.venv\Lib\site-packages\dbt\cli\requires.py", line 247, in wrapper
    return func(*args, **kwargs)
  File "C:\Users\Qc\Desktop\self-healing-pipeline\.venv\Lib\site-packages\dbt\cli\requires.py", line 294, in wrapper
    return func(*args, **kwargs)
  File "C:\Users\Qc\Desktop\self-healing-pipeline\.venv\Lib\site-packages\dbt\cli\requires.py", line 320, in wrapper
    ctx.obj["manifest"] = parse_manifest(
                          ~~~~~~~~~~~~~~^
        runtime_config, write_perf_info, write, ctx.obj["flags"].write_json
        ^^^^^^^^^^^^^^^^^^^^^^^^^^^^^^^^^^^^^^^^^^^^^^^^^^^^^^^^^^^^^^^^^^^
    )
    ^
  File "C:\Users\Qc\Desktop\self-healing-pipeline\.venv\Lib\site-packages\dbt\parser\manifest.py", line 1898, in parse_manifest
    manifest = ManifestLoader.get_full_manifest(
        runtime_config,
        write_perf_info=write_perf_info,
    )
  File "C:\Users\Qc\Desktop\self-healing-pipeline\.venv\Lib\site-packages\dbt\parser\manifest.py", line 330, in get_full_manifest
    manifest = loader.load()
  File "C:\Users\Qc\Desktop\self-healing-pipeline\.venv\Lib\site-packages\dbt\parser\manifest.py", line 377, in load
    file_reader.read_files()
    ~~~~~~~~~~~~~~~~~~~~~~^^
  File "C:\Users\Qc\Desktop\self-healing-pipeline\.venv\Lib\site-packages\dbt\parser\read_files.py", line 210, in read_files
    self.read_files_for_project(project, file_types)
    ~~~~~~~~~~~~~~~~~~~~~~~~~~~^^^^^^^^^^^^^^^^^^^^^
  File "C:\Users\Qc\Desktop\self-healing-pipeline\.venv\Lib\site-packages\dbt\parser\read_files.py", line 217, in read_files_for_project
    project_files[file_type_info["parser"]] = read_files_for_parser(
                                              ~~~~~~~~~~~~~~~~~~~~~^
        project,
        ^^^^^^^^
    ...<4 lines>...
        dbt_ignore_spec,
        ^^^^^^^^^^^^^^^^
    )
    ^
  File "C:\Users\Qc\Desktop\self-healing-pipeline\.venv\Lib\site-packages\dbt\parser\read_files.py", line 165, in read_files_for_parser
    source_files = get_source_files(
        project, dirs, extension, parse_ft, saved_files, ignore_spec
    )
  File "C:\Users\Qc\Desktop\self-healing-pipeline\.venv\Lib\site-packages\dbt\parser\read_files.py", line 154, in get_source_files
    file = load_source_file(fp, parse_file_type, project.project_name, saved_files)
  File "C:\Users\Qc\Desktop\self-healing-pipeline\.venv\Lib\site-packages\dbt\parser\read_files.py", line 82, in load_source_file
    file_contents = load_file_contents(path.absolute_path, strip=True)
  File "C:\Users\Qc\Desktop\self-healing-pipeline\.venv\Lib\site-packages\dbt_common\clients\system.py", line 178, in load_file_contents
    to_return = handle.read().decode("utf-8")
UnicodeDecodeError: 'utf-8' codec can't decode byte 0x97 in position 171: invalid start byte

[0m21:32:19.347538 [debug] [MainThread]: Command `dbt run` failed at 21:32:19.347184 after 1.76 seconds
[0m21:32:19.348700 [debug] [MainThread]: Sending event: {'category': 'dbt', 'action': 'invocation', 'label': 'end', 'context': [<snowplow_tracker.self_describing_json.SelfDescribingJson object at 0x0000017EFCC2EF30>, <snowplow_tracker.self_describing_json.SelfDescribingJson object at 0x0000017EFCC2E4E0>, <snowplow_tracker.self_describing_json.SelfDescribingJson object at 0x0000017EFC75FD90>]}
[0m21:32:19.349859 [debug] [MainThread]: Flushing usage events
[0m22:25:35.007217 [debug] [MainThread]: Sending event: {'category': 'dbt', 'action': 'invocation', 'label': 'start', 'context': [<snowplow_tracker.self_describing_json.SelfDescribingJson object at 0x00000217186CBE00>, <snowplow_tracker.self_describing_json.SelfDescribingJson object at 0x00000217182D5E50>, <snowplow_tracker.self_describing_json.SelfDescribingJson object at 0x00000217174AC910>]}


============================== 22:25:35.018263 | 06690378-d0cf-400b-9489-d86fff779439 ==============================
[0m22:25:35.018263 [info ] [MainThread]: Running with dbt=1.8.2
[0m22:25:35.019414 [debug] [MainThread]: running dbt with arguments {'printer_width': '80', 'indirect_selection': 'eager', 'write_json': 'True', 'log_cache_events': 'False', 'partial_parse': 'True', 'cache_selected_only': 'False', 'warn_error': 'None', 'version_check': 'True', 'profiles_dir': 'C:\\Users\\Qc\\Desktop\\self-healing-pipeline\\transform\\dbt_project', 'log_path': 'C:\\Users\\Qc\\Desktop\\self-healing-pipeline\\transform\\dbt_project\\logs', 'fail_fast': 'False', 'debug': 'False', 'use_colors': 'True', 'use_experimental_parser': 'False', 'no_print': 'None', 'quiet': 'False', 'warn_error_options': 'WarnErrorOptions(include=[], exclude=[])', 'invocation_command': 'dbt run', 'log_format': 'default', 'static_parser': 'True', 'target_path': 'None', 'introspect': 'True', 'send_anonymous_usage_stats': 'True'}
[0m22:25:35.506105 [debug] [MainThread]: Sending event: {'category': 'dbt', 'action': 'project_id', 'label': '06690378-d0cf-400b-9489-d86fff779439', 'context': [<snowplow_tracker.self_describing_json.SelfDescribingJson object at 0x000002171B50F360>]}
[0m22:25:35.703920 [debug] [MainThread]: Sending event: {'category': 'dbt', 'action': 'adapter_info', 'label': '06690378-d0cf-400b-9489-d86fff779439', 'context': [<snowplow_tracker.self_describing_json.SelfDescribingJson object at 0x000002171B2887C0>]}
[0m22:25:35.706576 [info ] [MainThread]: Registered adapter: postgres=1.8.2
[0m22:25:36.352766 [debug] [MainThread]: checksum: f0a141b9de567cb7f131613ba2682f40b3a1c6a157f81c6e5435862eff68f109, vars: {}, profile: , target: , version: 1.8.2
[0m22:25:37.007831 [debug] [MainThread]: Partial parsing enabled: 0 files deleted, 0 files added, 1 files changed.
[0m22:25:37.009278 [debug] [MainThread]: Partial parsing: updated file: self_healing_pipeline://models\staging\stg_weather.sql
[0m22:25:37.557194 [warn ] [MainThread]: [[33mWARNING[0m]: Deprecated functionality
The `tests` config has been renamed to `data_tests`. Please see
https://docs.getdbt.com/docs/build/data-tests#new-data_tests-syntax for more
information.
[0m22:25:37.558577 [debug] [MainThread]: Sending event: {'category': 'dbt', 'action': 'deprecation', 'label': '06690378-d0cf-400b-9489-d86fff779439', 'property_': 'warn', 'context': [<snowplow_tracker.self_describing_json.SelfDescribingJson object at 0x000002171B3AAE50>]}
[0m22:25:38.161580 [debug] [MainThread]: Sending event: {'category': 'dbt', 'action': 'load_project', 'label': '06690378-d0cf-400b-9489-d86fff779439', 'context': [<snowplow_tracker.self_describing_json.SelfDescribingJson object at 0x000002171CB68B90>]}
[0m22:25:38.465804 [debug] [MainThread]: Sending event: {'category': 'dbt', 'action': 'resource_counts', 'label': '06690378-d0cf-400b-9489-d86fff779439', 'context': [<snowplow_tracker.self_describing_json.SelfDescribingJson object at 0x000002171CBC5EF0>]}
[0m22:25:38.467106 [info ] [MainThread]: Found 2 models, 6 data tests, 1 source, 428 macros
[0m22:25:38.468315 [debug] [MainThread]: Sending event: {'category': 'dbt', 'action': 'runnable_timing', 'label': '06690378-d0cf-400b-9489-d86fff779439', 'context': [<snowplow_tracker.self_describing_json.SelfDescribingJson object at 0x000002171CC764E0>]}
[0m22:25:38.477293 [info ] [MainThread]: 
[0m22:25:38.479111 [debug] [MainThread]: Acquiring new postgres connection 'master'
[0m22:25:38.481714 [debug] [ThreadPool]: Acquiring new postgres connection 'list_shp'
[0m22:25:38.715713 [debug] [ThreadPool]: Using postgres connection "list_shp"
[0m22:25:38.716270 [debug] [ThreadPool]: On list_shp: /* {"app": "dbt", "dbt_version": "1.8.2", "profile_name": "self_healing_pipeline", "target_name": "dev", "connection_name": "list_shp"} */

    select distinct nspname from pg_namespace
  
[0m22:25:38.717242 [debug] [ThreadPool]: Opening a new connection, currently in state init
[0m22:25:38.775000 [debug] [ThreadPool]: SQL status: SELECT 5 in 0.058 seconds
[0m22:25:38.778605 [debug] [ThreadPool]: On list_shp: Close
[0m22:25:38.789870 [debug] [ThreadPool]: Acquiring new postgres connection 'list_shp_public'
[0m22:25:38.798208 [debug] [ThreadPool]: Using postgres connection "list_shp_public"
[0m22:25:38.799208 [debug] [ThreadPool]: On list_shp_public: BEGIN
[0m22:25:38.800101 [debug] [ThreadPool]: Opening a new connection, currently in state init
[0m22:25:38.831977 [debug] [ThreadPool]: SQL status: BEGIN in 0.032 seconds
[0m22:25:38.833023 [debug] [ThreadPool]: Using postgres connection "list_shp_public"
[0m22:25:38.833870 [debug] [ThreadPool]: On list_shp_public: /* {"app": "dbt", "dbt_version": "1.8.2", "profile_name": "self_healing_pipeline", "target_name": "dev", "connection_name": "list_shp_public"} */
select
      'shp' as database,
      tablename as name,
      schemaname as schema,
      'table' as type
    from pg_tables
    where schemaname ilike 'public'
    union all
    select
      'shp' as database,
      viewname as name,
      schemaname as schema,
      'view' as type
    from pg_views
    where schemaname ilike 'public'
    union all
    select
      'shp' as database,
      matviewname as name,
      schemaname as schema,
      'materialized_view' as type
    from pg_matviews
    where schemaname ilike 'public'
  
[0m22:25:38.854972 [debug] [ThreadPool]: SQL status: SELECT 4 in 0.021 seconds
[0m22:25:38.857381 [debug] [ThreadPool]: On list_shp_public: ROLLBACK
[0m22:25:38.859672 [debug] [ThreadPool]: On list_shp_public: Close
[0m22:25:38.870848 [debug] [MainThread]: Using postgres connection "master"
[0m22:25:38.871819 [debug] [MainThread]: On master: BEGIN
[0m22:25:38.872644 [debug] [MainThread]: Opening a new connection, currently in state init
[0m22:25:38.903693 [debug] [MainThread]: SQL status: BEGIN in 0.031 seconds
[0m22:25:38.904710 [debug] [MainThread]: Using postgres connection "master"
[0m22:25:38.906007 [debug] [MainThread]: On master: /* {"app": "dbt", "dbt_version": "1.8.2", "profile_name": "self_healing_pipeline", "target_name": "dev", "connection_name": "master"} */
with relation as (
        select
            pg_rewrite.ev_class as class,
            pg_rewrite.oid as id
        from pg_rewrite
    ),
    class as (
        select
            oid as id,
            relname as name,
            relnamespace as schema,
            relkind as kind
        from pg_class
    ),
    dependency as (
        select distinct
            pg_depend.objid as id,
            pg_depend.refobjid as ref
        from pg_depend
    ),
    schema as (
        select
            pg_namespace.oid as id,
            pg_namespace.nspname as name
        from pg_namespace
        where nspname != 'information_schema' and nspname not like 'pg\_%'
    ),
    referenced as (
        select
            relation.id AS id,
            referenced_class.name ,
            referenced_class.schema ,
            referenced_class.kind
        from relation
        join class as referenced_class on relation.class=referenced_class.id
        where referenced_class.kind in ('r', 'v', 'm')
    ),
    relationships as (
        select
            referenced.name as referenced_name,
            referenced.schema as referenced_schema_id,
            dependent_class.name as dependent_name,
            dependent_class.schema as dependent_schema_id,
            referenced.kind as kind
        from referenced
        join dependency on referenced.id=dependency.id
        join class as dependent_class on dependency.ref=dependent_class.id
        where
            (referenced.name != dependent_class.name or
             referenced.schema != dependent_class.schema)
    )

    select
        referenced_schema.name as referenced_schema,
        relationships.referenced_name as referenced_name,
        dependent_schema.name as dependent_schema,
        relationships.dependent_name as dependent_name
    from relationships
    join schema as dependent_schema on relationships.dependent_schema_id=dependent_schema.id
    join schema as referenced_schema on relationships.referenced_schema_id=referenced_schema.id
    group by referenced_schema, referenced_name, dependent_schema, dependent_name
    order by referenced_schema, referenced_name, dependent_schema, dependent_name;
[0m22:25:38.923820 [debug] [MainThread]: SQL status: SELECT 2 in 0.016 seconds
[0m22:25:38.928487 [debug] [MainThread]: Sending event: {'category': 'dbt', 'action': 'runnable_timing', 'label': '06690378-d0cf-400b-9489-d86fff779439', 'context': [<snowplow_tracker.self_describing_json.SelfDescribingJson object at 0x000002171C94CC50>]}
[0m22:25:38.929709 [debug] [MainThread]: On master: ROLLBACK
[0m22:25:38.932990 [debug] [MainThread]: Using postgres connection "master"
[0m22:25:38.934053 [debug] [MainThread]: On master: BEGIN
[0m22:25:38.938140 [debug] [MainThread]: SQL status: BEGIN in 0.003 seconds
[0m22:25:38.939257 [debug] [MainThread]: On master: COMMIT
[0m22:25:38.940230 [debug] [MainThread]: Using postgres connection "master"
[0m22:25:38.941313 [debug] [MainThread]: On master: COMMIT
[0m22:25:38.943590 [debug] [MainThread]: SQL status: COMMIT in 0.001 seconds
[0m22:25:38.944696 [debug] [MainThread]: On master: Close
[0m22:25:38.946241 [info ] [MainThread]: Concurrency: 4 threads (target='dev')
[0m22:25:38.947586 [info ] [MainThread]: 
[0m22:25:38.960533 [debug] [Thread-1 (]: Began running node model.self_healing_pipeline.daily_weather_summary
[0m22:25:38.962127 [info ] [Thread-1 (]: 1 of 1 START sql table model public.daily_weather_summary ...................... [RUN]
[0m22:25:39.044541 [debug] [Thread-1 (]: Acquiring new postgres connection 'model.self_healing_pipeline.daily_weather_summary'
[0m22:25:39.045187 [debug] [Thread-1 (]: Began compiling node model.self_healing_pipeline.daily_weather_summary
[0m22:25:39.054801 [debug] [Thread-1 (]: Writing injected SQL for node "model.self_healing_pipeline.daily_weather_summary"
[0m22:25:39.057071 [debug] [Thread-1 (]: Began executing node model.self_healing_pipeline.daily_weather_summary
[0m22:25:39.157483 [debug] [Thread-1 (]: Writing runtime sql for node "model.self_healing_pipeline.daily_weather_summary"
[0m22:25:39.159957 [debug] [Thread-1 (]: Using postgres connection "model.self_healing_pipeline.daily_weather_summary"
[0m22:25:39.161221 [debug] [Thread-1 (]: On model.self_healing_pipeline.daily_weather_summary: BEGIN
[0m22:25:39.162306 [debug] [Thread-1 (]: Opening a new connection, currently in state init
[0m22:25:39.199016 [debug] [Thread-1 (]: SQL status: BEGIN in 0.037 seconds
[0m22:25:39.200062 [debug] [Thread-1 (]: Using postgres connection "model.self_healing_pipeline.daily_weather_summary"
[0m22:25:39.201073 [debug] [Thread-1 (]: On model.self_healing_pipeline.daily_weather_summary: /* {"app": "dbt", "dbt_version": "1.8.2", "profile_name": "self_healing_pipeline", "target_name": "dev", "node_id": "model.self_healing_pipeline.daily_weather_summary"} */

  
    

  create  table "shp"."public"."daily_weather_summary__dbt_tmp"
  
  
    as
  
  (
    select
    date_trunc('day', ts)              as day,
    avg(temperature_c)                 as avg_temp_c,
    min(temperature_c)                 as min_temp_c,
    max(temperature_c)                 as max_temp_c,
    avg(humidity_pct)                  as avg_humidity_pct,
    sum(precipitation_mm)              as total_precipitation_mm,
    count(*)                           as reading_count
from "shp"."public"."stg_weather"
group by 1
  );
  
[0m22:25:39.235217 [debug] [Thread-1 (]: SQL status: SELECT 0 in 0.033 seconds
[0m22:25:39.252598 [debug] [Thread-1 (]: Using postgres connection "model.self_healing_pipeline.daily_weather_summary"
[0m22:25:39.253907 [debug] [Thread-1 (]: On model.self_healing_pipeline.daily_weather_summary: /* {"app": "dbt", "dbt_version": "1.8.2", "profile_name": "self_healing_pipeline", "target_name": "dev", "node_id": "model.self_healing_pipeline.daily_weather_summary"} */
alter table "shp"."public"."daily_weather_summary" rename to "daily_weather_summary__dbt_backup"
[0m22:25:39.258229 [debug] [Thread-1 (]: SQL status: ALTER TABLE in 0.003 seconds
[0m22:25:39.267078 [debug] [Thread-1 (]: Using postgres connection "model.self_healing_pipeline.daily_weather_summary"
[0m22:25:39.268373 [debug] [Thread-1 (]: On model.self_healing_pipeline.daily_weather_summary: /* {"app": "dbt", "dbt_version": "1.8.2", "profile_name": "self_healing_pipeline", "target_name": "dev", "node_id": "model.self_healing_pipeline.daily_weather_summary"} */
alter table "shp"."public"."daily_weather_summary__dbt_tmp" rename to "daily_weather_summary"
[0m22:25:39.271114 [debug] [Thread-1 (]: SQL status: ALTER TABLE in 0.002 seconds
[0m22:25:39.319247 [debug] [Thread-1 (]: On model.self_healing_pipeline.daily_weather_summary: COMMIT
[0m22:25:39.319882 [debug] [Thread-1 (]: Using postgres connection "model.self_healing_pipeline.daily_weather_summary"
[0m22:25:39.320394 [debug] [Thread-1 (]: On model.self_healing_pipeline.daily_weather_summary: COMMIT
[0m22:25:39.329871 [debug] [Thread-1 (]: SQL status: COMMIT in 0.008 seconds
[0m22:25:39.344770 [debug] [Thread-1 (]: Applying DROP to: "shp"."public"."daily_weather_summary__dbt_backup"
[0m22:25:39.359305 [debug] [Thread-1 (]: Using postgres connection "model.self_healing_pipeline.daily_weather_summary"
[0m22:25:39.360577 [debug] [Thread-1 (]: On model.self_healing_pipeline.daily_weather_summary: /* {"app": "dbt", "dbt_version": "1.8.2", "profile_name": "self_healing_pipeline", "target_name": "dev", "node_id": "model.self_healing_pipeline.daily_weather_summary"} */
drop table if exists "shp"."public"."daily_weather_summary__dbt_backup" cascade
[0m22:25:39.372595 [debug] [Thread-1 (]: SQL status: DROP TABLE in 0.011 seconds
[0m22:25:39.376795 [debug] [Thread-1 (]: On model.self_healing_pipeline.daily_weather_summary: Close
[0m22:25:39.380330 [debug] [Thread-1 (]: Sending event: {'category': 'dbt', 'action': 'run_model', 'label': '06690378-d0cf-400b-9489-d86fff779439', 'context': [<snowplow_tracker.self_describing_json.SelfDescribingJson object at 0x000002171D00CC00>]}
[0m22:25:39.382072 [info ] [Thread-1 (]: 1 of 1 OK created sql table model public.daily_weather_summary ................. [[32mSELECT 0[0m in 0.41s]
[0m22:25:39.384513 [debug] [Thread-1 (]: Finished running node model.self_healing_pipeline.daily_weather_summary
[0m22:25:39.386937 [debug] [MainThread]: Using postgres connection "master"
[0m22:25:39.387795 [debug] [MainThread]: On master: BEGIN
[0m22:25:39.388274 [debug] [MainThread]: Opening a new connection, currently in state closed
[0m22:25:39.427821 [debug] [MainThread]: SQL status: BEGIN in 0.039 seconds
[0m22:25:39.428388 [debug] [MainThread]: On master: COMMIT
[0m22:25:39.429386 [debug] [MainThread]: Using postgres connection "master"
[0m22:25:39.430269 [debug] [MainThread]: On master: COMMIT
[0m22:25:39.432591 [debug] [MainThread]: SQL status: COMMIT in 0.001 seconds
[0m22:25:39.433476 [debug] [MainThread]: On master: Close
[0m22:25:39.434519 [debug] [MainThread]: Connection 'master' was properly closed.
[0m22:25:39.435497 [debug] [MainThread]: Connection 'list_shp' was properly closed.
[0m22:25:39.436385 [debug] [MainThread]: Connection 'list_shp_public' was properly closed.
[0m22:25:39.437450 [debug] [MainThread]: Connection 'model.self_healing_pipeline.daily_weather_summary' was properly closed.
[0m22:25:39.438804 [info ] [MainThread]: 
[0m22:25:39.439499 [info ] [MainThread]: Finished running 1 table model in 0 hours 0 minutes and 0.96 seconds (0.96s).
[0m22:25:39.440848 [debug] [MainThread]: Command end result
[0m22:25:39.491667 [info ] [MainThread]: 
[0m22:25:39.492824 [info ] [MainThread]: [32mCompleted successfully[0m
[0m22:25:39.493815 [info ] [MainThread]: 
[0m22:25:39.494808 [info ] [MainThread]: Done. PASS=1 WARN=0 ERROR=0 SKIP=0 TOTAL=1
[0m22:25:39.497165 [debug] [MainThread]: Command `dbt run` succeeded at 22:25:39.496877 after 4.71 seconds
[0m22:25:39.498136 [debug] [MainThread]: Sending event: {'category': 'dbt', 'action': 'invocation', 'label': 'end', 'context': [<snowplow_tracker.self_describing_json.SelfDescribingJson object at 0x000002171CB559F0>, <snowplow_tracker.self_describing_json.SelfDescribingJson object at 0x000002171CECB920>, <snowplow_tracker.self_describing_json.SelfDescribingJson object at 0x000002171CBB9CD0>]}
[0m22:25:39.498864 [debug] [MainThread]: Flushing usage events
[0m22:25:48.016035 [debug] [MainThread]: Sending event: {'category': 'dbt', 'action': 'invocation', 'label': 'start', 'context': [<snowplow_tracker.self_describing_json.SelfDescribingJson object at 0x000001ED9C86BE00>, <snowplow_tracker.self_describing_json.SelfDescribingJson object at 0x000001ED9C465E50>, <snowplow_tracker.self_describing_json.SelfDescribingJson object at 0x000001ED9B65C910>]}


============================== 22:25:48.025746 | 8f916485-e51d-4b17-8b8c-0beecf9dc360 ==============================
[0m22:25:48.025746 [info ] [MainThread]: Running with dbt=1.8.2
[0m22:25:48.027300 [debug] [MainThread]: running dbt with arguments {'printer_width': '80', 'indirect_selection': 'eager', 'write_json': 'True', 'log_cache_events': 'False', 'partial_parse': 'True', 'cache_selected_only': 'False', 'warn_error': 'None', 'fail_fast': 'False', 'version_check': 'True', 'log_path': 'C:\\Users\\Qc\\Desktop\\self-healing-pipeline\\transform\\dbt_project\\logs', 'profiles_dir': 'C:\\Users\\Qc\\Desktop\\self-healing-pipeline\\transform\\dbt_project', 'debug': 'False', 'use_colors': 'True', 'use_experimental_parser': 'False', 'no_print': 'None', 'quiet': 'False', 'warn_error_options': 'WarnErrorOptions(include=[], exclude=[])', 'invocation_command': 'dbt test', 'static_parser': 'True', 'introspect': 'True', 'target_path': 'None', 'log_format': 'default', 'send_anonymous_usage_stats': 'True'}
[0m22:25:48.703323 [debug] [MainThread]: Sending event: {'category': 'dbt', 'action': 'project_id', 'label': '8f916485-e51d-4b17-8b8c-0beecf9dc360', 'context': [<snowplow_tracker.self_describing_json.SelfDescribingJson object at 0x000001ED9F63F360>]}
[0m22:25:48.909629 [debug] [MainThread]: Sending event: {'category': 'dbt', 'action': 'adapter_info', 'label': '8f916485-e51d-4b17-8b8c-0beecf9dc360', 'context': [<snowplow_tracker.self_describing_json.SelfDescribingJson object at 0x000001ED9F4287C0>]}
[0m22:25:48.916356 [info ] [MainThread]: Registered adapter: postgres=1.8.2
[0m22:25:49.533831 [debug] [MainThread]: checksum: f0a141b9de567cb7f131613ba2682f40b3a1c6a157f81c6e5435862eff68f109, vars: {}, profile: , target: , version: 1.8.2
[0m22:25:50.204135 [debug] [MainThread]: Partial parsing enabled: 0 files deleted, 0 files added, 0 files changed.
[0m22:25:50.204783 [debug] [MainThread]: Partial parsing enabled, no changes found, skipping parsing
[0m22:25:50.321874 [debug] [MainThread]: Sending event: {'category': 'dbt', 'action': 'load_project', 'label': '8f916485-e51d-4b17-8b8c-0beecf9dc360', 'context': [<snowplow_tracker.self_describing_json.SelfDescribingJson object at 0x000001EDA0A98550>]}
[0m22:25:50.700153 [debug] [MainThread]: Sending event: {'category': 'dbt', 'action': 'resource_counts', 'label': '8f916485-e51d-4b17-8b8c-0beecf9dc360', 'context': [<snowplow_tracker.self_describing_json.SelfDescribingJson object at 0x000001EDA0B81400>]}
[0m22:25:50.700887 [info ] [MainThread]: Found 2 models, 6 data tests, 1 source, 428 macros
[0m22:25:50.701513 [debug] [MainThread]: Sending event: {'category': 'dbt', 'action': 'runnable_timing', 'label': '8f916485-e51d-4b17-8b8c-0beecf9dc360', 'context': [<snowplow_tracker.self_describing_json.SelfDescribingJson object at 0x000001EDA0BA5FD0>]}
[0m22:25:50.704638 [info ] [MainThread]: 
[0m22:25:50.706356 [debug] [MainThread]: Acquiring new postgres connection 'master'
[0m22:25:50.717565 [debug] [ThreadPool]: Acquiring new postgres connection 'list_shp_public'
[0m22:25:50.885035 [debug] [ThreadPool]: Using postgres connection "list_shp_public"
[0m22:25:50.886117 [debug] [ThreadPool]: On list_shp_public: BEGIN
[0m22:25:50.887058 [debug] [ThreadPool]: Opening a new connection, currently in state init
[0m22:25:50.940204 [debug] [ThreadPool]: SQL status: BEGIN in 0.053 seconds
[0m22:25:50.940857 [debug] [ThreadPool]: Using postgres connection "list_shp_public"
[0m22:25:50.941454 [debug] [ThreadPool]: On list_shp_public: /* {"app": "dbt", "dbt_version": "1.8.2", "profile_name": "self_healing_pipeline", "target_name": "dev", "connection_name": "list_shp_public"} */
select
      'shp' as database,
      tablename as name,
      schemaname as schema,
      'table' as type
    from pg_tables
    where schemaname ilike 'public'
    union all
    select
      'shp' as database,
      viewname as name,
      schemaname as schema,
      'view' as type
    from pg_views
    where schemaname ilike 'public'
    union all
    select
      'shp' as database,
      matviewname as name,
      schemaname as schema,
      'materialized_view' as type
    from pg_matviews
    where schemaname ilike 'public'
  
[0m22:25:50.949180 [debug] [ThreadPool]: SQL status: SELECT 4 in 0.006 seconds
[0m22:25:50.951760 [debug] [ThreadPool]: On list_shp_public: ROLLBACK
[0m22:25:50.953773 [debug] [ThreadPool]: On list_shp_public: Close
[0m22:25:50.967606 [debug] [MainThread]: Using postgres connection "master"
[0m22:25:50.968370 [debug] [MainThread]: On master: BEGIN
[0m22:25:50.969016 [debug] [MainThread]: Opening a new connection, currently in state init
[0m22:25:51.007402 [debug] [MainThread]: SQL status: BEGIN in 0.038 seconds
[0m22:25:51.008627 [debug] [MainThread]: Using postgres connection "master"
[0m22:25:51.010635 [debug] [MainThread]: On master: /* {"app": "dbt", "dbt_version": "1.8.2", "profile_name": "self_healing_pipeline", "target_name": "dev", "connection_name": "master"} */
with relation as (
        select
            pg_rewrite.ev_class as class,
            pg_rewrite.oid as id
        from pg_rewrite
    ),
    class as (
        select
            oid as id,
            relname as name,
            relnamespace as schema,
            relkind as kind
        from pg_class
    ),
    dependency as (
        select distinct
            pg_depend.objid as id,
            pg_depend.refobjid as ref
        from pg_depend
    ),
    schema as (
        select
            pg_namespace.oid as id,
            pg_namespace.nspname as name
        from pg_namespace
        where nspname != 'information_schema' and nspname not like 'pg\_%'
    ),
    referenced as (
        select
            relation.id AS id,
            referenced_class.name ,
            referenced_class.schema ,
            referenced_class.kind
        from relation
        join class as referenced_class on relation.class=referenced_class.id
        where referenced_class.kind in ('r', 'v', 'm')
    ),
    relationships as (
        select
            referenced.name as referenced_name,
            referenced.schema as referenced_schema_id,
            dependent_class.name as dependent_name,
            dependent_class.schema as dependent_schema_id,
            referenced.kind as kind
        from referenced
        join dependency on referenced.id=dependency.id
        join class as dependent_class on dependency.ref=dependent_class.id
        where
            (referenced.name != dependent_class.name or
             referenced.schema != dependent_class.schema)
    )

    select
        referenced_schema.name as referenced_schema,
        relationships.referenced_name as referenced_name,
        dependent_schema.name as dependent_schema,
        relationships.dependent_name as dependent_name
    from relationships
    join schema as dependent_schema on relationships.dependent_schema_id=dependent_schema.id
    join schema as referenced_schema on relationships.referenced_schema_id=referenced_schema.id
    group by referenced_schema, referenced_name, dependent_schema, dependent_name
    order by referenced_schema, referenced_name, dependent_schema, dependent_name;
[0m22:25:51.025142 [debug] [MainThread]: SQL status: SELECT 2 in 0.013 seconds
[0m22:25:51.031911 [debug] [MainThread]: Sending event: {'category': 'dbt', 'action': 'runnable_timing', 'label': '8f916485-e51d-4b17-8b8c-0beecf9dc360', 'context': [<snowplow_tracker.self_describing_json.SelfDescribingJson object at 0x000001EDA0DB9980>]}
[0m22:25:51.033084 [debug] [MainThread]: On master: ROLLBACK
[0m22:25:51.035470 [debug] [MainThread]: Using postgres connection "master"
[0m22:25:51.036762 [debug] [MainThread]: On master: BEGIN
[0m22:25:51.040640 [debug] [MainThread]: SQL status: BEGIN in 0.003 seconds
[0m22:25:51.041906 [debug] [MainThread]: On master: COMMIT
[0m22:25:51.043038 [debug] [MainThread]: Using postgres connection "master"
[0m22:25:51.044458 [debug] [MainThread]: On master: COMMIT
[0m22:25:51.047351 [debug] [MainThread]: SQL status: COMMIT in 0.002 seconds
[0m22:25:51.048552 [debug] [MainThread]: On master: Close
[0m22:25:51.050003 [info ] [MainThread]: Concurrency: 4 threads (target='dev')
[0m22:25:51.051862 [info ] [MainThread]: 
[0m22:25:51.065797 [debug] [Thread-1 (]: Began running node test.self_healing_pipeline.not_null_daily_weather_summary_day.94fef7bf6b
[0m22:25:51.071628 [debug] [Thread-4 (]: Began running node test.self_healing_pipeline.not_null_stg_weather_temperature_c.3a7a09f65f
[0m22:25:51.068255 [info ] [Thread-1 (]: 1 of 6 START test not_null_daily_weather_summary_day ........................... [RUN]
[0m22:25:51.081694 [debug] [Thread-2 (]: Began running node test.self_healing_pipeline.not_null_daily_weather_summary_reading_count.a3aae03769
[0m22:25:51.074954 [debug] [Thread-3 (]: Began running node test.self_healing_pipeline.not_null_stg_weather_humidity_pct.2b05ac1847
[0m22:25:51.083089 [info ] [Thread-4 (]: 4 of 6 START test not_null_stg_weather_temperature_c ........................... [RUN]
[0m22:25:51.084676 [debug] [Thread-1 (]: Acquiring new postgres connection 'test.self_healing_pipeline.not_null_daily_weather_summary_day.94fef7bf6b'
[0m22:25:51.085799 [info ] [Thread-2 (]: 2 of 6 START test not_null_daily_weather_summary_reading_count ................. [RUN]
[0m22:25:51.087195 [info ] [Thread-3 (]: 3 of 6 START test not_null_stg_weather_humidity_pct ............................ [RUN]
[0m22:25:51.089123 [debug] [Thread-4 (]: Acquiring new postgres connection 'test.self_healing_pipeline.not_null_stg_weather_temperature_c.3a7a09f65f'
[0m22:25:51.090129 [debug] [Thread-1 (]: Began compiling node test.self_healing_pipeline.not_null_daily_weather_summary_day.94fef7bf6b
[0m22:25:51.091563 [debug] [Thread-2 (]: Acquiring new postgres connection 'test.self_healing_pipeline.not_null_daily_weather_summary_reading_count.a3aae03769'
[0m22:25:51.098109 [debug] [Thread-3 (]: Acquiring new postgres connection 'test.self_healing_pipeline.not_null_stg_weather_humidity_pct.2b05ac1847'
[0m22:25:51.099614 [debug] [Thread-4 (]: Began compiling node test.self_healing_pipeline.not_null_stg_weather_temperature_c.3a7a09f65f
[0m22:25:51.144690 [debug] [Thread-2 (]: Began compiling node test.self_healing_pipeline.not_null_daily_weather_summary_reading_count.a3aae03769
[0m22:25:51.148377 [debug] [Thread-1 (]: Writing injected SQL for node "test.self_healing_pipeline.not_null_daily_weather_summary_day.94fef7bf6b"
[0m22:25:51.149488 [debug] [Thread-3 (]: Began compiling node test.self_healing_pipeline.not_null_stg_weather_humidity_pct.2b05ac1847
[0m22:25:51.157396 [debug] [Thread-4 (]: Writing injected SQL for node "test.self_healing_pipeline.not_null_stg_weather_temperature_c.3a7a09f65f"
[0m22:25:51.167825 [debug] [Thread-2 (]: Writing injected SQL for node "test.self_healing_pipeline.not_null_daily_weather_summary_reading_count.a3aae03769"
[0m22:25:51.177952 [debug] [Thread-3 (]: Writing injected SQL for node "test.self_healing_pipeline.not_null_stg_weather_humidity_pct.2b05ac1847"
[0m22:25:51.181192 [debug] [Thread-1 (]: Began executing node test.self_healing_pipeline.not_null_daily_weather_summary_day.94fef7bf6b
[0m22:25:51.195733 [debug] [Thread-2 (]: Began executing node test.self_healing_pipeline.not_null_daily_weather_summary_reading_count.a3aae03769
[0m22:25:51.269018 [debug] [Thread-1 (]: Writing runtime sql for node "test.self_healing_pipeline.not_null_daily_weather_summary_day.94fef7bf6b"
[0m22:25:51.270912 [debug] [Thread-2 (]: Writing runtime sql for node "test.self_healing_pipeline.not_null_daily_weather_summary_reading_count.a3aae03769"
[0m22:25:51.272849 [debug] [Thread-4 (]: Began executing node test.self_healing_pipeline.not_null_stg_weather_temperature_c.3a7a09f65f
[0m22:25:51.278434 [debug] [Thread-3 (]: Began executing node test.self_healing_pipeline.not_null_stg_weather_humidity_pct.2b05ac1847
[0m22:25:51.282924 [debug] [Thread-4 (]: Writing runtime sql for node "test.self_healing_pipeline.not_null_stg_weather_temperature_c.3a7a09f65f"
[0m22:25:51.290299 [debug] [Thread-3 (]: Writing runtime sql for node "test.self_healing_pipeline.not_null_stg_weather_humidity_pct.2b05ac1847"
[0m22:25:51.291858 [debug] [Thread-1 (]: Using postgres connection "test.self_healing_pipeline.not_null_daily_weather_summary_day.94fef7bf6b"
[0m22:25:51.296328 [debug] [Thread-2 (]: Using postgres connection "test.self_healing_pipeline.not_null_daily_weather_summary_reading_count.a3aae03769"
[0m22:25:51.297853 [debug] [Thread-1 (]: On test.self_healing_pipeline.not_null_daily_weather_summary_day.94fef7bf6b: BEGIN
[0m22:25:51.299440 [debug] [Thread-2 (]: On test.self_healing_pipeline.not_null_daily_weather_summary_reading_count.a3aae03769: BEGIN
[0m22:25:51.301423 [debug] [Thread-3 (]: Using postgres connection "test.self_healing_pipeline.not_null_stg_weather_humidity_pct.2b05ac1847"
[0m22:25:51.302748 [debug] [Thread-4 (]: Using postgres connection "test.self_healing_pipeline.not_null_stg_weather_temperature_c.3a7a09f65f"
[0m22:25:51.304053 [debug] [Thread-1 (]: Opening a new connection, currently in state init
[0m22:25:51.306026 [debug] [Thread-2 (]: Opening a new connection, currently in state init
[0m22:25:51.307165 [debug] [Thread-3 (]: On test.self_healing_pipeline.not_null_stg_weather_humidity_pct.2b05ac1847: BEGIN
[0m22:25:51.308013 [debug] [Thread-4 (]: On test.self_healing_pipeline.not_null_stg_weather_temperature_c.3a7a09f65f: BEGIN
[0m22:25:51.312395 [debug] [Thread-3 (]: Opening a new connection, currently in state init
[0m22:25:51.314898 [debug] [Thread-4 (]: Opening a new connection, currently in state init
[0m22:25:51.371855 [debug] [Thread-1 (]: SQL status: BEGIN in 0.067 seconds
[0m22:25:51.373445 [debug] [Thread-1 (]: Using postgres connection "test.self_healing_pipeline.not_null_daily_weather_summary_day.94fef7bf6b"
[0m22:25:51.374893 [debug] [Thread-1 (]: On test.self_healing_pipeline.not_null_daily_weather_summary_day.94fef7bf6b: /* {"app": "dbt", "dbt_version": "1.8.2", "profile_name": "self_healing_pipeline", "target_name": "dev", "node_id": "test.self_healing_pipeline.not_null_daily_weather_summary_day.94fef7bf6b"} */
select
      count(*) as failures,
      count(*) != 0 as should_warn,
      count(*) != 0 as should_error
    from (
      
    
    



select day
from "shp"."public"."daily_weather_summary"
where day is null



      
    ) dbt_internal_test
[0m22:25:51.377694 [debug] [Thread-4 (]: SQL status: BEGIN in 0.063 seconds
[0m22:25:51.379064 [debug] [Thread-2 (]: SQL status: BEGIN in 0.073 seconds
[0m22:25:51.380574 [debug] [Thread-3 (]: SQL status: BEGIN in 0.068 seconds
[0m22:25:51.381996 [debug] [Thread-4 (]: Using postgres connection "test.self_healing_pipeline.not_null_stg_weather_temperature_c.3a7a09f65f"
[0m22:25:51.383713 [debug] [Thread-2 (]: Using postgres connection "test.self_healing_pipeline.not_null_daily_weather_summary_reading_count.a3aae03769"
[0m22:25:51.385168 [debug] [Thread-3 (]: Using postgres connection "test.self_healing_pipeline.not_null_stg_weather_humidity_pct.2b05ac1847"
[0m22:25:51.386801 [debug] [Thread-4 (]: On test.self_healing_pipeline.not_null_stg_weather_temperature_c.3a7a09f65f: /* {"app": "dbt", "dbt_version": "1.8.2", "profile_name": "self_healing_pipeline", "target_name": "dev", "node_id": "test.self_healing_pipeline.not_null_stg_weather_temperature_c.3a7a09f65f"} */
select
      count(*) as failures,
      count(*) != 0 as should_warn,
      count(*) != 0 as should_error
    from (
      
    
    



select temperature_c
from "shp"."public"."stg_weather"
where temperature_c is null



      
    ) dbt_internal_test
[0m22:25:51.388298 [debug] [Thread-1 (]: SQL status: SELECT 1 in 0.008 seconds
[0m22:25:51.389564 [debug] [Thread-2 (]: On test.self_healing_pipeline.not_null_daily_weather_summary_reading_count.a3aae03769: /* {"app": "dbt", "dbt_version": "1.8.2", "profile_name": "self_healing_pipeline", "target_name": "dev", "node_id": "test.self_healing_pipeline.not_null_daily_weather_summary_reading_count.a3aae03769"} */
select
      count(*) as failures,
      count(*) != 0 as should_warn,
      count(*) != 0 as should_error
    from (
      
    
    



select reading_count
from "shp"."public"."daily_weather_summary"
where reading_count is null



      
    ) dbt_internal_test
[0m22:25:51.391087 [debug] [Thread-3 (]: On test.self_healing_pipeline.not_null_stg_weather_humidity_pct.2b05ac1847: /* {"app": "dbt", "dbt_version": "1.8.2", "profile_name": "self_healing_pipeline", "target_name": "dev", "node_id": "test.self_healing_pipeline.not_null_stg_weather_humidity_pct.2b05ac1847"} */
select
      count(*) as failures,
      count(*) != 0 as should_warn,
      count(*) != 0 as should_error
    from (
      
    
    



select humidity_pct
from "shp"."public"."stg_weather"
where humidity_pct is null



      
    ) dbt_internal_test
[0m22:25:51.404161 [debug] [Thread-1 (]: On test.self_healing_pipeline.not_null_daily_weather_summary_day.94fef7bf6b: ROLLBACK
[0m22:25:51.405587 [debug] [Thread-4 (]: SQL status: SELECT 1 in 0.013 seconds
[0m22:25:51.412911 [debug] [Thread-4 (]: On test.self_healing_pipeline.not_null_stg_weather_temperature_c.3a7a09f65f: ROLLBACK
[0m22:25:51.414344 [debug] [Thread-1 (]: On test.self_healing_pipeline.not_null_daily_weather_summary_day.94fef7bf6b: Close
[0m22:25:51.415716 [debug] [Thread-2 (]: SQL status: SELECT 1 in 0.009 seconds
[0m22:25:51.417137 [debug] [Thread-3 (]: SQL status: SELECT 1 in 0.010 seconds
[0m22:25:51.419835 [debug] [Thread-4 (]: On test.self_healing_pipeline.not_null_stg_weather_temperature_c.3a7a09f65f: Close
[0m22:25:51.424463 [debug] [Thread-2 (]: On test.self_healing_pipeline.not_null_daily_weather_summary_reading_count.a3aae03769: ROLLBACK
[0m22:25:51.418657 [info ] [Thread-1 (]: 1 of 6 PASS not_null_daily_weather_summary_day ................................. [[32mPASS[0m in 0.33s]
[0m22:25:51.429777 [debug] [Thread-3 (]: On test.self_healing_pipeline.not_null_stg_weather_humidity_pct.2b05ac1847: ROLLBACK
[0m22:25:51.432120 [debug] [Thread-1 (]: Finished running node test.self_healing_pipeline.not_null_daily_weather_summary_day.94fef7bf6b
[0m22:25:51.433927 [info ] [Thread-4 (]: 4 of 6 PASS not_null_stg_weather_temperature_c ................................. [[32mPASS[0m in 0.34s]
[0m22:25:51.435979 [debug] [Thread-1 (]: Began running node test.self_healing_pipeline.not_null_stg_weather_ts.4f82cf9d8b
[0m22:25:51.438538 [debug] [Thread-4 (]: Finished running node test.self_healing_pipeline.not_null_stg_weather_temperature_c.3a7a09f65f
[0m22:25:51.440203 [info ] [Thread-1 (]: 5 of 6 START test not_null_stg_weather_ts ...................................... [RUN]
[0m22:25:51.441960 [debug] [Thread-4 (]: Began running node test.self_healing_pipeline.unique_daily_weather_summary_day.3ac2b955ee
[0m22:25:51.443894 [debug] [Thread-2 (]: On test.self_healing_pipeline.not_null_daily_weather_summary_reading_count.a3aae03769: Close
[0m22:25:51.445603 [debug] [Thread-3 (]: On test.self_healing_pipeline.not_null_stg_weather_humidity_pct.2b05ac1847: Close
[0m22:25:51.446939 [debug] [Thread-1 (]: Re-using an available connection from the pool (formerly test.self_healing_pipeline.not_null_daily_weather_summary_day.94fef7bf6b, now test.self_healing_pipeline.not_null_stg_weather_ts.4f82cf9d8b)
[0m22:25:51.448573 [info ] [Thread-4 (]: 6 of 6 START test unique_daily_weather_summary_day ............................. [RUN]
[0m22:25:51.453494 [debug] [Thread-1 (]: Began compiling node test.self_healing_pipeline.not_null_stg_weather_ts.4f82cf9d8b
[0m22:25:51.450731 [info ] [Thread-2 (]: 2 of 6 PASS not_null_daily_weather_summary_reading_count ....................... [[32mPASS[0m in 0.36s]
[0m22:25:51.455424 [debug] [Thread-4 (]: Re-using an available connection from the pool (formerly test.self_healing_pipeline.not_null_stg_weather_temperature_c.3a7a09f65f, now test.self_healing_pipeline.unique_daily_weather_summary_day.3ac2b955ee)
[0m22:25:51.452300 [info ] [Thread-3 (]: 3 of 6 PASS not_null_stg_weather_humidity_pct .................................. [[32mPASS[0m in 0.36s]
[0m22:25:51.468582 [debug] [Thread-1 (]: Writing injected SQL for node "test.self_healing_pipeline.not_null_stg_weather_ts.4f82cf9d8b"
[0m22:25:51.470471 [debug] [Thread-2 (]: Finished running node test.self_healing_pipeline.not_null_daily_weather_summary_reading_count.a3aae03769
[0m22:25:51.471925 [debug] [Thread-4 (]: Began compiling node test.self_healing_pipeline.unique_daily_weather_summary_day.3ac2b955ee
[0m22:25:51.473854 [debug] [Thread-3 (]: Finished running node test.self_healing_pipeline.not_null_stg_weather_humidity_pct.2b05ac1847
[0m22:25:51.501486 [debug] [Thread-4 (]: Writing injected SQL for node "test.self_healing_pipeline.unique_daily_weather_summary_day.3ac2b955ee"
[0m22:25:51.506303 [debug] [Thread-1 (]: Began executing node test.self_healing_pipeline.not_null_stg_weather_ts.4f82cf9d8b
[0m22:25:51.522101 [debug] [Thread-1 (]: Writing runtime sql for node "test.self_healing_pipeline.not_null_stg_weather_ts.4f82cf9d8b"
[0m22:25:51.523468 [debug] [Thread-4 (]: Began executing node test.self_healing_pipeline.unique_daily_weather_summary_day.3ac2b955ee
[0m22:25:51.532154 [debug] [Thread-4 (]: Writing runtime sql for node "test.self_healing_pipeline.unique_daily_weather_summary_day.3ac2b955ee"
[0m22:25:51.534131 [debug] [Thread-1 (]: Using postgres connection "test.self_healing_pipeline.not_null_stg_weather_ts.4f82cf9d8b"
[0m22:25:51.535770 [debug] [Thread-1 (]: On test.self_healing_pipeline.not_null_stg_weather_ts.4f82cf9d8b: BEGIN
[0m22:25:51.537405 [debug] [Thread-4 (]: Using postgres connection "test.self_healing_pipeline.unique_daily_weather_summary_day.3ac2b955ee"
[0m22:25:51.538677 [debug] [Thread-1 (]: Opening a new connection, currently in state closed
[0m22:25:51.539911 [debug] [Thread-4 (]: On test.self_healing_pipeline.unique_daily_weather_summary_day.3ac2b955ee: BEGIN
[0m22:25:51.541448 [debug] [Thread-4 (]: Opening a new connection, currently in state closed
[0m22:25:51.717080 [debug] [Thread-4 (]: SQL status: BEGIN in 0.176 seconds
[0m22:25:51.718451 [debug] [Thread-4 (]: Using postgres connection "test.self_healing_pipeline.unique_daily_weather_summary_day.3ac2b955ee"
[0m22:25:51.719890 [debug] [Thread-4 (]: On test.self_healing_pipeline.unique_daily_weather_summary_day.3ac2b955ee: /* {"app": "dbt", "dbt_version": "1.8.2", "profile_name": "self_healing_pipeline", "target_name": "dev", "node_id": "test.self_healing_pipeline.unique_daily_weather_summary_day.3ac2b955ee"} */
select
      count(*) as failures,
      count(*) != 0 as should_warn,
      count(*) != 0 as should_error
    from (
      
    
    

select
    day as unique_field,
    count(*) as n_records

from "shp"."public"."daily_weather_summary"
where day is not null
group by day
having count(*) > 1



      
    ) dbt_internal_test
[0m22:25:51.729161 [debug] [Thread-1 (]: SQL status: BEGIN in 0.190 seconds
[0m22:25:51.730440 [debug] [Thread-1 (]: Using postgres connection "test.self_healing_pipeline.not_null_stg_weather_ts.4f82cf9d8b"
[0m22:25:51.731728 [debug] [Thread-1 (]: On test.self_healing_pipeline.not_null_stg_weather_ts.4f82cf9d8b: /* {"app": "dbt", "dbt_version": "1.8.2", "profile_name": "self_healing_pipeline", "target_name": "dev", "node_id": "test.self_healing_pipeline.not_null_stg_weather_ts.4f82cf9d8b"} */
select
      count(*) as failures,
      count(*) != 0 as should_warn,
      count(*) != 0 as should_error
    from (
      
    
    



select ts
from "shp"."public"."stg_weather"
where ts is null



      
    ) dbt_internal_test
[0m22:25:51.739543 [debug] [Thread-4 (]: SQL status: SELECT 1 in 0.018 seconds
[0m22:25:51.745836 [debug] [Thread-4 (]: On test.self_healing_pipeline.unique_daily_weather_summary_day.3ac2b955ee: ROLLBACK
[0m22:25:51.747100 [debug] [Thread-1 (]: SQL status: SELECT 1 in 0.014 seconds
[0m22:25:51.751039 [debug] [Thread-1 (]: On test.self_healing_pipeline.not_null_stg_weather_ts.4f82cf9d8b: ROLLBACK
[0m22:25:51.784526 [debug] [Thread-1 (]: On test.self_healing_pipeline.not_null_stg_weather_ts.4f82cf9d8b: Close
[0m22:25:51.785630 [debug] [Thread-4 (]: On test.self_healing_pipeline.unique_daily_weather_summary_day.3ac2b955ee: Close
[0m22:25:51.787386 [info ] [Thread-1 (]: 5 of 6 PASS not_null_stg_weather_ts ............................................ [[32mPASS[0m in 0.34s]
[0m22:25:51.791864 [debug] [Thread-1 (]: Finished running node test.self_healing_pipeline.not_null_stg_weather_ts.4f82cf9d8b
[0m22:25:51.788875 [info ] [Thread-4 (]: 6 of 6 PASS unique_daily_weather_summary_day ................................... [[32mPASS[0m in 0.33s]
[0m22:25:51.798177 [debug] [Thread-4 (]: Finished running node test.self_healing_pipeline.unique_daily_weather_summary_day.3ac2b955ee
[0m22:25:51.801298 [debug] [MainThread]: Using postgres connection "master"
[0m22:25:51.802195 [debug] [MainThread]: On master: BEGIN
[0m22:25:51.803016 [debug] [MainThread]: Opening a new connection, currently in state closed
[0m22:25:51.849653 [debug] [MainThread]: SQL status: BEGIN in 0.047 seconds
[0m22:25:51.850797 [debug] [MainThread]: On master: COMMIT
[0m22:25:51.852063 [debug] [MainThread]: Using postgres connection "master"
[0m22:25:51.853123 [debug] [MainThread]: On master: COMMIT
[0m22:25:51.855800 [debug] [MainThread]: SQL status: COMMIT in 0.002 seconds
[0m22:25:51.856816 [debug] [MainThread]: On master: Close
[0m22:25:51.857936 [debug] [MainThread]: Connection 'master' was properly closed.
[0m22:25:51.860320 [debug] [MainThread]: Connection 'list_shp_public' was properly closed.
[0m22:25:51.861589 [debug] [MainThread]: Connection 'test.self_healing_pipeline.not_null_stg_weather_ts.4f82cf9d8b' was properly closed.
[0m22:25:51.862930 [debug] [MainThread]: Connection 'test.self_healing_pipeline.unique_daily_weather_summary_day.3ac2b955ee' was properly closed.
[0m22:25:51.864691 [debug] [MainThread]: Connection 'test.self_healing_pipeline.not_null_daily_weather_summary_reading_count.a3aae03769' was properly closed.
[0m22:25:51.865781 [debug] [MainThread]: Connection 'test.self_healing_pipeline.not_null_stg_weather_humidity_pct.2b05ac1847' was properly closed.
[0m22:25:51.867357 [info ] [MainThread]: 
[0m22:25:51.868753 [info ] [MainThread]: Finished running 6 data tests in 0 hours 0 minutes and 1.16 seconds (1.16s).
[0m22:25:51.873993 [debug] [MainThread]: Command end result
[0m22:25:52.013699 [info ] [MainThread]: 
[0m22:25:52.015442 [info ] [MainThread]: [32mCompleted successfully[0m
[0m22:25:52.016723 [info ] [MainThread]: 
[0m22:25:52.017933 [info ] [MainThread]: Done. PASS=6 WARN=0 ERROR=0 SKIP=0 TOTAL=6
[0m22:25:52.020814 [debug] [MainThread]: Command `dbt test` succeeded at 22:25:52.020437 after 4.24 seconds
[0m22:25:52.022007 [debug] [MainThread]: Sending event: {'category': 'dbt', 'action': 'invocation', 'label': 'end', 'context': [<snowplow_tracker.self_describing_json.SelfDescribingJson object at 0x000001ED9F48D190>, <snowplow_tracker.self_describing_json.SelfDescribingJson object at 0x000001EDA0BC6200>, <snowplow_tracker.self_describing_json.SelfDescribingJson object at 0x000001EDA0BC5020>]}
[0m22:25:52.023273 [debug] [MainThread]: Flushing usage events
[0m22:26:10.096426 [debug] [MainThread]: Sending event: {'category': 'dbt', 'action': 'invocation', 'label': 'start', 'context': [<snowplow_tracker.self_describing_json.SelfDescribingJson object at 0x0000026C3F65BE00>, <snowplow_tracker.self_describing_json.SelfDescribingJson object at 0x0000026C3F255E50>, <snowplow_tracker.self_describing_json.SelfDescribingJson object at 0x0000026C3E43C910>]}


============================== 22:26:10.107890 | aa950096-d8ed-437d-8404-0f0d27fba54c ==============================
[0m22:26:10.107890 [info ] [MainThread]: Running with dbt=1.8.2
[0m22:26:10.110606 [debug] [MainThread]: running dbt with arguments {'printer_width': '80', 'indirect_selection': 'eager', 'write_json': 'True', 'log_cache_events': 'False', 'partial_parse': 'True', 'cache_selected_only': 'False', 'profiles_dir': 'C:\\Users\\Qc\\Desktop\\self-healing-pipeline\\transform\\dbt_project', 'version_check': 'True', 'debug': 'False', 'log_path': 'C:\\Users\\Qc\\Desktop\\self-healing-pipeline\\transform\\dbt_project\\logs', 'fail_fast': 'False', 'warn_error': 'None', 'use_colors': 'True', 'use_experimental_parser': 'False', 'no_print': 'None', 'quiet': 'False', 'warn_error_options': 'WarnErrorOptions(include=[], exclude=[])', 'invocation_command': 'dbt run --target staging_verify', 'static_parser': 'True', 'introspect': 'True', 'target_path': 'None', 'log_format': 'default', 'send_anonymous_usage_stats': 'True'}
[0m22:26:11.325340 [debug] [MainThread]: Sending event: {'category': 'dbt', 'action': 'project_id', 'label': 'aa950096-d8ed-437d-8404-0f0d27fba54c', 'context': [<snowplow_tracker.self_describing_json.SelfDescribingJson object at 0x0000026C4242F360>]}
[0m22:26:11.623024 [debug] [MainThread]: Sending event: {'category': 'dbt', 'action': 'adapter_info', 'label': 'aa950096-d8ed-437d-8404-0f0d27fba54c', 'context': [<snowplow_tracker.self_describing_json.SelfDescribingJson object at 0x0000026C422187C0>]}
[0m22:26:11.626230 [info ] [MainThread]: Registered adapter: postgres=1.8.2
[0m22:26:12.414084 [debug] [MainThread]: checksum: 1ce49185813d157258f4b6929effd3c140ce815a450235fd09955f03057e6df0, vars: {}, profile: , target: staging_verify, version: 1.8.2
[0m22:26:13.330883 [info ] [MainThread]: Unable to do partial parsing because config vars, config profile, or config target have changed
[0m22:26:13.334451 [debug] [MainThread]: previous checksum: 1ce49185813d157258f4b6929effd3c140ce815a450235fd09955f03057e6df0, current checksum: f0a141b9de567cb7f131613ba2682f40b3a1c6a157f81c6e5435862eff68f109
[0m22:26:13.335965 [info ] [MainThread]: Unable to do partial parsing because profile has changed
[0m22:26:13.337881 [debug] [MainThread]: Sending event: {'category': 'dbt', 'action': 'partial_parser', 'label': 'aa950096-d8ed-437d-8404-0f0d27fba54c', 'context': [<snowplow_tracker.self_describing_json.SelfDescribingJson object at 0x0000026C423D7A50>]}
[0m22:26:18.116787 [warn ] [MainThread]: [[33mWARNING[0m]: Deprecated functionality
The `tests` config has been renamed to `data_tests`. Please see
https://docs.getdbt.com/docs/build/data-tests#new-data_tests-syntax for more
information.
[0m22:26:18.117534 [debug] [MainThread]: Sending event: {'category': 'dbt', 'action': 'deprecation', 'label': 'aa950096-d8ed-437d-8404-0f0d27fba54c', 'property_': 'warn', 'context': [<snowplow_tracker.self_describing_json.SelfDescribingJson object at 0x0000026C425FE8A0>]}
[0m22:26:19.069446 [error] [MainThread]: Encountered an error:
Compilation Error
  Model 'model.self_healing_pipeline.stg_weather' (models\staging\stg_weather.sql) depends on a node named 'raw_temperature' which was not found
[0m22:26:19.072661 [debug] [MainThread]: Command `dbt run` failed at 22:26:19.072304 after 9.44 seconds
[0m22:26:19.073763 [debug] [MainThread]: Sending event: {'category': 'dbt', 'action': 'invocation', 'label': 'end', 'context': [<snowplow_tracker.self_describing_json.SelfDescribingJson object at 0x0000026C42123D90>, <snowplow_tracker.self_describing_json.SelfDescribingJson object at 0x0000026C4399DA90>, <snowplow_tracker.self_describing_json.SelfDescribingJson object at 0x0000026C437AC600>]}
[0m22:26:19.074832 [debug] [MainThread]: Flushing usage events
[0m22:27:17.184674 [debug] [MainThread]: Sending event: {'category': 'dbt', 'action': 'invocation', 'label': 'start', 'context': [<snowplow_tracker.self_describing_json.SelfDescribingJson object at 0x0000024D149EBE00>, <snowplow_tracker.self_describing_json.SelfDescribingJson object at 0x0000024D145E5E50>, <snowplow_tracker.self_describing_json.SelfDescribingJson object at 0x0000024D137CC910>]}


============================== 22:27:17.198054 | 5d716b2e-c4c5-43a3-b1f9-70e13a866671 ==============================
[0m22:27:17.198054 [info ] [MainThread]: Running with dbt=1.8.2
[0m22:27:17.200065 [debug] [MainThread]: running dbt with arguments {'printer_width': '80', 'indirect_selection': 'eager', 'write_json': 'True', 'log_cache_events': 'False', 'partial_parse': 'True', 'cache_selected_only': 'False', 'profiles_dir': 'C:\\Users\\Qc\\Desktop\\self-healing-pipeline\\transform\\dbt_project', 'version_check': 'True', 'debug': 'False', 'log_path': 'C:\\Users\\Qc\\Desktop\\self-healing-pipeline\\transform\\dbt_project\\logs', 'warn_error': 'None', 'fail_fast': 'False', 'use_colors': 'True', 'use_experimental_parser': 'False', 'no_print': 'None', 'quiet': 'False', 'warn_error_options': 'WarnErrorOptions(include=[], exclude=[])', 'introspect': 'True', 'static_parser': 'True', 'invocation_command': 'dbt run', 'target_path': 'None', 'log_format': 'default', 'send_anonymous_usage_stats': 'True'}
[0m22:27:18.059851 [debug] [MainThread]: Sending event: {'category': 'dbt', 'action': 'project_id', 'label': '5d716b2e-c4c5-43a3-b1f9-70e13a866671', 'context': [<snowplow_tracker.self_describing_json.SelfDescribingJson object at 0x0000024D177CF360>]}
[0m22:27:18.380487 [debug] [MainThread]: Sending event: {'category': 'dbt', 'action': 'adapter_info', 'label': '5d716b2e-c4c5-43a3-b1f9-70e13a866671', 'context': [<snowplow_tracker.self_describing_json.SelfDescribingJson object at 0x0000024D175A87C0>]}
[0m22:27:18.398719 [info ] [MainThread]: Registered adapter: postgres=1.8.2
[0m22:27:19.298746 [debug] [MainThread]: checksum: f0a141b9de567cb7f131613ba2682f40b3a1c6a157f81c6e5435862eff68f109, vars: {}, profile: , target: , version: 1.8.2
[0m22:27:20.250945 [debug] [MainThread]: Partial parsing enabled: 0 files deleted, 0 files added, 0 files changed.
[0m22:27:20.252157 [debug] [MainThread]: Partial parsing enabled, no changes found, skipping parsing
[0m22:27:20.469209 [debug] [MainThread]: Sending event: {'category': 'dbt', 'action': 'load_project', 'label': '5d716b2e-c4c5-43a3-b1f9-70e13a866671', 'context': [<snowplow_tracker.self_describing_json.SelfDescribingJson object at 0x0000024D18BF8550>]}
[0m22:27:20.976240 [debug] [MainThread]: Sending event: {'category': 'dbt', 'action': 'resource_counts', 'label': '5d716b2e-c4c5-43a3-b1f9-70e13a866671', 'context': [<snowplow_tracker.self_describing_json.SelfDescribingJson object at 0x0000024D1791FE30>]}
[0m22:27:20.977847 [info ] [MainThread]: Found 2 models, 6 data tests, 1 source, 428 macros
[0m22:27:20.979147 [debug] [MainThread]: Sending event: {'category': 'dbt', 'action': 'runnable_timing', 'label': '5d716b2e-c4c5-43a3-b1f9-70e13a866671', 'context': [<snowplow_tracker.self_describing_json.SelfDescribingJson object at 0x0000024D18C25E10>]}
[0m22:27:20.985223 [info ] [MainThread]: 
[0m22:27:20.986902 [debug] [MainThread]: Acquiring new postgres connection 'master'
[0m22:27:20.991386 [debug] [ThreadPool]: Acquiring new postgres connection 'list_shp'
[0m22:27:21.247481 [debug] [ThreadPool]: Using postgres connection "list_shp"
[0m22:27:21.248634 [debug] [ThreadPool]: On list_shp: /* {"app": "dbt", "dbt_version": "1.8.2", "profile_name": "self_healing_pipeline", "target_name": "dev", "connection_name": "list_shp"} */

    select distinct nspname from pg_namespace
  
[0m22:27:21.249796 [debug] [ThreadPool]: Opening a new connection, currently in state init
[0m22:27:21.300582 [debug] [ThreadPool]: SQL status: SELECT 5 in 0.051 seconds
[0m22:27:21.304499 [debug] [ThreadPool]: On list_shp: Close
[0m22:27:21.319125 [debug] [ThreadPool]: Acquiring new postgres connection 'list_shp_public'
[0m22:27:21.347497 [debug] [ThreadPool]: Using postgres connection "list_shp_public"
[0m22:27:21.348861 [debug] [ThreadPool]: On list_shp_public: BEGIN
[0m22:27:21.351510 [debug] [ThreadPool]: Opening a new connection, currently in state init
[0m22:27:21.417110 [debug] [ThreadPool]: SQL status: BEGIN in 0.066 seconds
[0m22:27:21.418311 [debug] [ThreadPool]: Using postgres connection "list_shp_public"
[0m22:27:21.419696 [debug] [ThreadPool]: On list_shp_public: /* {"app": "dbt", "dbt_version": "1.8.2", "profile_name": "self_healing_pipeline", "target_name": "dev", "connection_name": "list_shp_public"} */
select
      'shp' as database,
      tablename as name,
      schemaname as schema,
      'table' as type
    from pg_tables
    where schemaname ilike 'public'
    union all
    select
      'shp' as database,
      viewname as name,
      schemaname as schema,
      'view' as type
    from pg_views
    where schemaname ilike 'public'
    union all
    select
      'shp' as database,
      matviewname as name,
      schemaname as schema,
      'materialized_view' as type
    from pg_matviews
    where schemaname ilike 'public'
  
[0m22:27:21.432983 [debug] [ThreadPool]: SQL status: SELECT 4 in 0.012 seconds
[0m22:27:21.436814 [debug] [ThreadPool]: On list_shp_public: ROLLBACK
[0m22:27:21.445858 [debug] [ThreadPool]: On list_shp_public: Close
[0m22:27:21.462540 [debug] [MainThread]: Using postgres connection "master"
[0m22:27:21.463670 [debug] [MainThread]: On master: BEGIN
[0m22:27:21.464707 [debug] [MainThread]: Opening a new connection, currently in state init
[0m22:27:21.550895 [debug] [MainThread]: SQL status: BEGIN in 0.086 seconds
[0m22:27:21.552176 [debug] [MainThread]: Using postgres connection "master"
[0m22:27:21.554194 [debug] [MainThread]: On master: /* {"app": "dbt", "dbt_version": "1.8.2", "profile_name": "self_healing_pipeline", "target_name": "dev", "connection_name": "master"} */
with relation as (
        select
            pg_rewrite.ev_class as class,
            pg_rewrite.oid as id
        from pg_rewrite
    ),
    class as (
        select
            oid as id,
            relname as name,
            relnamespace as schema,
            relkind as kind
        from pg_class
    ),
    dependency as (
        select distinct
            pg_depend.objid as id,
            pg_depend.refobjid as ref
        from pg_depend
    ),
    schema as (
        select
            pg_namespace.oid as id,
            pg_namespace.nspname as name
        from pg_namespace
        where nspname != 'information_schema' and nspname not like 'pg\_%'
    ),
    referenced as (
        select
            relation.id AS id,
            referenced_class.name ,
            referenced_class.schema ,
            referenced_class.kind
        from relation
        join class as referenced_class on relation.class=referenced_class.id
        where referenced_class.kind in ('r', 'v', 'm')
    ),
    relationships as (
        select
            referenced.name as referenced_name,
            referenced.schema as referenced_schema_id,
            dependent_class.name as dependent_name,
            dependent_class.schema as dependent_schema_id,
            referenced.kind as kind
        from referenced
        join dependency on referenced.id=dependency.id
        join class as dependent_class on dependency.ref=dependent_class.id
        where
            (referenced.name != dependent_class.name or
             referenced.schema != dependent_class.schema)
    )

    select
        referenced_schema.name as referenced_schema,
        relationships.referenced_name as referenced_name,
        dependent_schema.name as dependent_schema,
        relationships.dependent_name as dependent_name
    from relationships
    join schema as dependent_schema on relationships.dependent_schema_id=dependent_schema.id
    join schema as referenced_schema on relationships.referenced_schema_id=referenced_schema.id
    group by referenced_schema, referenced_name, dependent_schema, dependent_name
    order by referenced_schema, referenced_name, dependent_schema, dependent_name;
[0m22:27:21.587021 [debug] [MainThread]: SQL status: SELECT 2 in 0.031 seconds
[0m22:27:21.593651 [debug] [MainThread]: Sending event: {'category': 'dbt', 'action': 'runnable_timing', 'label': '5d716b2e-c4c5-43a3-b1f9-70e13a866671', 'context': [<snowplow_tracker.self_describing_json.SelfDescribingJson object at 0x0000024D18E960D0>]}
[0m22:27:21.594973 [debug] [MainThread]: On master: ROLLBACK
[0m22:27:21.598180 [debug] [MainThread]: Using postgres connection "master"
[0m22:27:21.599479 [debug] [MainThread]: On master: BEGIN
[0m22:27:21.604033 [debug] [MainThread]: SQL status: BEGIN in 0.003 seconds
[0m22:27:21.605414 [debug] [MainThread]: On master: COMMIT
[0m22:27:21.606784 [debug] [MainThread]: Using postgres connection "master"
[0m22:27:21.607936 [debug] [MainThread]: On master: COMMIT
[0m22:27:21.614348 [debug] [MainThread]: SQL status: COMMIT in 0.005 seconds
[0m22:27:21.615507 [debug] [MainThread]: On master: Close
[0m22:27:21.617033 [info ] [MainThread]: Concurrency: 4 threads (target='dev')
[0m22:27:21.618322 [info ] [MainThread]: 
[0m22:27:21.634709 [debug] [Thread-1 (]: Began running node model.self_healing_pipeline.daily_weather_summary
[0m22:27:21.636414 [info ] [Thread-1 (]: 1 of 1 START sql table model public.daily_weather_summary ...................... [RUN]
[0m22:27:21.638565 [debug] [Thread-1 (]: Acquiring new postgres connection 'model.self_healing_pipeline.daily_weather_summary'
[0m22:27:21.641286 [debug] [Thread-1 (]: Began compiling node model.self_healing_pipeline.daily_weather_summary
[0m22:27:21.669710 [debug] [Thread-1 (]: Writing injected SQL for node "model.self_healing_pipeline.daily_weather_summary"
[0m22:27:21.676781 [debug] [Thread-1 (]: Began executing node model.self_healing_pipeline.daily_weather_summary
[0m22:27:22.013601 [debug] [Thread-1 (]: Writing runtime sql for node "model.self_healing_pipeline.daily_weather_summary"
[0m22:27:22.028706 [debug] [Thread-1 (]: Using postgres connection "model.self_healing_pipeline.daily_weather_summary"
[0m22:27:22.030075 [debug] [Thread-1 (]: On model.self_healing_pipeline.daily_weather_summary: BEGIN
[0m22:27:22.031310 [debug] [Thread-1 (]: Opening a new connection, currently in state init
[0m22:27:22.160706 [debug] [Thread-1 (]: SQL status: BEGIN in 0.129 seconds
[0m22:27:22.161915 [debug] [Thread-1 (]: Using postgres connection "model.self_healing_pipeline.daily_weather_summary"
[0m22:27:22.163302 [debug] [Thread-1 (]: On model.self_healing_pipeline.daily_weather_summary: /* {"app": "dbt", "dbt_version": "1.8.2", "profile_name": "self_healing_pipeline", "target_name": "dev", "node_id": "model.self_healing_pipeline.daily_weather_summary"} */

  
    

  create  table "shp"."public"."daily_weather_summary__dbt_tmp"
  
  
    as
  
  (
    select
    date_trunc('day', ts)              as day,
    avg(temperature_c)                 as avg_temp_c,
    min(temperature_c)                 as min_temp_c,
    max(temperature_c)                 as max_temp_c,
    avg(humidity_pct)                  as avg_humidity_pct,
    sum(precipitation_mm)              as total_precipitation_mm,
    count(*)                           as reading_count
from "shp"."public"."stg_weather"
group by 1
  );
  
[0m22:27:22.208174 [debug] [Thread-1 (]: SQL status: SELECT 0 in 0.043 seconds
[0m22:27:22.229804 [debug] [Thread-1 (]: Using postgres connection "model.self_healing_pipeline.daily_weather_summary"
[0m22:27:22.231131 [debug] [Thread-1 (]: On model.self_healing_pipeline.daily_weather_summary: /* {"app": "dbt", "dbt_version": "1.8.2", "profile_name": "self_healing_pipeline", "target_name": "dev", "node_id": "model.self_healing_pipeline.daily_weather_summary"} */
alter table "shp"."public"."daily_weather_summary" rename to "daily_weather_summary__dbt_backup"
[0m22:27:22.268117 [debug] [Thread-1 (]: SQL status: ALTER TABLE in 0.036 seconds
[0m22:27:22.278460 [debug] [Thread-1 (]: Using postgres connection "model.self_healing_pipeline.daily_weather_summary"
[0m22:27:22.280055 [debug] [Thread-1 (]: On model.self_healing_pipeline.daily_weather_summary: /* {"app": "dbt", "dbt_version": "1.8.2", "profile_name": "self_healing_pipeline", "target_name": "dev", "node_id": "model.self_healing_pipeline.daily_weather_summary"} */
alter table "shp"."public"."daily_weather_summary__dbt_tmp" rename to "daily_weather_summary"
[0m22:27:22.361551 [debug] [Thread-1 (]: SQL status: ALTER TABLE in 0.080 seconds
[0m22:27:22.432095 [debug] [Thread-1 (]: On model.self_healing_pipeline.daily_weather_summary: COMMIT
[0m22:27:22.433622 [debug] [Thread-1 (]: Using postgres connection "model.self_healing_pipeline.daily_weather_summary"
[0m22:27:22.435134 [debug] [Thread-1 (]: On model.self_healing_pipeline.daily_weather_summary: COMMIT
[0m22:27:22.459441 [debug] [Thread-1 (]: SQL status: COMMIT in 0.023 seconds
[0m22:27:22.479147 [debug] [Thread-1 (]: Applying DROP to: "shp"."public"."daily_weather_summary__dbt_backup"
[0m22:27:22.496295 [debug] [Thread-1 (]: Using postgres connection "model.self_healing_pipeline.daily_weather_summary"
[0m22:27:22.497819 [debug] [Thread-1 (]: On model.self_healing_pipeline.daily_weather_summary: /* {"app": "dbt", "dbt_version": "1.8.2", "profile_name": "self_healing_pipeline", "target_name": "dev", "node_id": "model.self_healing_pipeline.daily_weather_summary"} */
drop table if exists "shp"."public"."daily_weather_summary__dbt_backup" cascade
[0m22:27:22.511204 [debug] [Thread-1 (]: SQL status: DROP TABLE in 0.012 seconds
[0m22:27:22.518891 [debug] [Thread-1 (]: On model.self_healing_pipeline.daily_weather_summary: Close
[0m22:27:22.525382 [debug] [Thread-1 (]: Sending event: {'category': 'dbt', 'action': 'run_model', 'label': '5d716b2e-c4c5-43a3-b1f9-70e13a866671', 'context': [<snowplow_tracker.self_describing_json.SelfDescribingJson object at 0x0000024D18C96990>]}
[0m22:27:22.528053 [info ] [Thread-1 (]: 1 of 1 OK created sql table model public.daily_weather_summary ................. [[32mSELECT 0[0m in 0.88s]
[0m22:27:22.530520 [debug] [Thread-1 (]: Finished running node model.self_healing_pipeline.daily_weather_summary
[0m22:27:22.534379 [debug] [MainThread]: Using postgres connection "master"
[0m22:27:22.535679 [debug] [MainThread]: On master: BEGIN
[0m22:27:22.536861 [debug] [MainThread]: Opening a new connection, currently in state closed
[0m22:27:22.578161 [debug] [MainThread]: SQL status: BEGIN in 0.041 seconds
[0m22:27:22.579287 [debug] [MainThread]: On master: COMMIT
[0m22:27:22.580441 [debug] [MainThread]: Using postgres connection "master"
[0m22:27:22.581597 [debug] [MainThread]: On master: COMMIT
[0m22:27:22.584367 [debug] [MainThread]: SQL status: COMMIT in 0.002 seconds
[0m22:27:22.585560 [debug] [MainThread]: On master: Close
[0m22:27:22.587002 [debug] [MainThread]: Connection 'master' was properly closed.
[0m22:27:22.588227 [debug] [MainThread]: Connection 'list_shp' was properly closed.
[0m22:27:22.589591 [debug] [MainThread]: Connection 'list_shp_public' was properly closed.
[0m22:27:22.590771 [debug] [MainThread]: Connection 'model.self_healing_pipeline.daily_weather_summary' was properly closed.
[0m22:27:22.592048 [info ] [MainThread]: 
[0m22:27:22.593591 [info ] [MainThread]: Finished running 1 table model in 0 hours 0 minutes and 1.61 seconds (1.61s).
[0m22:27:22.595892 [debug] [MainThread]: Command end result
[0m22:27:22.698195 [info ] [MainThread]: 
[0m22:27:22.699793 [info ] [MainThread]: [32mCompleted successfully[0m
[0m22:27:22.701349 [info ] [MainThread]: 
[0m22:27:22.704435 [info ] [MainThread]: Done. PASS=1 WARN=0 ERROR=0 SKIP=0 TOTAL=1
[0m22:27:22.708531 [debug] [MainThread]: Command `dbt run` succeeded at 22:27:22.708072 after 6.30 seconds
[0m22:27:22.709803 [debug] [MainThread]: Sending event: {'category': 'dbt', 'action': 'invocation', 'label': 'end', 'context': [<snowplow_tracker.self_describing_json.SelfDescribingJson object at 0x0000024D18C4F960>, <snowplow_tracker.self_describing_json.SelfDescribingJson object at 0x0000024D18F87BB0>, <snowplow_tracker.self_describing_json.SelfDescribingJson object at 0x0000024D18F87930>]}
[0m22:27:22.710925 [debug] [MainThread]: Flushing usage events
[0m22:27:31.497491 [debug] [MainThread]: Sending event: {'category': 'dbt', 'action': 'invocation', 'label': 'start', 'context': [<snowplow_tracker.self_describing_json.SelfDescribingJson object at 0x00000290DCC4BE00>, <snowplow_tracker.self_describing_json.SelfDescribingJson object at 0x00000290DC845E50>, <snowplow_tracker.self_describing_json.SelfDescribingJson object at 0x00000290DBA2C910>]}


============================== 22:27:31.516650 | bf7bbf29-cd0c-475b-aa99-e3df142ccf4e ==============================
[0m22:27:31.516650 [info ] [MainThread]: Running with dbt=1.8.2
[0m22:27:31.518279 [debug] [MainThread]: running dbt with arguments {'printer_width': '80', 'indirect_selection': 'eager', 'log_cache_events': 'False', 'write_json': 'True', 'partial_parse': 'True', 'cache_selected_only': 'False', 'profiles_dir': 'C:\\Users\\Qc\\Desktop\\self-healing-pipeline\\transform\\dbt_project', 'fail_fast': 'False', 'debug': 'False', 'log_path': 'C:\\Users\\Qc\\Desktop\\self-healing-pipeline\\transform\\dbt_project\\logs', 'version_check': 'True', 'warn_error': 'None', 'use_colors': 'True', 'use_experimental_parser': 'False', 'no_print': 'None', 'quiet': 'False', 'warn_error_options': 'WarnErrorOptions(include=[], exclude=[])', 'invocation_command': 'dbt test', 'introspect': 'True', 'static_parser': 'True', 'target_path': 'None', 'log_format': 'default', 'send_anonymous_usage_stats': 'True'}
[0m22:27:32.397964 [debug] [MainThread]: Sending event: {'category': 'dbt', 'action': 'project_id', 'label': 'bf7bbf29-cd0c-475b-aa99-e3df142ccf4e', 'context': [<snowplow_tracker.self_describing_json.SelfDescribingJson object at 0x00000290DFA2F360>]}
[0m22:27:32.612358 [debug] [MainThread]: Sending event: {'category': 'dbt', 'action': 'adapter_info', 'label': 'bf7bbf29-cd0c-475b-aa99-e3df142ccf4e', 'context': [<snowplow_tracker.self_describing_json.SelfDescribingJson object at 0x00000290DF8087C0>]}
[0m22:27:32.615904 [info ] [MainThread]: Registered adapter: postgres=1.8.2
[0m22:27:33.228339 [debug] [MainThread]: checksum: f0a141b9de567cb7f131613ba2682f40b3a1c6a157f81c6e5435862eff68f109, vars: {}, profile: , target: , version: 1.8.2
[0m22:27:34.051214 [debug] [MainThread]: Partial parsing enabled: 0 files deleted, 0 files added, 0 files changed.
[0m22:27:34.059641 [debug] [MainThread]: Partial parsing enabled, no changes found, skipping parsing
[0m22:27:34.471746 [debug] [MainThread]: Sending event: {'category': 'dbt', 'action': 'load_project', 'label': 'bf7bbf29-cd0c-475b-aa99-e3df142ccf4e', 'context': [<snowplow_tracker.self_describing_json.SelfDescribingJson object at 0x00000290E0E58550>]}
[0m22:27:34.934203 [debug] [MainThread]: Sending event: {'category': 'dbt', 'action': 'resource_counts', 'label': 'bf7bbf29-cd0c-475b-aa99-e3df142ccf4e', 'context': [<snowplow_tracker.self_describing_json.SelfDescribingJson object at 0x00000290E0F41400>]}
[0m22:27:34.935793 [info ] [MainThread]: Found 2 models, 6 data tests, 1 source, 428 macros
[0m22:27:34.937525 [debug] [MainThread]: Sending event: {'category': 'dbt', 'action': 'runnable_timing', 'label': 'bf7bbf29-cd0c-475b-aa99-e3df142ccf4e', 'context': [<snowplow_tracker.self_describing_json.SelfDescribingJson object at 0x00000290E0F65FD0>]}
[0m22:27:34.940561 [info ] [MainThread]: 
[0m22:27:34.941472 [debug] [MainThread]: Acquiring new postgres connection 'master'
[0m22:27:34.948120 [debug] [ThreadPool]: Acquiring new postgres connection 'list_shp_public'
[0m22:27:35.123270 [debug] [ThreadPool]: Using postgres connection "list_shp_public"
[0m22:27:35.124388 [debug] [ThreadPool]: On list_shp_public: BEGIN
[0m22:27:35.124953 [debug] [ThreadPool]: Opening a new connection, currently in state init
[0m22:27:35.162279 [debug] [ThreadPool]: SQL status: BEGIN in 0.037 seconds
[0m22:27:35.163575 [debug] [ThreadPool]: Using postgres connection "list_shp_public"
[0m22:27:35.164550 [debug] [ThreadPool]: On list_shp_public: /* {"app": "dbt", "dbt_version": "1.8.2", "profile_name": "self_healing_pipeline", "target_name": "dev", "connection_name": "list_shp_public"} */
select
      'shp' as database,
      tablename as name,
      schemaname as schema,
      'table' as type
    from pg_tables
    where schemaname ilike 'public'
    union all
    select
      'shp' as database,
      viewname as name,
      schemaname as schema,
      'view' as type
    from pg_views
    where schemaname ilike 'public'
    union all
    select
      'shp' as database,
      matviewname as name,
      schemaname as schema,
      'materialized_view' as type
    from pg_matviews
    where schemaname ilike 'public'
  
[0m22:27:35.170724 [debug] [ThreadPool]: SQL status: SELECT 4 in 0.005 seconds
[0m22:27:35.173806 [debug] [ThreadPool]: On list_shp_public: ROLLBACK
[0m22:27:35.176005 [debug] [ThreadPool]: On list_shp_public: Close
[0m22:27:35.188827 [debug] [MainThread]: Using postgres connection "master"
[0m22:27:35.189841 [debug] [MainThread]: On master: BEGIN
[0m22:27:35.190735 [debug] [MainThread]: Opening a new connection, currently in state init
[0m22:27:35.218999 [debug] [MainThread]: SQL status: BEGIN in 0.028 seconds
[0m22:27:35.220177 [debug] [MainThread]: Using postgres connection "master"
[0m22:27:35.220933 [debug] [MainThread]: On master: /* {"app": "dbt", "dbt_version": "1.8.2", "profile_name": "self_healing_pipeline", "target_name": "dev", "connection_name": "master"} */
with relation as (
        select
            pg_rewrite.ev_class as class,
            pg_rewrite.oid as id
        from pg_rewrite
    ),
    class as (
        select
            oid as id,
            relname as name,
            relnamespace as schema,
            relkind as kind
        from pg_class
    ),
    dependency as (
        select distinct
            pg_depend.objid as id,
            pg_depend.refobjid as ref
        from pg_depend
    ),
    schema as (
        select
            pg_namespace.oid as id,
            pg_namespace.nspname as name
        from pg_namespace
        where nspname != 'information_schema' and nspname not like 'pg\_%'
    ),
    referenced as (
        select
            relation.id AS id,
            referenced_class.name ,
            referenced_class.schema ,
            referenced_class.kind
        from relation
        join class as referenced_class on relation.class=referenced_class.id
        where referenced_class.kind in ('r', 'v', 'm')
    ),
    relationships as (
        select
            referenced.name as referenced_name,
            referenced.schema as referenced_schema_id,
            dependent_class.name as dependent_name,
            dependent_class.schema as dependent_schema_id,
            referenced.kind as kind
        from referenced
        join dependency on referenced.id=dependency.id
        join class as dependent_class on dependency.ref=dependent_class.id
        where
            (referenced.name != dependent_class.name or
             referenced.schema != dependent_class.schema)
    )

    select
        referenced_schema.name as referenced_schema,
        relationships.referenced_name as referenced_name,
        dependent_schema.name as dependent_schema,
        relationships.dependent_name as dependent_name
    from relationships
    join schema as dependent_schema on relationships.dependent_schema_id=dependent_schema.id
    join schema as referenced_schema on relationships.referenced_schema_id=referenced_schema.id
    group by referenced_schema, referenced_name, dependent_schema, dependent_name
    order by referenced_schema, referenced_name, dependent_schema, dependent_name;
[0m22:27:35.235950 [debug] [MainThread]: SQL status: SELECT 2 in 0.014 seconds
[0m22:27:35.240537 [debug] [MainThread]: Sending event: {'category': 'dbt', 'action': 'runnable_timing', 'label': 'bf7bbf29-cd0c-475b-aa99-e3df142ccf4e', 'context': [<snowplow_tracker.self_describing_json.SelfDescribingJson object at 0x00000290E1189980>]}
[0m22:27:35.241670 [debug] [MainThread]: On master: ROLLBACK
[0m22:27:35.244471 [debug] [MainThread]: Using postgres connection "master"
[0m22:27:35.245485 [debug] [MainThread]: On master: BEGIN
[0m22:27:35.249276 [debug] [MainThread]: SQL status: BEGIN in 0.003 seconds
[0m22:27:35.250237 [debug] [MainThread]: On master: COMMIT
[0m22:27:35.251274 [debug] [MainThread]: Using postgres connection "master"
[0m22:27:35.252576 [debug] [MainThread]: On master: COMMIT
[0m22:27:35.255185 [debug] [MainThread]: SQL status: COMMIT in 0.001 seconds
[0m22:27:35.256197 [debug] [MainThread]: On master: Close
[0m22:27:35.257341 [info ] [MainThread]: Concurrency: 4 threads (target='dev')
[0m22:27:35.258540 [info ] [MainThread]: 
[0m22:27:35.265776 [debug] [Thread-4 (]: Began running node test.self_healing_pipeline.not_null_stg_weather_temperature_c.3a7a09f65f
[0m22:27:35.266848 [debug] [Thread-3 (]: Began running node test.self_healing_pipeline.not_null_stg_weather_humidity_pct.2b05ac1847
[0m22:27:35.267479 [debug] [Thread-1 (]: Began running node test.self_healing_pipeline.not_null_daily_weather_summary_day.94fef7bf6b
[0m22:27:35.268850 [debug] [Thread-2 (]: Began running node test.self_healing_pipeline.not_null_daily_weather_summary_reading_count.a3aae03769
[0m22:27:35.270027 [info ] [Thread-4 (]: 4 of 6 START test not_null_stg_weather_temperature_c ........................... [RUN]
[0m22:27:35.270988 [info ] [Thread-3 (]: 3 of 6 START test not_null_stg_weather_humidity_pct ............................ [RUN]
[0m22:27:35.272071 [info ] [Thread-1 (]: 1 of 6 START test not_null_daily_weather_summary_day ........................... [RUN]
[0m22:27:35.274767 [debug] [Thread-4 (]: Acquiring new postgres connection 'test.self_healing_pipeline.not_null_stg_weather_temperature_c.3a7a09f65f'
[0m22:27:35.273224 [info ] [Thread-2 (]: 2 of 6 START test not_null_daily_weather_summary_reading_count ................. [RUN]
[0m22:27:35.276464 [debug] [Thread-3 (]: Acquiring new postgres connection 'test.self_healing_pipeline.not_null_stg_weather_humidity_pct.2b05ac1847'
[0m22:27:35.277634 [debug] [Thread-1 (]: Acquiring new postgres connection 'test.self_healing_pipeline.not_null_daily_weather_summary_day.94fef7bf6b'
[0m22:27:35.278474 [debug] [Thread-4 (]: Began compiling node test.self_healing_pipeline.not_null_stg_weather_temperature_c.3a7a09f65f
[0m22:27:35.279575 [debug] [Thread-2 (]: Acquiring new postgres connection 'test.self_healing_pipeline.not_null_daily_weather_summary_reading_count.a3aae03769'
[0m22:27:35.280430 [debug] [Thread-3 (]: Began compiling node test.self_healing_pipeline.not_null_stg_weather_humidity_pct.2b05ac1847
[0m22:27:35.280989 [debug] [Thread-1 (]: Began compiling node test.self_healing_pipeline.not_null_daily_weather_summary_day.94fef7bf6b
[0m22:27:35.324433 [debug] [Thread-4 (]: Writing injected SQL for node "test.self_healing_pipeline.not_null_stg_weather_temperature_c.3a7a09f65f"
[0m22:27:35.325496 [debug] [Thread-2 (]: Began compiling node test.self_healing_pipeline.not_null_daily_weather_summary_reading_count.a3aae03769
[0m22:27:35.331167 [debug] [Thread-3 (]: Writing injected SQL for node "test.self_healing_pipeline.not_null_stg_weather_humidity_pct.2b05ac1847"
[0m22:27:35.339301 [debug] [Thread-1 (]: Writing injected SQL for node "test.self_healing_pipeline.not_null_daily_weather_summary_day.94fef7bf6b"
[0m22:27:35.347081 [debug] [Thread-2 (]: Writing injected SQL for node "test.self_healing_pipeline.not_null_daily_weather_summary_reading_count.a3aae03769"
[0m22:27:35.350312 [debug] [Thread-1 (]: Began executing node test.self_healing_pipeline.not_null_daily_weather_summary_day.94fef7bf6b
[0m22:27:35.366630 [debug] [Thread-2 (]: Began executing node test.self_healing_pipeline.not_null_daily_weather_summary_reading_count.a3aae03769
[0m22:27:35.368155 [debug] [Thread-3 (]: Began executing node test.self_healing_pipeline.not_null_stg_weather_humidity_pct.2b05ac1847
[0m22:27:35.409666 [debug] [Thread-2 (]: Writing runtime sql for node "test.self_healing_pipeline.not_null_daily_weather_summary_reading_count.a3aae03769"
[0m22:27:35.410484 [debug] [Thread-4 (]: Began executing node test.self_healing_pipeline.not_null_stg_weather_temperature_c.3a7a09f65f
[0m22:27:35.414405 [debug] [Thread-1 (]: Writing runtime sql for node "test.self_healing_pipeline.not_null_daily_weather_summary_day.94fef7bf6b"
[0m22:27:35.419702 [debug] [Thread-3 (]: Writing runtime sql for node "test.self_healing_pipeline.not_null_stg_weather_humidity_pct.2b05ac1847"
[0m22:27:35.425535 [debug] [Thread-4 (]: Writing runtime sql for node "test.self_healing_pipeline.not_null_stg_weather_temperature_c.3a7a09f65f"
[0m22:27:35.428070 [debug] [Thread-1 (]: Using postgres connection "test.self_healing_pipeline.not_null_daily_weather_summary_day.94fef7bf6b"
[0m22:27:35.429558 [debug] [Thread-1 (]: On test.self_healing_pipeline.not_null_daily_weather_summary_day.94fef7bf6b: BEGIN
[0m22:27:35.431104 [debug] [Thread-1 (]: Opening a new connection, currently in state init
[0m22:27:35.433542 [debug] [Thread-3 (]: Using postgres connection "test.self_healing_pipeline.not_null_stg_weather_humidity_pct.2b05ac1847"
[0m22:27:35.435105 [debug] [Thread-3 (]: On test.self_healing_pipeline.not_null_stg_weather_humidity_pct.2b05ac1847: BEGIN
[0m22:27:35.436757 [debug] [Thread-2 (]: Using postgres connection "test.self_healing_pipeline.not_null_daily_weather_summary_reading_count.a3aae03769"
[0m22:27:35.438650 [debug] [Thread-3 (]: Opening a new connection, currently in state init
[0m22:27:35.440145 [debug] [Thread-2 (]: On test.self_healing_pipeline.not_null_daily_weather_summary_reading_count.a3aae03769: BEGIN
[0m22:27:35.441601 [debug] [Thread-4 (]: Using postgres connection "test.self_healing_pipeline.not_null_stg_weather_temperature_c.3a7a09f65f"
[0m22:27:35.443916 [debug] [Thread-2 (]: Opening a new connection, currently in state init
[0m22:27:35.445177 [debug] [Thread-4 (]: On test.self_healing_pipeline.not_null_stg_weather_temperature_c.3a7a09f65f: BEGIN
[0m22:27:35.446764 [debug] [Thread-4 (]: Opening a new connection, currently in state init
[0m22:27:35.524334 [debug] [Thread-1 (]: SQL status: BEGIN in 0.093 seconds
[0m22:27:35.526355 [debug] [Thread-2 (]: SQL status: BEGIN in 0.082 seconds
[0m22:27:35.527933 [debug] [Thread-3 (]: SQL status: BEGIN in 0.089 seconds
[0m22:27:35.529407 [debug] [Thread-1 (]: Using postgres connection "test.self_healing_pipeline.not_null_daily_weather_summary_day.94fef7bf6b"
[0m22:27:35.530784 [debug] [Thread-2 (]: Using postgres connection "test.self_healing_pipeline.not_null_daily_weather_summary_reading_count.a3aae03769"
[0m22:27:35.532270 [debug] [Thread-4 (]: SQL status: BEGIN in 0.086 seconds
[0m22:27:35.533631 [debug] [Thread-3 (]: Using postgres connection "test.self_healing_pipeline.not_null_stg_weather_humidity_pct.2b05ac1847"
[0m22:27:35.535020 [debug] [Thread-1 (]: On test.self_healing_pipeline.not_null_daily_weather_summary_day.94fef7bf6b: /* {"app": "dbt", "dbt_version": "1.8.2", "profile_name": "self_healing_pipeline", "target_name": "dev", "node_id": "test.self_healing_pipeline.not_null_daily_weather_summary_day.94fef7bf6b"} */
select
      count(*) as failures,
      count(*) != 0 as should_warn,
      count(*) != 0 as should_error
    from (
      
    
    



select day
from "shp"."public"."daily_weather_summary"
where day is null



      
    ) dbt_internal_test
[0m22:27:35.536216 [debug] [Thread-2 (]: On test.self_healing_pipeline.not_null_daily_weather_summary_reading_count.a3aae03769: /* {"app": "dbt", "dbt_version": "1.8.2", "profile_name": "self_healing_pipeline", "target_name": "dev", "node_id": "test.self_healing_pipeline.not_null_daily_weather_summary_reading_count.a3aae03769"} */
select
      count(*) as failures,
      count(*) != 0 as should_warn,
      count(*) != 0 as should_error
    from (
      
    
    



select reading_count
from "shp"."public"."daily_weather_summary"
where reading_count is null



      
    ) dbt_internal_test
[0m22:27:35.537313 [debug] [Thread-4 (]: Using postgres connection "test.self_healing_pipeline.not_null_stg_weather_temperature_c.3a7a09f65f"
[0m22:27:35.538128 [debug] [Thread-3 (]: On test.self_healing_pipeline.not_null_stg_weather_humidity_pct.2b05ac1847: /* {"app": "dbt", "dbt_version": "1.8.2", "profile_name": "self_healing_pipeline", "target_name": "dev", "node_id": "test.self_healing_pipeline.not_null_stg_weather_humidity_pct.2b05ac1847"} */
select
      count(*) as failures,
      count(*) != 0 as should_warn,
      count(*) != 0 as should_error
    from (
      
    
    



select humidity_pct
from "shp"."public"."stg_weather"
where humidity_pct is null



      
    ) dbt_internal_test
[0m22:27:35.539341 [debug] [Thread-4 (]: On test.self_healing_pipeline.not_null_stg_weather_temperature_c.3a7a09f65f: /* {"app": "dbt", "dbt_version": "1.8.2", "profile_name": "self_healing_pipeline", "target_name": "dev", "node_id": "test.self_healing_pipeline.not_null_stg_weather_temperature_c.3a7a09f65f"} */
select
      count(*) as failures,
      count(*) != 0 as should_warn,
      count(*) != 0 as should_error
    from (
      
    
    



select temperature_c
from "shp"."public"."stg_weather"
where temperature_c is null



      
    ) dbt_internal_test
[0m22:27:35.542203 [debug] [Thread-2 (]: SQL status: SELECT 1 in 0.003 seconds
[0m22:27:35.552164 [debug] [Thread-2 (]: On test.self_healing_pipeline.not_null_daily_weather_summary_reading_count.a3aae03769: ROLLBACK
[0m22:27:35.553439 [debug] [Thread-1 (]: SQL status: SELECT 1 in 0.015 seconds
[0m22:27:35.554308 [debug] [Thread-4 (]: SQL status: SELECT 1 in 0.014 seconds
[0m22:27:35.554884 [debug] [Thread-3 (]: SQL status: SELECT 1 in 0.014 seconds
[0m22:27:35.558467 [debug] [Thread-1 (]: On test.self_healing_pipeline.not_null_daily_weather_summary_day.94fef7bf6b: ROLLBACK
[0m22:27:35.559273 [debug] [Thread-2 (]: On test.self_healing_pipeline.not_null_daily_weather_summary_reading_count.a3aae03769: Close
[0m22:27:35.561869 [debug] [Thread-4 (]: On test.self_healing_pipeline.not_null_stg_weather_temperature_c.3a7a09f65f: ROLLBACK
[0m22:27:35.564756 [debug] [Thread-3 (]: On test.self_healing_pipeline.not_null_stg_weather_humidity_pct.2b05ac1847: ROLLBACK
[0m22:27:35.566632 [info ] [Thread-2 (]: 2 of 6 PASS not_null_daily_weather_summary_reading_count ....................... [[32mPASS[0m in 0.29s]
[0m22:27:35.569736 [debug] [Thread-2 (]: Finished running node test.self_healing_pipeline.not_null_daily_weather_summary_reading_count.a3aae03769
[0m22:27:35.571349 [debug] [Thread-4 (]: On test.self_healing_pipeline.not_null_stg_weather_temperature_c.3a7a09f65f: Close
[0m22:27:35.573222 [debug] [Thread-3 (]: On test.self_healing_pipeline.not_null_stg_weather_humidity_pct.2b05ac1847: Close
[0m22:27:35.574601 [debug] [Thread-2 (]: Began running node test.self_healing_pipeline.not_null_stg_weather_ts.4f82cf9d8b
[0m22:27:35.575535 [debug] [Thread-1 (]: On test.self_healing_pipeline.not_null_daily_weather_summary_day.94fef7bf6b: Close
[0m22:27:35.577532 [info ] [Thread-3 (]: 3 of 6 PASS not_null_stg_weather_humidity_pct .................................. [[32mPASS[0m in 0.30s]
[0m22:27:35.584546 [debug] [Thread-3 (]: Finished running node test.self_healing_pipeline.not_null_stg_weather_humidity_pct.2b05ac1847
[0m22:27:35.579458 [info ] [Thread-4 (]: 4 of 6 PASS not_null_stg_weather_temperature_c ................................. [[32mPASS[0m in 0.30s]
[0m22:27:35.588391 [debug] [Thread-3 (]: Began running node test.self_healing_pipeline.unique_daily_weather_summary_day.3ac2b955ee
[0m22:27:35.590524 [debug] [Thread-4 (]: Finished running node test.self_healing_pipeline.not_null_stg_weather_temperature_c.3a7a09f65f
[0m22:27:35.580814 [info ] [Thread-2 (]: 5 of 6 START test not_null_stg_weather_ts ...................................... [RUN]
[0m22:27:35.586780 [info ] [Thread-1 (]: 1 of 6 PASS not_null_daily_weather_summary_day ................................. [[32mPASS[0m in 0.31s]
[0m22:27:35.591981 [info ] [Thread-3 (]: 6 of 6 START test unique_daily_weather_summary_day ............................. [RUN]
[0m22:27:35.596082 [debug] [Thread-2 (]: Re-using an available connection from the pool (formerly test.self_healing_pipeline.not_null_daily_weather_summary_reading_count.a3aae03769, now test.self_healing_pipeline.not_null_stg_weather_ts.4f82cf9d8b)
[0m22:27:35.597540 [debug] [Thread-1 (]: Finished running node test.self_healing_pipeline.not_null_daily_weather_summary_day.94fef7bf6b
[0m22:27:35.598694 [debug] [Thread-3 (]: Re-using an available connection from the pool (formerly test.self_healing_pipeline.not_null_stg_weather_humidity_pct.2b05ac1847, now test.self_healing_pipeline.unique_daily_weather_summary_day.3ac2b955ee)
[0m22:27:35.599833 [debug] [Thread-2 (]: Began compiling node test.self_healing_pipeline.not_null_stg_weather_ts.4f82cf9d8b
[0m22:27:35.600909 [debug] [Thread-3 (]: Began compiling node test.self_healing_pipeline.unique_daily_weather_summary_day.3ac2b955ee
[0m22:27:35.610946 [debug] [Thread-2 (]: Writing injected SQL for node "test.self_healing_pipeline.not_null_stg_weather_ts.4f82cf9d8b"
[0m22:27:35.623917 [debug] [Thread-3 (]: Writing injected SQL for node "test.self_healing_pipeline.unique_daily_weather_summary_day.3ac2b955ee"
[0m22:27:35.626151 [debug] [Thread-2 (]: Began executing node test.self_healing_pipeline.not_null_stg_weather_ts.4f82cf9d8b
[0m22:27:35.627468 [debug] [Thread-3 (]: Began executing node test.self_healing_pipeline.unique_daily_weather_summary_day.3ac2b955ee
[0m22:27:35.631495 [debug] [Thread-2 (]: Writing runtime sql for node "test.self_healing_pipeline.not_null_stg_weather_ts.4f82cf9d8b"
[0m22:27:35.638042 [debug] [Thread-3 (]: Writing runtime sql for node "test.self_healing_pipeline.unique_daily_weather_summary_day.3ac2b955ee"
[0m22:27:35.640148 [debug] [Thread-3 (]: Using postgres connection "test.self_healing_pipeline.unique_daily_weather_summary_day.3ac2b955ee"
[0m22:27:35.641441 [debug] [Thread-2 (]: Using postgres connection "test.self_healing_pipeline.not_null_stg_weather_ts.4f82cf9d8b"
[0m22:27:35.642165 [debug] [Thread-3 (]: On test.self_healing_pipeline.unique_daily_weather_summary_day.3ac2b955ee: BEGIN
[0m22:27:35.643566 [debug] [Thread-2 (]: On test.self_healing_pipeline.not_null_stg_weather_ts.4f82cf9d8b: BEGIN
[0m22:27:35.644819 [debug] [Thread-3 (]: Opening a new connection, currently in state closed
[0m22:27:35.645980 [debug] [Thread-2 (]: Opening a new connection, currently in state closed
[0m22:27:35.690601 [debug] [Thread-3 (]: SQL status: BEGIN in 0.046 seconds
[0m22:27:35.691960 [debug] [Thread-2 (]: SQL status: BEGIN in 0.046 seconds
[0m22:27:35.692900 [debug] [Thread-3 (]: Using postgres connection "test.self_healing_pipeline.unique_daily_weather_summary_day.3ac2b955ee"
[0m22:27:35.693784 [debug] [Thread-2 (]: Using postgres connection "test.self_healing_pipeline.not_null_stg_weather_ts.4f82cf9d8b"
[0m22:27:35.694743 [debug] [Thread-3 (]: On test.self_healing_pipeline.unique_daily_weather_summary_day.3ac2b955ee: /* {"app": "dbt", "dbt_version": "1.8.2", "profile_name": "self_healing_pipeline", "target_name": "dev", "node_id": "test.self_healing_pipeline.unique_daily_weather_summary_day.3ac2b955ee"} */
select
      count(*) as failures,
      count(*) != 0 as should_warn,
      count(*) != 0 as should_error
    from (
      
    
    

select
    day as unique_field,
    count(*) as n_records

from "shp"."public"."daily_weather_summary"
where day is not null
group by day
having count(*) > 1



      
    ) dbt_internal_test
[0m22:27:35.695890 [debug] [Thread-2 (]: On test.self_healing_pipeline.not_null_stg_weather_ts.4f82cf9d8b: /* {"app": "dbt", "dbt_version": "1.8.2", "profile_name": "self_healing_pipeline", "target_name": "dev", "node_id": "test.self_healing_pipeline.not_null_stg_weather_ts.4f82cf9d8b"} */
select
      count(*) as failures,
      count(*) != 0 as should_warn,
      count(*) != 0 as should_error
    from (
      
    
    



select ts
from "shp"."public"."stg_weather"
where ts is null



      
    ) dbt_internal_test
[0m22:27:35.701516 [debug] [Thread-2 (]: SQL status: SELECT 1 in 0.004 seconds
[0m22:27:35.702782 [debug] [Thread-3 (]: SQL status: SELECT 1 in 0.006 seconds
[0m22:27:35.705543 [debug] [Thread-2 (]: On test.self_healing_pipeline.not_null_stg_weather_ts.4f82cf9d8b: ROLLBACK
[0m22:27:35.707537 [debug] [Thread-3 (]: On test.self_healing_pipeline.unique_daily_weather_summary_day.3ac2b955ee: ROLLBACK
[0m22:27:35.709990 [debug] [Thread-2 (]: On test.self_healing_pipeline.not_null_stg_weather_ts.4f82cf9d8b: Close
[0m22:27:35.711110 [debug] [Thread-3 (]: On test.self_healing_pipeline.unique_daily_weather_summary_day.3ac2b955ee: Close
[0m22:27:35.713160 [info ] [Thread-2 (]: 5 of 6 PASS not_null_stg_weather_ts ............................................ [[32mPASS[0m in 0.12s]
[0m22:27:35.714895 [info ] [Thread-3 (]: 6 of 6 PASS unique_daily_weather_summary_day ................................... [[32mPASS[0m in 0.12s]
[0m22:27:35.717658 [debug] [Thread-2 (]: Finished running node test.self_healing_pipeline.not_null_stg_weather_ts.4f82cf9d8b
[0m22:27:35.720021 [debug] [Thread-3 (]: Finished running node test.self_healing_pipeline.unique_daily_weather_summary_day.3ac2b955ee
[0m22:27:35.726269 [debug] [MainThread]: Using postgres connection "master"
[0m22:27:35.727285 [debug] [MainThread]: On master: BEGIN
[0m22:27:35.728089 [debug] [MainThread]: Opening a new connection, currently in state closed
[0m22:27:35.757449 [debug] [MainThread]: SQL status: BEGIN in 0.029 seconds
[0m22:27:35.758136 [debug] [MainThread]: On master: COMMIT
[0m22:27:35.758654 [debug] [MainThread]: Using postgres connection "master"
[0m22:27:35.759574 [debug] [MainThread]: On master: COMMIT
[0m22:27:35.761958 [debug] [MainThread]: SQL status: COMMIT in 0.001 seconds
[0m22:27:35.762974 [debug] [MainThread]: On master: Close
[0m22:27:35.764391 [debug] [MainThread]: Connection 'master' was properly closed.
[0m22:27:35.765478 [debug] [MainThread]: Connection 'list_shp_public' was properly closed.
[0m22:27:35.766377 [debug] [MainThread]: Connection 'test.self_healing_pipeline.not_null_stg_weather_temperature_c.3a7a09f65f' was properly closed.
[0m22:27:35.767457 [debug] [MainThread]: Connection 'test.self_healing_pipeline.unique_daily_weather_summary_day.3ac2b955ee' was properly closed.
[0m22:27:35.768911 [debug] [MainThread]: Connection 'test.self_healing_pipeline.not_null_daily_weather_summary_day.94fef7bf6b' was properly closed.
[0m22:27:35.770106 [debug] [MainThread]: Connection 'test.self_healing_pipeline.not_null_stg_weather_ts.4f82cf9d8b' was properly closed.
[0m22:27:35.771125 [info ] [MainThread]: 
[0m22:27:35.772167 [info ] [MainThread]: Finished running 6 data tests in 0 hours 0 minutes and 0.83 seconds (0.83s).
[0m22:27:35.777185 [debug] [MainThread]: Command end result
[0m22:27:35.886044 [info ] [MainThread]: 
[0m22:27:35.887297 [info ] [MainThread]: [32mCompleted successfully[0m
[0m22:27:35.889008 [info ] [MainThread]: 
[0m22:27:35.890046 [info ] [MainThread]: Done. PASS=6 WARN=0 ERROR=0 SKIP=0 TOTAL=6
[0m22:27:35.893619 [debug] [MainThread]: Command `dbt test` succeeded at 22:27:35.893210 after 5.08 seconds
[0m22:27:35.894762 [debug] [MainThread]: Sending event: {'category': 'dbt', 'action': 'invocation', 'label': 'end', 'context': [<snowplow_tracker.self_describing_json.SelfDescribingJson object at 0x00000290DF86D190>, <snowplow_tracker.self_describing_json.SelfDescribingJson object at 0x00000290E0F85230>, <snowplow_tracker.self_describing_json.SelfDescribingJson object at 0x00000290E0F86200>]}
[0m22:27:35.895808 [debug] [MainThread]: Flushing usage events
[0m22:27:48.260322 [debug] [MainThread]: Sending event: {'category': 'dbt', 'action': 'invocation', 'label': 'start', 'context': [<snowplow_tracker.self_describing_json.SelfDescribingJson object at 0x000001E5A65C7E00>, <snowplow_tracker.self_describing_json.SelfDescribingJson object at 0x000001E5A61D5E50>, <snowplow_tracker.self_describing_json.SelfDescribingJson object at 0x000001E5A53AC910>]}


============================== 22:27:48.270079 | 2e9df09d-2ee9-4815-8fd4-f365dde2d96c ==============================
[0m22:27:48.270079 [info ] [MainThread]: Running with dbt=1.8.2
[0m22:27:48.271027 [debug] [MainThread]: running dbt with arguments {'printer_width': '80', 'indirect_selection': 'eager', 'write_json': 'True', 'log_cache_events': 'False', 'partial_parse': 'True', 'cache_selected_only': 'False', 'profiles_dir': 'C:\\Users\\Qc\\Desktop\\self-healing-pipeline\\transform\\dbt_project', 'debug': 'False', 'version_check': 'True', 'log_path': 'C:\\Users\\Qc\\Desktop\\self-healing-pipeline\\transform\\dbt_project\\logs', 'fail_fast': 'False', 'warn_error': 'None', 'use_colors': 'True', 'use_experimental_parser': 'False', 'no_print': 'None', 'quiet': 'False', 'warn_error_options': 'WarnErrorOptions(include=[], exclude=[])', 'static_parser': 'True', 'log_format': 'default', 'introspect': 'True', 'target_path': 'None', 'invocation_command': 'dbt run --target staging_verify', 'send_anonymous_usage_stats': 'True'}
[0m22:27:48.782180 [debug] [MainThread]: Sending event: {'category': 'dbt', 'action': 'project_id', 'label': '2e9df09d-2ee9-4815-8fd4-f365dde2d96c', 'context': [<snowplow_tracker.self_describing_json.SelfDescribingJson object at 0x000001E5A939F360>]}
[0m22:27:48.991823 [debug] [MainThread]: Sending event: {'category': 'dbt', 'action': 'adapter_info', 'label': '2e9df09d-2ee9-4815-8fd4-f365dde2d96c', 'context': [<snowplow_tracker.self_describing_json.SelfDescribingJson object at 0x000001E5A91787C0>]}
[0m22:27:48.994399 [info ] [MainThread]: Registered adapter: postgres=1.8.2
[0m22:27:49.540246 [debug] [MainThread]: checksum: 1ce49185813d157258f4b6929effd3c140ce815a450235fd09955f03057e6df0, vars: {}, profile: , target: staging_verify, version: 1.8.2
[0m22:27:50.053066 [info ] [MainThread]: Unable to do partial parsing because config vars, config profile, or config target have changed
[0m22:27:50.053881 [debug] [MainThread]: previous checksum: 1ce49185813d157258f4b6929effd3c140ce815a450235fd09955f03057e6df0, current checksum: f0a141b9de567cb7f131613ba2682f40b3a1c6a157f81c6e5435862eff68f109
[0m22:27:50.054773 [info ] [MainThread]: Unable to do partial parsing because profile has changed
[0m22:27:50.055771 [debug] [MainThread]: Sending event: {'category': 'dbt', 'action': 'partial_parser', 'label': '2e9df09d-2ee9-4815-8fd4-f365dde2d96c', 'context': [<snowplow_tracker.self_describing_json.SelfDescribingJson object at 0x000001E5A9347A50>]}
[0m22:27:53.852127 [warn ] [MainThread]: [[33mWARNING[0m]: Deprecated functionality
The `tests` config has been renamed to `data_tests`. Please see
https://docs.getdbt.com/docs/build/data-tests#new-data_tests-syntax for more
information.
[0m22:27:53.853703 [debug] [MainThread]: Sending event: {'category': 'dbt', 'action': 'deprecation', 'label': '2e9df09d-2ee9-4815-8fd4-f365dde2d96c', 'property_': 'warn', 'context': [<snowplow_tracker.self_describing_json.SelfDescribingJson object at 0x000001E5A94EE8A0>]}
[0m22:27:55.223570 [error] [MainThread]: Encountered an error:
Compilation Error
  Model 'model.self_healing_pipeline.stg_weather' (models\staging\stg_weather.sql) depends on a node named 'raw_weather' which was not found
[0m22:27:55.226892 [debug] [MainThread]: Command `dbt run` failed at 22:27:55.226452 after 7.30 seconds
[0m22:27:55.231778 [debug] [MainThread]: Sending event: {'category': 'dbt', 'action': 'invocation', 'label': 'end', 'context': [<snowplow_tracker.self_describing_json.SelfDescribingJson object at 0x000001E5A9083D90>, <snowplow_tracker.self_describing_json.SelfDescribingJson object at 0x000001E5AA91FE70>, <snowplow_tracker.self_describing_json.SelfDescribingJson object at 0x000001E5AA694600>]}
[0m22:27:55.236266 [debug] [MainThread]: Flushing usage events
[0m22:28:09.265864 [debug] [MainThread]: Sending event: {'category': 'dbt', 'action': 'invocation', 'label': 'start', 'context': [<snowplow_tracker.self_describing_json.SelfDescribingJson object at 0x0000029F63F27E00>, <snowplow_tracker.self_describing_json.SelfDescribingJson object at 0x0000029F63B35E50>, <snowplow_tracker.self_describing_json.SelfDescribingJson object at 0x0000029F62D0C910>]}


============================== 22:28:09.275614 | 0e484136-c71d-49b5-aff4-4a242040a7bb ==============================
[0m22:28:09.275614 [info ] [MainThread]: Running with dbt=1.8.2
[0m22:28:09.277860 [debug] [MainThread]: running dbt with arguments {'printer_width': '80', 'indirect_selection': 'eager', 'log_cache_events': 'False', 'write_json': 'True', 'partial_parse': 'True', 'cache_selected_only': 'False', 'profiles_dir': 'C:\\Users\\Qc\\Desktop\\self-healing-pipeline\\transform\\dbt_project', 'debug': 'False', 'fail_fast': 'False', 'log_path': 'C:\\Users\\Qc\\Desktop\\self-healing-pipeline\\transform\\dbt_project\\logs', 'warn_error': 'None', 'version_check': 'True', 'use_colors': 'True', 'use_experimental_parser': 'False', 'no_print': 'None', 'quiet': 'False', 'warn_error_options': 'WarnErrorOptions(include=[], exclude=[])', 'invocation_command': 'dbt run --target staging_verify', 'static_parser': 'True', 'introspect': 'True', 'target_path': 'None', 'log_format': 'default', 'send_anonymous_usage_stats': 'True'}
[0m22:28:10.337870 [debug] [MainThread]: Sending event: {'category': 'dbt', 'action': 'project_id', 'label': '0e484136-c71d-49b5-aff4-4a242040a7bb', 'context': [<snowplow_tracker.self_describing_json.SelfDescribingJson object at 0x0000029F66DEF360>]}
[0m22:28:10.634102 [debug] [MainThread]: Sending event: {'category': 'dbt', 'action': 'adapter_info', 'label': '0e484136-c71d-49b5-aff4-4a242040a7bb', 'context': [<snowplow_tracker.self_describing_json.SelfDescribingJson object at 0x0000029F66AD87C0>]}
[0m22:28:10.641951 [info ] [MainThread]: Registered adapter: postgres=1.8.2
[0m22:28:12.021717 [debug] [MainThread]: checksum: 1ce49185813d157258f4b6929effd3c140ce815a450235fd09955f03057e6df0, vars: {}, profile: , target: staging_verify, version: 1.8.2
[0m22:28:12.835487 [info ] [MainThread]: Unable to do partial parsing because config vars, config profile, or config target have changed
[0m22:28:12.836160 [debug] [MainThread]: previous checksum: 1ce49185813d157258f4b6929effd3c140ce815a450235fd09955f03057e6df0, current checksum: f0a141b9de567cb7f131613ba2682f40b3a1c6a157f81c6e5435862eff68f109
[0m22:28:12.836680 [info ] [MainThread]: Unable to do partial parsing because profile has changed
[0m22:28:12.837229 [debug] [MainThread]: Sending event: {'category': 'dbt', 'action': 'partial_parser', 'label': '0e484136-c71d-49b5-aff4-4a242040a7bb', 'context': [<snowplow_tracker.self_describing_json.SelfDescribingJson object at 0x0000029F66D97A50>]}
[0m22:28:17.047221 [error] [MainThread]: Encountered an error:
Compilation Error in model stg_weather (models\staging\stg_weather.sql)
  expected token 'end of print statement', got 'model'
    line 2
      Staging model for raw weather data.
[0m22:28:17.048836 [debug] [MainThread]: Command `dbt run` failed at 22:28:17.048642 after 8.45 seconds
[0m22:28:17.049416 [debug] [MainThread]: Sending event: {'category': 'dbt', 'action': 'invocation', 'label': 'end', 'context': [<snowplow_tracker.self_describing_json.SelfDescribingJson object at 0x0000029F68137020>, <snowplow_tracker.self_describing_json.SelfDescribingJson object at 0x0000029F68135E50>, <snowplow_tracker.self_describing_json.SelfDescribingJson object at 0x0000029F669DFD90>]}
[0m22:28:17.049950 [debug] [MainThread]: Flushing usage events
[0m22:28:29.235468 [debug] [MainThread]: Sending event: {'category': 'dbt', 'action': 'invocation', 'label': 'start', 'context': [<snowplow_tracker.self_describing_json.SelfDescribingJson object at 0x000002304A957E00>, <snowplow_tracker.self_describing_json.SelfDescribingJson object at 0x000002304A565E50>, <snowplow_tracker.self_describing_json.SelfDescribingJson object at 0x000002304973C910>]}


============================== 22:28:29.244756 | ca65fb66-3002-49ec-9de6-6173a24a6fa9 ==============================
[0m22:28:29.244756 [info ] [MainThread]: Running with dbt=1.8.2
[0m22:28:29.246437 [debug] [MainThread]: running dbt with arguments {'printer_width': '80', 'indirect_selection': 'eager', 'write_json': 'True', 'log_cache_events': 'False', 'partial_parse': 'True', 'cache_selected_only': 'False', 'profiles_dir': 'C:\\Users\\Qc\\Desktop\\self-healing-pipeline\\transform\\dbt_project', 'version_check': 'True', 'warn_error': 'None', 'log_path': 'C:\\Users\\Qc\\Desktop\\self-healing-pipeline\\transform\\dbt_project\\logs', 'fail_fast': 'False', 'debug': 'False', 'use_colors': 'True', 'use_experimental_parser': 'False', 'no_print': 'None', 'quiet': 'False', 'log_format': 'default', 'static_parser': 'True', 'warn_error_options': 'WarnErrorOptions(include=[], exclude=[])', 'introspect': 'True', 'target_path': 'None', 'invocation_command': 'dbt run --target staging_verify', 'send_anonymous_usage_stats': 'True'}
[0m22:28:29.791337 [debug] [MainThread]: Sending event: {'category': 'dbt', 'action': 'project_id', 'label': 'ca65fb66-3002-49ec-9de6-6173a24a6fa9', 'context': [<snowplow_tracker.self_describing_json.SelfDescribingJson object at 0x000002304D82F360>]}
[0m22:28:30.044873 [debug] [MainThread]: Sending event: {'category': 'dbt', 'action': 'adapter_info', 'label': 'ca65fb66-3002-49ec-9de6-6173a24a6fa9', 'context': [<snowplow_tracker.self_describing_json.SelfDescribingJson object at 0x000002304D5187C0>]}
[0m22:28:30.047970 [info ] [MainThread]: Registered adapter: postgres=1.8.2
[0m22:28:30.814366 [debug] [MainThread]: checksum: 1ce49185813d157258f4b6929effd3c140ce815a450235fd09955f03057e6df0, vars: {}, profile: , target: staging_verify, version: 1.8.2
[0m22:28:31.510958 [info ] [MainThread]: Unable to do partial parsing because config vars, config profile, or config target have changed
[0m22:28:31.511717 [debug] [MainThread]: previous checksum: 1ce49185813d157258f4b6929effd3c140ce815a450235fd09955f03057e6df0, current checksum: f0a141b9de567cb7f131613ba2682f40b3a1c6a157f81c6e5435862eff68f109
[0m22:28:31.512186 [info ] [MainThread]: Unable to do partial parsing because profile has changed
[0m22:28:31.513664 [debug] [MainThread]: Sending event: {'category': 'dbt', 'action': 'partial_parser', 'label': 'ca65fb66-3002-49ec-9de6-6173a24a6fa9', 'context': [<snowplow_tracker.self_describing_json.SelfDescribingJson object at 0x000002304D7DBA50>]}
[0m22:28:34.909593 [warn ] [MainThread]: [[33mWARNING[0m]: Deprecated functionality
The `tests` config has been renamed to `data_tests`. Please see
https://docs.getdbt.com/docs/build/data-tests#new-data_tests-syntax for more
information.
[0m22:28:34.910528 [debug] [MainThread]: Sending event: {'category': 'dbt', 'action': 'deprecation', 'label': 'ca65fb66-3002-49ec-9de6-6173a24a6fa9', 'property_': 'warn', 'context': [<snowplow_tracker.self_describing_json.SelfDescribingJson object at 0x000002304D97E8A0>]}
[0m22:28:35.456853 [error] [MainThread]: Encountered an error:
Compilation Error
  Model 'model.self_healing_pipeline.stg_weather' (models\staging\stg_weather.sql) depends on a source named 'raw.weather' which was not found
[0m22:28:35.458463 [debug] [MainThread]: Command `dbt run` failed at 22:28:35.458255 after 6.73 seconds
[0m22:28:35.459053 [debug] [MainThread]: Sending event: {'category': 'dbt', 'action': 'invocation', 'label': 'end', 'context': [<snowplow_tracker.self_describing_json.SelfDescribingJson object at 0x000002304D41FD90>, <snowplow_tracker.self_describing_json.SelfDescribingJson object at 0x000002304EDAFE70>, <snowplow_tracker.self_describing_json.SelfDescribingJson object at 0x000002304EAF4600>]}
[0m22:28:35.459611 [debug] [MainThread]: Flushing usage events
[0m10:13:04.497026 [debug] [MainThread]: Sending event: {'category': 'dbt', 'action': 'invocation', 'label': 'start', 'context': [<snowplow_tracker.self_describing_json.SelfDescribingJson object at 0x0000028AED437E00>, <snowplow_tracker.self_describing_json.SelfDescribingJson object at 0x0000028AED045E50>, <snowplow_tracker.self_describing_json.SelfDescribingJson object at 0x0000028AEC21C910>]}


============================== 10:13:04.509221 | c77ed094-20a4-48ac-8d17-cfa5953f834f ==============================
[0m10:13:04.509221 [info ] [MainThread]: Running with dbt=1.8.2
[0m10:13:04.510839 [debug] [MainThread]: running dbt with arguments {'printer_width': '80', 'indirect_selection': 'eager', 'log_cache_events': 'False', 'write_json': 'True', 'partial_parse': 'True', 'cache_selected_only': 'False', 'warn_error': 'None', 'fail_fast': 'False', 'debug': 'False', 'log_path': 'C:\\Users\\Qc\\Desktop\\self-healing-pipeline\\transform\\dbt_project\\logs', 'profiles_dir': 'C:\\Users\\Qc\\Desktop\\self-healing-pipeline\\transform\\dbt_project', 'version_check': 'True', 'use_colors': 'True', 'use_experimental_parser': 'False', 'no_print': 'None', 'quiet': 'False', 'warn_error_options': 'WarnErrorOptions(include=[], exclude=[])', 'static_parser': 'True', 'log_format': 'default', 'invocation_command': 'dbt run', 'target_path': 'None', 'introspect': 'True', 'send_anonymous_usage_stats': 'True'}
[0m10:13:05.229892 [debug] [MainThread]: Sending event: {'category': 'dbt', 'action': 'project_id', 'label': 'c77ed094-20a4-48ac-8d17-cfa5953f834f', 'context': [<snowplow_tracker.self_describing_json.SelfDescribingJson object at 0x0000028AF01FF360>]}
[0m10:13:05.386630 [debug] [MainThread]: Sending event: {'category': 'dbt', 'action': 'adapter_info', 'label': 'c77ed094-20a4-48ac-8d17-cfa5953f834f', 'context': [<snowplow_tracker.self_describing_json.SelfDescribingJson object at 0x0000028AEFFE87C0>]}
[0m10:13:05.389175 [info ] [MainThread]: Registered adapter: postgres=1.8.2
[0m10:13:06.149909 [debug] [MainThread]: checksum: f0a141b9de567cb7f131613ba2682f40b3a1c6a157f81c6e5435862eff68f109, vars: {}, profile: , target: , version: 1.8.2
[0m10:13:09.503093 [debug] [MainThread]: Partial parsing enabled: 0 files deleted, 0 files added, 0 files changed.
[0m10:13:09.503828 [debug] [MainThread]: Partial parsing enabled, no changes found, skipping parsing
[0m10:13:09.641382 [debug] [MainThread]: Sending event: {'category': 'dbt', 'action': 'load_project', 'label': 'c77ed094-20a4-48ac-8d17-cfa5953f834f', 'context': [<snowplow_tracker.self_describing_json.SelfDescribingJson object at 0x0000028AF15EC550>]}
[0m10:13:09.963252 [debug] [MainThread]: Sending event: {'category': 'dbt', 'action': 'resource_counts', 'label': 'c77ed094-20a4-48ac-8d17-cfa5953f834f', 'context': [<snowplow_tracker.self_describing_json.SelfDescribingJson object at 0x0000028AF03DFE30>]}
[0m10:13:09.964162 [info ] [MainThread]: Found 2 models, 6 data tests, 1 source, 428 macros
[0m10:13:09.965097 [debug] [MainThread]: Sending event: {'category': 'dbt', 'action': 'runnable_timing', 'label': 'c77ed094-20a4-48ac-8d17-cfa5953f834f', 'context': [<snowplow_tracker.self_describing_json.SelfDescribingJson object at 0x0000028AF16F5E10>]}
[0m10:13:09.969280 [info ] [MainThread]: 
[0m10:13:09.970599 [debug] [MainThread]: Acquiring new postgres connection 'master'
[0m10:13:09.972431 [debug] [ThreadPool]: Acquiring new postgres connection 'list_shp'
[0m10:13:15.136080 [debug] [ThreadPool]: Using postgres connection "list_shp"
[0m10:13:15.137267 [debug] [ThreadPool]: On list_shp: /* {"app": "dbt", "dbt_version": "1.8.2", "profile_name": "self_healing_pipeline", "target_name": "dev", "connection_name": "list_shp"} */

    select distinct nspname from pg_namespace
  
[0m10:13:15.138323 [debug] [ThreadPool]: Opening a new connection, currently in state init
[0m10:13:15.212289 [debug] [ThreadPool]: SQL status: SELECT 5 in 0.074 seconds
[0m10:13:15.215348 [debug] [ThreadPool]: On list_shp: Close
[0m10:13:15.228450 [debug] [ThreadPool]: Acquiring new postgres connection 'list_shp_public'
[0m10:13:15.246200 [debug] [ThreadPool]: Using postgres connection "list_shp_public"
[0m10:13:15.247473 [debug] [ThreadPool]: On list_shp_public: BEGIN
[0m10:13:15.248543 [debug] [ThreadPool]: Opening a new connection, currently in state init
[0m10:13:15.285718 [debug] [ThreadPool]: SQL status: BEGIN in 0.037 seconds
[0m10:13:15.286896 [debug] [ThreadPool]: Using postgres connection "list_shp_public"
[0m10:13:15.288136 [debug] [ThreadPool]: On list_shp_public: /* {"app": "dbt", "dbt_version": "1.8.2", "profile_name": "self_healing_pipeline", "target_name": "dev", "connection_name": "list_shp_public"} */
select
      'shp' as database,
      tablename as name,
      schemaname as schema,
      'table' as type
    from pg_tables
    where schemaname ilike 'public'
    union all
    select
      'shp' as database,
      viewname as name,
      schemaname as schema,
      'view' as type
    from pg_views
    where schemaname ilike 'public'
    union all
    select
      'shp' as database,
      matviewname as name,
      schemaname as schema,
      'materialized_view' as type
    from pg_matviews
    where schemaname ilike 'public'
  
[0m10:13:15.312965 [debug] [ThreadPool]: SQL status: SELECT 4 in 0.024 seconds
[0m10:13:15.315507 [debug] [ThreadPool]: On list_shp_public: ROLLBACK
[0m10:13:15.317955 [debug] [ThreadPool]: On list_shp_public: Close
[0m10:13:15.333468 [debug] [MainThread]: Using postgres connection "master"
[0m10:13:15.334505 [debug] [MainThread]: On master: BEGIN
[0m10:13:15.335456 [debug] [MainThread]: Opening a new connection, currently in state init
[0m10:13:15.386235 [debug] [MainThread]: SQL status: BEGIN in 0.051 seconds
[0m10:13:15.387118 [debug] [MainThread]: Using postgres connection "master"
[0m10:13:15.388422 [debug] [MainThread]: On master: /* {"app": "dbt", "dbt_version": "1.8.2", "profile_name": "self_healing_pipeline", "target_name": "dev", "connection_name": "master"} */
with relation as (
        select
            pg_rewrite.ev_class as class,
            pg_rewrite.oid as id
        from pg_rewrite
    ),
    class as (
        select
            oid as id,
            relname as name,
            relnamespace as schema,
            relkind as kind
        from pg_class
    ),
    dependency as (
        select distinct
            pg_depend.objid as id,
            pg_depend.refobjid as ref
        from pg_depend
    ),
    schema as (
        select
            pg_namespace.oid as id,
            pg_namespace.nspname as name
        from pg_namespace
        where nspname != 'information_schema' and nspname not like 'pg\_%'
    ),
    referenced as (
        select
            relation.id AS id,
            referenced_class.name ,
            referenced_class.schema ,
            referenced_class.kind
        from relation
        join class as referenced_class on relation.class=referenced_class.id
        where referenced_class.kind in ('r', 'v', 'm')
    ),
    relationships as (
        select
            referenced.name as referenced_name,
            referenced.schema as referenced_schema_id,
            dependent_class.name as dependent_name,
            dependent_class.schema as dependent_schema_id,
            referenced.kind as kind
        from referenced
        join dependency on referenced.id=dependency.id
        join class as dependent_class on dependency.ref=dependent_class.id
        where
            (referenced.name != dependent_class.name or
             referenced.schema != dependent_class.schema)
    )

    select
        referenced_schema.name as referenced_schema,
        relationships.referenced_name as referenced_name,
        dependent_schema.name as dependent_schema,
        relationships.dependent_name as dependent_name
    from relationships
    join schema as dependent_schema on relationships.dependent_schema_id=dependent_schema.id
    join schema as referenced_schema on relationships.referenced_schema_id=referenced_schema.id
    group by referenced_schema, referenced_name, dependent_schema, dependent_name
    order by referenced_schema, referenced_name, dependent_schema, dependent_name;
[0m10:13:15.407168 [debug] [MainThread]: SQL status: SELECT 2 in 0.017 seconds
[0m10:13:15.412387 [debug] [MainThread]: Sending event: {'category': 'dbt', 'action': 'runnable_timing', 'label': 'c77ed094-20a4-48ac-8d17-cfa5953f834f', 'context': [<snowplow_tracker.self_describing_json.SelfDescribingJson object at 0x0000028AF19420D0>]}
[0m10:13:15.413502 [debug] [MainThread]: On master: ROLLBACK
[0m10:13:15.416301 [debug] [MainThread]: Using postgres connection "master"
[0m10:13:15.417363 [debug] [MainThread]: On master: BEGIN
[0m10:13:15.421145 [debug] [MainThread]: SQL status: BEGIN in 0.003 seconds
[0m10:13:15.422021 [debug] [MainThread]: On master: COMMIT
[0m10:13:15.422954 [debug] [MainThread]: Using postgres connection "master"
[0m10:13:15.423673 [debug] [MainThread]: On master: COMMIT
[0m10:13:15.426179 [debug] [MainThread]: SQL status: COMMIT in 0.001 seconds
[0m10:13:15.427124 [debug] [MainThread]: On master: Close
[0m10:13:15.428832 [info ] [MainThread]: Concurrency: 4 threads (target='dev')
[0m10:13:15.430168 [info ] [MainThread]: 
[0m10:13:15.440336 [debug] [Thread-1 (]: Began running node model.self_healing_pipeline.daily_weather_summary
[0m10:13:15.441289 [info ] [Thread-1 (]: 1 of 1 START sql table model public.daily_weather_summary ...................... [RUN]
[0m10:13:15.442265 [debug] [Thread-1 (]: Acquiring new postgres connection 'model.self_healing_pipeline.daily_weather_summary'
[0m10:13:15.442897 [debug] [Thread-1 (]: Began compiling node model.self_healing_pipeline.daily_weather_summary
[0m10:13:15.457771 [debug] [Thread-1 (]: Writing injected SQL for node "model.self_healing_pipeline.daily_weather_summary"
[0m10:13:15.460666 [debug] [Thread-1 (]: Began executing node model.self_healing_pipeline.daily_weather_summary
[0m10:13:15.561828 [debug] [Thread-1 (]: Writing runtime sql for node "model.self_healing_pipeline.daily_weather_summary"
[0m10:13:15.564766 [debug] [Thread-1 (]: Using postgres connection "model.self_healing_pipeline.daily_weather_summary"
[0m10:13:15.566049 [debug] [Thread-1 (]: On model.self_healing_pipeline.daily_weather_summary: BEGIN
[0m10:13:15.567229 [debug] [Thread-1 (]: Opening a new connection, currently in state init
[0m10:13:15.606043 [debug] [Thread-1 (]: SQL status: BEGIN in 0.039 seconds
[0m10:13:15.607353 [debug] [Thread-1 (]: Using postgres connection "model.self_healing_pipeline.daily_weather_summary"
[0m10:13:15.608888 [debug] [Thread-1 (]: On model.self_healing_pipeline.daily_weather_summary: /* {"app": "dbt", "dbt_version": "1.8.2", "profile_name": "self_healing_pipeline", "target_name": "dev", "node_id": "model.self_healing_pipeline.daily_weather_summary"} */

  
    

  create  table "shp"."public"."daily_weather_summary__dbt_tmp"
  
  
    as
  
  (
    select
    date_trunc('day', ts)              as day,
    avg(temperature_c)                 as avg_temp_c,
    min(temperature_c)                 as min_temp_c,
    max(temperature_c)                 as max_temp_c,
    avg(humidity_pct)                  as avg_humidity_pct,
    sum(precipitation_mm)              as total_precipitation_mm,
    count(*)                           as reading_count
from "shp"."public"."stg_weather"
group by 1
  );
  
[0m10:13:15.648635 [debug] [Thread-1 (]: SQL status: SELECT 0 in 0.038 seconds
[0m10:13:15.660372 [debug] [Thread-1 (]: Using postgres connection "model.self_healing_pipeline.daily_weather_summary"
[0m10:13:15.660972 [debug] [Thread-1 (]: On model.self_healing_pipeline.daily_weather_summary: /* {"app": "dbt", "dbt_version": "1.8.2", "profile_name": "self_healing_pipeline", "target_name": "dev", "node_id": "model.self_healing_pipeline.daily_weather_summary"} */
alter table "shp"."public"."daily_weather_summary" rename to "daily_weather_summary__dbt_backup"
[0m10:13:15.665357 [debug] [Thread-1 (]: SQL status: ALTER TABLE in 0.004 seconds
[0m10:13:15.674662 [debug] [Thread-1 (]: Using postgres connection "model.self_healing_pipeline.daily_weather_summary"
[0m10:13:15.676012 [debug] [Thread-1 (]: On model.self_healing_pipeline.daily_weather_summary: /* {"app": "dbt", "dbt_version": "1.8.2", "profile_name": "self_healing_pipeline", "target_name": "dev", "node_id": "model.self_healing_pipeline.daily_weather_summary"} */
alter table "shp"."public"."daily_weather_summary__dbt_tmp" rename to "daily_weather_summary"
[0m10:13:15.678938 [debug] [Thread-1 (]: SQL status: ALTER TABLE in 0.002 seconds
[0m10:13:15.734005 [debug] [Thread-1 (]: On model.self_healing_pipeline.daily_weather_summary: COMMIT
[0m10:13:15.735171 [debug] [Thread-1 (]: Using postgres connection "model.self_healing_pipeline.daily_weather_summary"
[0m10:13:15.736371 [debug] [Thread-1 (]: On model.self_healing_pipeline.daily_weather_summary: COMMIT
[0m10:13:15.743247 [debug] [Thread-1 (]: SQL status: COMMIT in 0.006 seconds
[0m10:13:15.759507 [debug] [Thread-1 (]: Applying DROP to: "shp"."public"."daily_weather_summary__dbt_backup"
[0m10:13:15.773075 [debug] [Thread-1 (]: Using postgres connection "model.self_healing_pipeline.daily_weather_summary"
[0m10:13:15.774243 [debug] [Thread-1 (]: On model.self_healing_pipeline.daily_weather_summary: /* {"app": "dbt", "dbt_version": "1.8.2", "profile_name": "self_healing_pipeline", "target_name": "dev", "node_id": "model.self_healing_pipeline.daily_weather_summary"} */
drop table if exists "shp"."public"."daily_weather_summary__dbt_backup" cascade
[0m10:13:15.785168 [debug] [Thread-1 (]: SQL status: DROP TABLE in 0.010 seconds
[0m10:13:15.791152 [debug] [Thread-1 (]: On model.self_healing_pipeline.daily_weather_summary: Close
[0m10:13:15.795433 [debug] [Thread-1 (]: Sending event: {'category': 'dbt', 'action': 'run_model', 'label': 'c77ed094-20a4-48ac-8d17-cfa5953f834f', 'context': [<snowplow_tracker.self_describing_json.SelfDescribingJson object at 0x0000028AF174E990>]}
[0m10:13:15.797370 [info ] [Thread-1 (]: 1 of 1 OK created sql table model public.daily_weather_summary ................. [[32mSELECT 0[0m in 0.35s]
[0m10:13:15.800039 [debug] [Thread-1 (]: Finished running node model.self_healing_pipeline.daily_weather_summary
[0m10:13:15.803444 [debug] [MainThread]: Using postgres connection "master"
[0m10:13:15.804828 [debug] [MainThread]: On master: BEGIN
[0m10:13:15.805820 [debug] [MainThread]: Opening a new connection, currently in state closed
[0m10:13:15.843269 [debug] [MainThread]: SQL status: BEGIN in 0.037 seconds
[0m10:13:15.844340 [debug] [MainThread]: On master: COMMIT
[0m10:13:15.845030 [debug] [MainThread]: Using postgres connection "master"
[0m10:13:15.845622 [debug] [MainThread]: On master: COMMIT
[0m10:13:15.847612 [debug] [MainThread]: SQL status: COMMIT in 0.001 seconds
[0m10:13:15.848462 [debug] [MainThread]: On master: Close
[0m10:13:15.849563 [debug] [MainThread]: Connection 'master' was properly closed.
[0m10:13:15.850561 [debug] [MainThread]: Connection 'list_shp' was properly closed.
[0m10:13:15.851551 [debug] [MainThread]: Connection 'list_shp_public' was properly closed.
[0m10:13:15.852569 [debug] [MainThread]: Connection 'model.self_healing_pipeline.daily_weather_summary' was properly closed.
[0m10:13:15.853882 [info ] [MainThread]: 
[0m10:13:15.855289 [info ] [MainThread]: Finished running 1 table model in 0 hours 0 minutes and 5.88 seconds (5.88s).
[0m10:13:15.857864 [debug] [MainThread]: Command end result
[0m10:13:15.930558 [info ] [MainThread]: 
[0m10:13:15.931845 [info ] [MainThread]: [32mCompleted successfully[0m
[0m10:13:15.932877 [info ] [MainThread]: 
[0m10:13:15.933879 [info ] [MainThread]: Done. PASS=1 WARN=0 ERROR=0 SKIP=0 TOTAL=1
[0m10:13:15.936392 [debug] [MainThread]: Command `dbt run` succeeded at 10:13:15.936109 after 12.04 seconds
[0m10:13:15.937410 [debug] [MainThread]: Sending event: {'category': 'dbt', 'action': 'invocation', 'label': 'end', 'context': [<snowplow_tracker.self_describing_json.SelfDescribingJson object at 0x0000028AF170B960>, <snowplow_tracker.self_describing_json.SelfDescribingJson object at 0x0000028AF1A37A70>, <snowplow_tracker.self_describing_json.SelfDescribingJson object at 0x0000028AF1A37930>]}
[0m10:13:15.938815 [debug] [MainThread]: Flushing usage events
[0m10:13:23.844172 [debug] [MainThread]: Sending event: {'category': 'dbt', 'action': 'invocation', 'label': 'start', 'context': [<snowplow_tracker.self_describing_json.SelfDescribingJson object at 0x000001B368337E00>, <snowplow_tracker.self_describing_json.SelfDescribingJson object at 0x000001B367F45E50>, <snowplow_tracker.self_describing_json.SelfDescribingJson object at 0x000001B36717C910>]}


============================== 10:13:23.854164 | ea09b0d9-5a99-4450-81d6-3f25ea73ceb4 ==============================
[0m10:13:23.854164 [info ] [MainThread]: Running with dbt=1.8.2
[0m10:13:23.855197 [debug] [MainThread]: running dbt with arguments {'printer_width': '80', 'indirect_selection': 'eager', 'log_cache_events': 'False', 'write_json': 'True', 'partial_parse': 'True', 'cache_selected_only': 'False', 'warn_error': 'None', 'debug': 'False', 'profiles_dir': 'C:\\Users\\Qc\\Desktop\\self-healing-pipeline\\transform\\dbt_project', 'log_path': 'C:\\Users\\Qc\\Desktop\\self-healing-pipeline\\transform\\dbt_project\\logs', 'fail_fast': 'False', 'version_check': 'True', 'use_colors': 'True', 'use_experimental_parser': 'False', 'no_print': 'None', 'quiet': 'False', 'warn_error_options': 'WarnErrorOptions(include=[], exclude=[])', 'invocation_command': 'dbt test', 'log_format': 'default', 'static_parser': 'True', 'target_path': 'None', 'introspect': 'True', 'send_anonymous_usage_stats': 'True'}
[0m10:13:24.297985 [debug] [MainThread]: Sending event: {'category': 'dbt', 'action': 'project_id', 'label': 'ea09b0d9-5a99-4450-81d6-3f25ea73ceb4', 'context': [<snowplow_tracker.self_describing_json.SelfDescribingJson object at 0x000001B36B1DF360>]}
[0m10:13:24.524287 [debug] [MainThread]: Sending event: {'category': 'dbt', 'action': 'adapter_info', 'label': 'ea09b0d9-5a99-4450-81d6-3f25ea73ceb4', 'context': [<snowplow_tracker.self_describing_json.SelfDescribingJson object at 0x000001B36AED87C0>]}
[0m10:13:24.527168 [info ] [MainThread]: Registered adapter: postgres=1.8.2
[0m10:13:25.057232 [debug] [MainThread]: checksum: f0a141b9de567cb7f131613ba2682f40b3a1c6a157f81c6e5435862eff68f109, vars: {}, profile: , target: , version: 1.8.2
[0m10:13:25.615850 [debug] [MainThread]: Partial parsing enabled: 0 files deleted, 0 files added, 0 files changed.
[0m10:13:25.616386 [debug] [MainThread]: Partial parsing enabled, no changes found, skipping parsing
[0m10:13:25.707003 [debug] [MainThread]: Sending event: {'category': 'dbt', 'action': 'load_project', 'label': 'ea09b0d9-5a99-4450-81d6-3f25ea73ceb4', 'context': [<snowplow_tracker.self_describing_json.SelfDescribingJson object at 0x000001B36C624550>]}
[0m10:13:26.072375 [debug] [MainThread]: Sending event: {'category': 'dbt', 'action': 'resource_counts', 'label': 'ea09b0d9-5a99-4450-81d6-3f25ea73ceb4', 'context': [<snowplow_tracker.self_describing_json.SelfDescribingJson object at 0x000001B36C6F1400>]}
[0m10:13:26.073542 [info ] [MainThread]: Found 2 models, 6 data tests, 1 source, 428 macros
[0m10:13:26.074105 [debug] [MainThread]: Sending event: {'category': 'dbt', 'action': 'runnable_timing', 'label': 'ea09b0d9-5a99-4450-81d6-3f25ea73ceb4', 'context': [<snowplow_tracker.self_describing_json.SelfDescribingJson object at 0x000001B36C715FD0>]}
[0m10:13:26.079889 [info ] [MainThread]: 
[0m10:13:26.082069 [debug] [MainThread]: Acquiring new postgres connection 'master'
[0m10:13:26.087489 [debug] [ThreadPool]: Acquiring new postgres connection 'list_shp_public'
[0m10:13:26.328510 [debug] [ThreadPool]: Using postgres connection "list_shp_public"
[0m10:13:26.332218 [debug] [ThreadPool]: On list_shp_public: BEGIN
[0m10:13:26.334356 [debug] [ThreadPool]: Opening a new connection, currently in state init
[0m10:13:26.385249 [debug] [ThreadPool]: SQL status: BEGIN in 0.051 seconds
[0m10:13:26.385938 [debug] [ThreadPool]: Using postgres connection "list_shp_public"
[0m10:13:26.386717 [debug] [ThreadPool]: On list_shp_public: /* {"app": "dbt", "dbt_version": "1.8.2", "profile_name": "self_healing_pipeline", "target_name": "dev", "connection_name": "list_shp_public"} */
select
      'shp' as database,
      tablename as name,
      schemaname as schema,
      'table' as type
    from pg_tables
    where schemaname ilike 'public'
    union all
    select
      'shp' as database,
      viewname as name,
      schemaname as schema,
      'view' as type
    from pg_views
    where schemaname ilike 'public'
    union all
    select
      'shp' as database,
      matviewname as name,
      schemaname as schema,
      'materialized_view' as type
    from pg_matviews
    where schemaname ilike 'public'
  
[0m10:13:26.396572 [debug] [ThreadPool]: SQL status: SELECT 4 in 0.009 seconds
[0m10:13:26.401213 [debug] [ThreadPool]: On list_shp_public: ROLLBACK
[0m10:13:26.403975 [debug] [ThreadPool]: On list_shp_public: Close
[0m10:13:26.423942 [debug] [MainThread]: Using postgres connection "master"
[0m10:13:26.424869 [debug] [MainThread]: On master: BEGIN
[0m10:13:26.426847 [debug] [MainThread]: Opening a new connection, currently in state init
[0m10:13:26.474241 [debug] [MainThread]: SQL status: BEGIN in 0.047 seconds
[0m10:13:26.476681 [debug] [MainThread]: Using postgres connection "master"
[0m10:13:26.478665 [debug] [MainThread]: On master: /* {"app": "dbt", "dbt_version": "1.8.2", "profile_name": "self_healing_pipeline", "target_name": "dev", "connection_name": "master"} */
with relation as (
        select
            pg_rewrite.ev_class as class,
            pg_rewrite.oid as id
        from pg_rewrite
    ),
    class as (
        select
            oid as id,
            relname as name,
            relnamespace as schema,
            relkind as kind
        from pg_class
    ),
    dependency as (
        select distinct
            pg_depend.objid as id,
            pg_depend.refobjid as ref
        from pg_depend
    ),
    schema as (
        select
            pg_namespace.oid as id,
            pg_namespace.nspname as name
        from pg_namespace
        where nspname != 'information_schema' and nspname not like 'pg\_%'
    ),
    referenced as (
        select
            relation.id AS id,
            referenced_class.name ,
            referenced_class.schema ,
            referenced_class.kind
        from relation
        join class as referenced_class on relation.class=referenced_class.id
        where referenced_class.kind in ('r', 'v', 'm')
    ),
    relationships as (
        select
            referenced.name as referenced_name,
            referenced.schema as referenced_schema_id,
            dependent_class.name as dependent_name,
            dependent_class.schema as dependent_schema_id,
            referenced.kind as kind
        from referenced
        join dependency on referenced.id=dependency.id
        join class as dependent_class on dependency.ref=dependent_class.id
        where
            (referenced.name != dependent_class.name or
             referenced.schema != dependent_class.schema)
    )

    select
        referenced_schema.name as referenced_schema,
        relationships.referenced_name as referenced_name,
        dependent_schema.name as dependent_schema,
        relationships.dependent_name as dependent_name
    from relationships
    join schema as dependent_schema on relationships.dependent_schema_id=dependent_schema.id
    join schema as referenced_schema on relationships.referenced_schema_id=referenced_schema.id
    group by referenced_schema, referenced_name, dependent_schema, dependent_name
    order by referenced_schema, referenced_name, dependent_schema, dependent_name;
[0m10:13:26.506747 [debug] [MainThread]: SQL status: SELECT 2 in 0.026 seconds
[0m10:13:26.520277 [debug] [MainThread]: Sending event: {'category': 'dbt', 'action': 'runnable_timing', 'label': 'ea09b0d9-5a99-4450-81d6-3f25ea73ceb4', 'context': [<snowplow_tracker.self_describing_json.SelfDescribingJson object at 0x000001B36C929980>]}
[0m10:13:26.523618 [debug] [MainThread]: On master: ROLLBACK
[0m10:13:26.526989 [debug] [MainThread]: Using postgres connection "master"
[0m10:13:26.529863 [debug] [MainThread]: On master: BEGIN
[0m10:13:26.540043 [debug] [MainThread]: SQL status: BEGIN in 0.009 seconds
[0m10:13:26.541271 [debug] [MainThread]: On master: COMMIT
[0m10:13:26.542516 [debug] [MainThread]: Using postgres connection "master"
[0m10:13:26.543694 [debug] [MainThread]: On master: COMMIT
[0m10:13:26.549042 [debug] [MainThread]: SQL status: COMMIT in 0.004 seconds
[0m10:13:26.550244 [debug] [MainThread]: On master: Close
[0m10:13:26.551751 [info ] [MainThread]: Concurrency: 4 threads (target='dev')
[0m10:13:26.553066 [info ] [MainThread]: 
[0m10:13:26.563964 [debug] [Thread-2 (]: Began running node test.self_healing_pipeline.not_null_daily_weather_summary_reading_count.a3aae03769
[0m10:13:26.566024 [debug] [Thread-3 (]: Began running node test.self_healing_pipeline.not_null_stg_weather_humidity_pct.2b05ac1847
[0m10:13:26.567515 [debug] [Thread-1 (]: Began running node test.self_healing_pipeline.not_null_daily_weather_summary_day.94fef7bf6b
[0m10:13:26.570268 [info ] [Thread-2 (]: 2 of 6 START test not_null_daily_weather_summary_reading_count ................. [RUN]
[0m10:13:26.575081 [debug] [Thread-4 (]: Began running node test.self_healing_pipeline.not_null_stg_weather_temperature_c.3a7a09f65f
[0m10:13:26.583075 [info ] [Thread-3 (]: 3 of 6 START test not_null_stg_weather_humidity_pct ............................ [RUN]
[0m10:13:26.585050 [info ] [Thread-1 (]: 1 of 6 START test not_null_daily_weather_summary_day ........................... [RUN]
[0m10:13:26.586919 [debug] [Thread-2 (]: Acquiring new postgres connection 'test.self_healing_pipeline.not_null_daily_weather_summary_reading_count.a3aae03769'
[0m10:13:26.588292 [info ] [Thread-4 (]: 4 of 6 START test not_null_stg_weather_temperature_c ........................... [RUN]
[0m10:13:26.589984 [debug] [Thread-3 (]: Acquiring new postgres connection 'test.self_healing_pipeline.not_null_stg_weather_humidity_pct.2b05ac1847'
[0m10:13:26.591778 [debug] [Thread-1 (]: Acquiring new postgres connection 'test.self_healing_pipeline.not_null_daily_weather_summary_day.94fef7bf6b'
[0m10:13:26.596026 [debug] [Thread-2 (]: Began compiling node test.self_healing_pipeline.not_null_daily_weather_summary_reading_count.a3aae03769
[0m10:13:26.597953 [debug] [Thread-4 (]: Acquiring new postgres connection 'test.self_healing_pipeline.not_null_stg_weather_temperature_c.3a7a09f65f'
[0m10:13:26.599152 [debug] [Thread-3 (]: Began compiling node test.self_healing_pipeline.not_null_stg_weather_humidity_pct.2b05ac1847
[0m10:13:26.600424 [debug] [Thread-1 (]: Began compiling node test.self_healing_pipeline.not_null_daily_weather_summary_day.94fef7bf6b
[0m10:13:26.640643 [debug] [Thread-4 (]: Began compiling node test.self_healing_pipeline.not_null_stg_weather_temperature_c.3a7a09f65f
[0m10:13:26.696483 [debug] [Thread-2 (]: Writing injected SQL for node "test.self_healing_pipeline.not_null_daily_weather_summary_reading_count.a3aae03769"
[0m10:13:26.700530 [debug] [Thread-3 (]: Writing injected SQL for node "test.self_healing_pipeline.not_null_stg_weather_humidity_pct.2b05ac1847"
[0m10:13:26.714490 [debug] [Thread-1 (]: Writing injected SQL for node "test.self_healing_pipeline.not_null_daily_weather_summary_day.94fef7bf6b"
[0m10:13:26.727065 [debug] [Thread-4 (]: Writing injected SQL for node "test.self_healing_pipeline.not_null_stg_weather_temperature_c.3a7a09f65f"
[0m10:13:26.730325 [debug] [Thread-3 (]: Began executing node test.self_healing_pipeline.not_null_stg_weather_humidity_pct.2b05ac1847
[0m10:13:26.731848 [debug] [Thread-2 (]: Began executing node test.self_healing_pipeline.not_null_daily_weather_summary_reading_count.a3aae03769
[0m10:13:26.733118 [debug] [Thread-4 (]: Began executing node test.self_healing_pipeline.not_null_stg_weather_temperature_c.3a7a09f65f
[0m10:13:26.734439 [debug] [Thread-1 (]: Began executing node test.self_healing_pipeline.not_null_daily_weather_summary_day.94fef7bf6b
[0m10:13:26.822077 [debug] [Thread-2 (]: Writing runtime sql for node "test.self_healing_pipeline.not_null_daily_weather_summary_reading_count.a3aae03769"
[0m10:13:26.823203 [debug] [Thread-3 (]: Writing runtime sql for node "test.self_healing_pipeline.not_null_stg_weather_humidity_pct.2b05ac1847"
[0m10:13:26.827765 [debug] [Thread-4 (]: Writing runtime sql for node "test.self_healing_pipeline.not_null_stg_weather_temperature_c.3a7a09f65f"
[0m10:13:26.831029 [debug] [Thread-1 (]: Writing runtime sql for node "test.self_healing_pipeline.not_null_daily_weather_summary_day.94fef7bf6b"
[0m10:13:26.833728 [debug] [Thread-2 (]: Using postgres connection "test.self_healing_pipeline.not_null_daily_weather_summary_reading_count.a3aae03769"
[0m10:13:26.835101 [debug] [Thread-2 (]: On test.self_healing_pipeline.not_null_daily_weather_summary_reading_count.a3aae03769: BEGIN
[0m10:13:26.836326 [debug] [Thread-2 (]: Opening a new connection, currently in state init
[0m10:13:26.837534 [debug] [Thread-1 (]: Using postgres connection "test.self_healing_pipeline.not_null_daily_weather_summary_day.94fef7bf6b"
[0m10:13:26.839401 [debug] [Thread-3 (]: Using postgres connection "test.self_healing_pipeline.not_null_stg_weather_humidity_pct.2b05ac1847"
[0m10:13:26.840850 [debug] [Thread-4 (]: Using postgres connection "test.self_healing_pipeline.not_null_stg_weather_temperature_c.3a7a09f65f"
[0m10:13:26.843257 [debug] [Thread-1 (]: On test.self_healing_pipeline.not_null_daily_weather_summary_day.94fef7bf6b: BEGIN
[0m10:13:26.844635 [debug] [Thread-3 (]: On test.self_healing_pipeline.not_null_stg_weather_humidity_pct.2b05ac1847: BEGIN
[0m10:13:26.846052 [debug] [Thread-4 (]: On test.self_healing_pipeline.not_null_stg_weather_temperature_c.3a7a09f65f: BEGIN
[0m10:13:26.847588 [debug] [Thread-1 (]: Opening a new connection, currently in state init
[0m10:13:26.848992 [debug] [Thread-3 (]: Opening a new connection, currently in state init
[0m10:13:26.850502 [debug] [Thread-4 (]: Opening a new connection, currently in state init
[0m10:13:26.894350 [debug] [Thread-2 (]: SQL status: BEGIN in 0.058 seconds
[0m10:13:26.895757 [debug] [Thread-2 (]: Using postgres connection "test.self_healing_pipeline.not_null_daily_weather_summary_reading_count.a3aae03769"
[0m10:13:26.897021 [debug] [Thread-2 (]: On test.self_healing_pipeline.not_null_daily_weather_summary_reading_count.a3aae03769: /* {"app": "dbt", "dbt_version": "1.8.2", "profile_name": "self_healing_pipeline", "target_name": "dev", "node_id": "test.self_healing_pipeline.not_null_daily_weather_summary_reading_count.a3aae03769"} */
select
      count(*) as failures,
      count(*) != 0 as should_warn,
      count(*) != 0 as should_error
    from (
      
    
    



select reading_count
from "shp"."public"."daily_weather_summary"
where reading_count is null



      
    ) dbt_internal_test
[0m10:13:26.901467 [debug] [Thread-2 (]: SQL status: SELECT 1 in 0.003 seconds
[0m10:13:26.909652 [debug] [Thread-3 (]: SQL status: BEGIN in 0.060 seconds
[0m10:13:26.916718 [debug] [Thread-2 (]: On test.self_healing_pipeline.not_null_daily_weather_summary_reading_count.a3aae03769: ROLLBACK
[0m10:13:26.917782 [debug] [Thread-1 (]: SQL status: BEGIN in 0.070 seconds
[0m10:13:26.918888 [debug] [Thread-3 (]: Using postgres connection "test.self_healing_pipeline.not_null_stg_weather_humidity_pct.2b05ac1847"
[0m10:13:26.920419 [debug] [Thread-1 (]: Using postgres connection "test.self_healing_pipeline.not_null_daily_weather_summary_day.94fef7bf6b"
[0m10:13:26.922030 [debug] [Thread-3 (]: On test.self_healing_pipeline.not_null_stg_weather_humidity_pct.2b05ac1847: /* {"app": "dbt", "dbt_version": "1.8.2", "profile_name": "self_healing_pipeline", "target_name": "dev", "node_id": "test.self_healing_pipeline.not_null_stg_weather_humidity_pct.2b05ac1847"} */
select
      count(*) as failures,
      count(*) != 0 as should_warn,
      count(*) != 0 as should_error
    from (
      
    
    



select humidity_pct
from "shp"."public"."stg_weather"
where humidity_pct is null



      
    ) dbt_internal_test
[0m10:13:26.923722 [debug] [Thread-1 (]: On test.self_healing_pipeline.not_null_daily_weather_summary_day.94fef7bf6b: /* {"app": "dbt", "dbt_version": "1.8.2", "profile_name": "self_healing_pipeline", "target_name": "dev", "node_id": "test.self_healing_pipeline.not_null_daily_weather_summary_day.94fef7bf6b"} */
select
      count(*) as failures,
      count(*) != 0 as should_warn,
      count(*) != 0 as should_error
    from (
      
    
    



select day
from "shp"."public"."daily_weather_summary"
where day is null



      
    ) dbt_internal_test
[0m10:13:26.926182 [debug] [Thread-2 (]: On test.self_healing_pipeline.not_null_daily_weather_summary_reading_count.a3aae03769: Close
[0m10:13:26.928070 [info ] [Thread-2 (]: 2 of 6 PASS not_null_daily_weather_summary_reading_count ....................... [[32mPASS[0m in 0.34s]
[0m10:13:26.929744 [debug] [Thread-2 (]: Finished running node test.self_healing_pipeline.not_null_daily_weather_summary_reading_count.a3aae03769
[0m10:13:26.930997 [debug] [Thread-2 (]: Began running node test.self_healing_pipeline.not_null_stg_weather_ts.4f82cf9d8b
[0m10:13:26.932372 [info ] [Thread-2 (]: 5 of 6 START test not_null_stg_weather_ts ...................................... [RUN]
[0m10:13:26.933977 [debug] [Thread-2 (]: Re-using an available connection from the pool (formerly test.self_healing_pipeline.not_null_daily_weather_summary_reading_count.a3aae03769, now test.self_healing_pipeline.not_null_stg_weather_ts.4f82cf9d8b)
[0m10:13:26.935310 [debug] [Thread-2 (]: Began compiling node test.self_healing_pipeline.not_null_stg_weather_ts.4f82cf9d8b
[0m10:13:26.948324 [debug] [Thread-2 (]: Writing injected SQL for node "test.self_healing_pipeline.not_null_stg_weather_ts.4f82cf9d8b"
[0m10:13:26.949409 [debug] [Thread-4 (]: SQL status: BEGIN in 0.099 seconds
[0m10:13:26.951097 [debug] [Thread-4 (]: Using postgres connection "test.self_healing_pipeline.not_null_stg_weather_temperature_c.3a7a09f65f"
[0m10:13:26.952369 [debug] [Thread-4 (]: On test.self_healing_pipeline.not_null_stg_weather_temperature_c.3a7a09f65f: /* {"app": "dbt", "dbt_version": "1.8.2", "profile_name": "self_healing_pipeline", "target_name": "dev", "node_id": "test.self_healing_pipeline.not_null_stg_weather_temperature_c.3a7a09f65f"} */
select
      count(*) as failures,
      count(*) != 0 as should_warn,
      count(*) != 0 as should_error
    from (
      
    
    



select temperature_c
from "shp"."public"."stg_weather"
where temperature_c is null



      
    ) dbt_internal_test
[0m10:13:26.954280 [debug] [Thread-2 (]: Began executing node test.self_healing_pipeline.not_null_stg_weather_ts.4f82cf9d8b
[0m10:13:26.960205 [debug] [Thread-2 (]: Writing runtime sql for node "test.self_healing_pipeline.not_null_stg_weather_ts.4f82cf9d8b"
[0m10:13:26.962381 [debug] [Thread-2 (]: Using postgres connection "test.self_healing_pipeline.not_null_stg_weather_ts.4f82cf9d8b"
[0m10:13:26.963662 [debug] [Thread-2 (]: On test.self_healing_pipeline.not_null_stg_weather_ts.4f82cf9d8b: BEGIN
[0m10:13:26.964825 [debug] [Thread-2 (]: Opening a new connection, currently in state closed
[0m10:13:26.970645 [debug] [Thread-1 (]: SQL status: SELECT 1 in 0.042 seconds
[0m10:13:26.976028 [debug] [Thread-1 (]: On test.self_healing_pipeline.not_null_daily_weather_summary_day.94fef7bf6b: ROLLBACK
[0m10:13:26.980709 [debug] [Thread-3 (]: SQL status: SELECT 1 in 0.053 seconds
[0m10:13:26.984383 [debug] [Thread-3 (]: On test.self_healing_pipeline.not_null_stg_weather_humidity_pct.2b05ac1847: ROLLBACK
[0m10:13:27.004010 [debug] [Thread-4 (]: SQL status: SELECT 1 in 0.050 seconds
[0m10:13:27.005392 [debug] [Thread-3 (]: On test.self_healing_pipeline.not_null_stg_weather_humidity_pct.2b05ac1847: Close
[0m10:13:27.006783 [debug] [Thread-1 (]: On test.self_healing_pipeline.not_null_daily_weather_summary_day.94fef7bf6b: Close
[0m10:13:27.011320 [debug] [Thread-4 (]: On test.self_healing_pipeline.not_null_stg_weather_temperature_c.3a7a09f65f: ROLLBACK
[0m10:13:27.013103 [info ] [Thread-3 (]: 3 of 6 PASS not_null_stg_weather_humidity_pct .................................. [[32mPASS[0m in 0.42s]
[0m10:13:27.016843 [debug] [Thread-3 (]: Finished running node test.self_healing_pipeline.not_null_stg_weather_humidity_pct.2b05ac1847
[0m10:13:27.014418 [info ] [Thread-1 (]: 1 of 6 PASS not_null_daily_weather_summary_day ................................. [[32mPASS[0m in 0.42s]
[0m10:13:27.018686 [debug] [Thread-3 (]: Began running node test.self_healing_pipeline.unique_daily_weather_summary_day.3ac2b955ee
[0m10:13:27.020979 [debug] [Thread-1 (]: Finished running node test.self_healing_pipeline.not_null_daily_weather_summary_day.94fef7bf6b
[0m10:13:27.022447 [info ] [Thread-3 (]: 6 of 6 START test unique_daily_weather_summary_day ............................. [RUN]
[0m10:13:27.025598 [debug] [Thread-3 (]: Re-using an available connection from the pool (formerly test.self_healing_pipeline.not_null_stg_weather_humidity_pct.2b05ac1847, now test.self_healing_pipeline.unique_daily_weather_summary_day.3ac2b955ee)
[0m10:13:27.027459 [debug] [Thread-3 (]: Began compiling node test.self_healing_pipeline.unique_daily_weather_summary_day.3ac2b955ee
[0m10:13:27.048279 [debug] [Thread-3 (]: Writing injected SQL for node "test.self_healing_pipeline.unique_daily_weather_summary_day.3ac2b955ee"
[0m10:13:27.049710 [debug] [Thread-4 (]: On test.self_healing_pipeline.not_null_stg_weather_temperature_c.3a7a09f65f: Close
[0m10:13:27.051917 [info ] [Thread-4 (]: 4 of 6 PASS not_null_stg_weather_temperature_c ................................. [[32mPASS[0m in 0.45s]
[0m10:13:27.054181 [debug] [Thread-4 (]: Finished running node test.self_healing_pipeline.not_null_stg_weather_temperature_c.3a7a09f65f
[0m10:13:27.055809 [debug] [Thread-3 (]: Began executing node test.self_healing_pipeline.unique_daily_weather_summary_day.3ac2b955ee
[0m10:13:27.062797 [debug] [Thread-3 (]: Writing runtime sql for node "test.self_healing_pipeline.unique_daily_weather_summary_day.3ac2b955ee"
[0m10:13:27.066090 [debug] [Thread-3 (]: Using postgres connection "test.self_healing_pipeline.unique_daily_weather_summary_day.3ac2b955ee"
[0m10:13:27.067393 [debug] [Thread-3 (]: On test.self_healing_pipeline.unique_daily_weather_summary_day.3ac2b955ee: BEGIN
[0m10:13:27.068236 [debug] [Thread-3 (]: Opening a new connection, currently in state closed
[0m10:13:27.139768 [debug] [Thread-2 (]: SQL status: BEGIN in 0.175 seconds
[0m10:13:27.141041 [debug] [Thread-2 (]: Using postgres connection "test.self_healing_pipeline.not_null_stg_weather_ts.4f82cf9d8b"
[0m10:13:27.142404 [debug] [Thread-2 (]: On test.self_healing_pipeline.not_null_stg_weather_ts.4f82cf9d8b: /* {"app": "dbt", "dbt_version": "1.8.2", "profile_name": "self_healing_pipeline", "target_name": "dev", "node_id": "test.self_healing_pipeline.not_null_stg_weather_ts.4f82cf9d8b"} */
select
      count(*) as failures,
      count(*) != 0 as should_warn,
      count(*) != 0 as should_error
    from (
      
    
    



select ts
from "shp"."public"."stg_weather"
where ts is null



      
    ) dbt_internal_test
[0m10:13:27.148493 [debug] [Thread-2 (]: SQL status: SELECT 1 in 0.004 seconds
[0m10:13:27.152110 [debug] [Thread-2 (]: On test.self_healing_pipeline.not_null_stg_weather_ts.4f82cf9d8b: ROLLBACK
[0m10:13:27.155111 [debug] [Thread-2 (]: On test.self_healing_pipeline.not_null_stg_weather_ts.4f82cf9d8b: Close
[0m10:13:27.157153 [info ] [Thread-2 (]: 5 of 6 PASS not_null_stg_weather_ts ............................................ [[32mPASS[0m in 0.22s]
[0m10:13:27.159374 [debug] [Thread-2 (]: Finished running node test.self_healing_pipeline.not_null_stg_weather_ts.4f82cf9d8b
[0m10:13:27.176425 [debug] [Thread-3 (]: SQL status: BEGIN in 0.108 seconds
[0m10:13:27.177718 [debug] [Thread-3 (]: Using postgres connection "test.self_healing_pipeline.unique_daily_weather_summary_day.3ac2b955ee"
[0m10:13:27.179083 [debug] [Thread-3 (]: On test.self_healing_pipeline.unique_daily_weather_summary_day.3ac2b955ee: /* {"app": "dbt", "dbt_version": "1.8.2", "profile_name": "self_healing_pipeline", "target_name": "dev", "node_id": "test.self_healing_pipeline.unique_daily_weather_summary_day.3ac2b955ee"} */
select
      count(*) as failures,
      count(*) != 0 as should_warn,
      count(*) != 0 as should_error
    from (
      
    
    

select
    day as unique_field,
    count(*) as n_records

from "shp"."public"."daily_weather_summary"
where day is not null
group by day
having count(*) > 1



      
    ) dbt_internal_test
[0m10:13:27.184337 [debug] [Thread-3 (]: SQL status: SELECT 1 in 0.004 seconds
[0m10:13:27.188777 [debug] [Thread-3 (]: On test.self_healing_pipeline.unique_daily_weather_summary_day.3ac2b955ee: ROLLBACK
[0m10:13:27.192193 [debug] [Thread-3 (]: On test.self_healing_pipeline.unique_daily_weather_summary_day.3ac2b955ee: Close
[0m10:13:27.193834 [info ] [Thread-3 (]: 6 of 6 PASS unique_daily_weather_summary_day ................................... [[32mPASS[0m in 0.17s]
[0m10:13:27.196261 [debug] [Thread-3 (]: Finished running node test.self_healing_pipeline.unique_daily_weather_summary_day.3ac2b955ee
[0m10:13:27.199573 [debug] [MainThread]: Using postgres connection "master"
[0m10:13:27.200707 [debug] [MainThread]: On master: BEGIN
[0m10:13:27.201830 [debug] [MainThread]: Opening a new connection, currently in state closed
[0m10:13:27.295403 [debug] [MainThread]: SQL status: BEGIN in 0.094 seconds
[0m10:13:27.296444 [debug] [MainThread]: On master: COMMIT
[0m10:13:27.297429 [debug] [MainThread]: Using postgres connection "master"
[0m10:13:27.298452 [debug] [MainThread]: On master: COMMIT
[0m10:13:27.333944 [debug] [MainThread]: SQL status: COMMIT in 0.034 seconds
[0m10:13:27.335358 [debug] [MainThread]: On master: Close
[0m10:13:27.336723 [debug] [MainThread]: Connection 'master' was properly closed.
[0m10:13:27.337643 [debug] [MainThread]: Connection 'list_shp_public' was properly closed.
[0m10:13:27.338412 [debug] [MainThread]: Connection 'test.self_healing_pipeline.not_null_stg_weather_ts.4f82cf9d8b' was properly closed.
[0m10:13:27.339359 [debug] [MainThread]: Connection 'test.self_healing_pipeline.unique_daily_weather_summary_day.3ac2b955ee' was properly closed.
[0m10:13:27.340969 [debug] [MainThread]: Connection 'test.self_healing_pipeline.not_null_daily_weather_summary_day.94fef7bf6b' was properly closed.
[0m10:13:27.344213 [debug] [MainThread]: Connection 'test.self_healing_pipeline.not_null_stg_weather_temperature_c.3a7a09f65f' was properly closed.
[0m10:13:27.347161 [info ] [MainThread]: 
[0m10:13:27.349140 [info ] [MainThread]: Finished running 6 data tests in 0 hours 0 minutes and 1.27 seconds (1.27s).
[0m10:13:27.353625 [debug] [MainThread]: Command end result
[0m10:13:27.544723 [info ] [MainThread]: 
[0m10:13:27.546175 [info ] [MainThread]: [32mCompleted successfully[0m
[0m10:13:27.547574 [info ] [MainThread]: 
[0m10:13:27.548982 [info ] [MainThread]: Done. PASS=6 WARN=0 ERROR=0 SKIP=0 TOTAL=6
[0m10:13:27.552324 [debug] [MainThread]: Command `dbt test` succeeded at 10:13:27.551969 after 3.92 seconds
[0m10:13:27.553766 [debug] [MainThread]: Sending event: {'category': 'dbt', 'action': 'invocation', 'label': 'end', 'context': [<snowplow_tracker.self_describing_json.SelfDescribingJson object at 0x000001B36AF3D190>, <snowplow_tracker.self_describing_json.SelfDescribingJson object at 0x000001B36C735230>, <snowplow_tracker.self_describing_json.SelfDescribingJson object at 0x000001B36C735FF0>]}
[0m10:13:27.555282 [debug] [MainThread]: Flushing usage events
[0m10:13:41.835942 [debug] [MainThread]: Sending event: {'category': 'dbt', 'action': 'invocation', 'label': 'start', 'context': [<snowplow_tracker.self_describing_json.SelfDescribingJson object at 0x00000185695ABE00>, <snowplow_tracker.self_describing_json.SelfDescribingJson object at 0x00000185691B5E50>, <snowplow_tracker.self_describing_json.SelfDescribingJson object at 0x000001856838C910>]}


============================== 10:13:41.843549 | ce522f2a-956f-43a1-8f0f-1cfb946b91e9 ==============================
[0m10:13:41.843549 [info ] [MainThread]: Running with dbt=1.8.2
[0m10:13:41.844407 [debug] [MainThread]: running dbt with arguments {'printer_width': '80', 'indirect_selection': 'eager', 'write_json': 'True', 'log_cache_events': 'False', 'partial_parse': 'True', 'cache_selected_only': 'False', 'warn_error': 'None', 'fail_fast': 'False', 'debug': 'False', 'log_path': 'C:\\Users\\Qc\\Desktop\\self-healing-pipeline\\transform\\dbt_project\\logs', 'profiles_dir': 'C:\\Users\\Qc\\Desktop\\self-healing-pipeline\\transform\\dbt_project', 'version_check': 'True', 'use_colors': 'True', 'use_experimental_parser': 'False', 'no_print': 'None', 'quiet': 'False', 'log_format': 'default', 'invocation_command': 'dbt run --target staging_verify', 'introspect': 'True', 'warn_error_options': 'WarnErrorOptions(include=[], exclude=[])', 'target_path': 'None', 'static_parser': 'True', 'send_anonymous_usage_stats': 'True'}
[0m10:13:42.452435 [debug] [MainThread]: Sending event: {'category': 'dbt', 'action': 'project_id', 'label': 'ce522f2a-956f-43a1-8f0f-1cfb946b91e9', 'context': [<snowplow_tracker.self_describing_json.SelfDescribingJson object at 0x000001856C36F360>]}
[0m10:13:42.643934 [debug] [MainThread]: Sending event: {'category': 'dbt', 'action': 'adapter_info', 'label': 'ce522f2a-956f-43a1-8f0f-1cfb946b91e9', 'context': [<snowplow_tracker.self_describing_json.SelfDescribingJson object at 0x000001856C1587C0>]}
[0m10:13:42.645895 [info ] [MainThread]: Registered adapter: postgres=1.8.2
[0m10:13:43.158743 [debug] [MainThread]: checksum: 1ce49185813d157258f4b6929effd3c140ce815a450235fd09955f03057e6df0, vars: {}, profile: , target: staging_verify, version: 1.8.2
[0m10:13:43.611405 [info ] [MainThread]: Unable to do partial parsing because config vars, config profile, or config target have changed
[0m10:13:43.612207 [debug] [MainThread]: previous checksum: 1ce49185813d157258f4b6929effd3c140ce815a450235fd09955f03057e6df0, current checksum: f0a141b9de567cb7f131613ba2682f40b3a1c6a157f81c6e5435862eff68f109
[0m10:13:43.612701 [info ] [MainThread]: Unable to do partial parsing because profile has changed
[0m10:13:43.613752 [debug] [MainThread]: Sending event: {'category': 'dbt', 'action': 'partial_parser', 'label': 'ce522f2a-956f-43a1-8f0f-1cfb946b91e9', 'context': [<snowplow_tracker.self_describing_json.SelfDescribingJson object at 0x000001856C317A50>]}
[0m10:13:46.168235 [warn ] [MainThread]: [[33mWARNING[0m]: Deprecated functionality
The `tests` config has been renamed to `data_tests`. Please see
https://docs.getdbt.com/docs/build/data-tests#new-data_tests-syntax for more
information.
[0m10:13:46.169247 [debug] [MainThread]: Sending event: {'category': 'dbt', 'action': 'deprecation', 'label': 'ce522f2a-956f-43a1-8f0f-1cfb946b91e9', 'property_': 'warn', 'context': [<snowplow_tracker.self_describing_json.SelfDescribingJson object at 0x000001856C55CE60>]}
[0m10:13:46.851025 [error] [MainThread]: Encountered an error:
Compilation Error
  Model 'model.self_healing_pipeline.stg_weather' (models\staging\stg_weather.sql) depends on a node named 'raw_table' which was not found
[0m10:13:46.854537 [debug] [MainThread]: Command `dbt run` failed at 10:13:46.854000 after 5.32 seconds
[0m10:13:46.856125 [debug] [MainThread]: Sending event: {'category': 'dbt', 'action': 'invocation', 'label': 'end', 'context': [<snowplow_tracker.self_describing_json.SelfDescribingJson object at 0x000001856C063D90>, <snowplow_tracker.self_describing_json.SelfDescribingJson object at 0x000001856C53D0F0>, <snowplow_tracker.self_describing_json.SelfDescribingJson object at 0x000001856D6A2DD0>]}
[0m10:13:46.857537 [debug] [MainThread]: Flushing usage events
[0m10:14:00.166073 [debug] [MainThread]: Sending event: {'category': 'dbt', 'action': 'invocation', 'label': 'start', 'context': [<snowplow_tracker.self_describing_json.SelfDescribingJson object at 0x0000015848EC3E00>, <snowplow_tracker.self_describing_json.SelfDescribingJson object at 0x0000015848AD5E50>, <snowplow_tracker.self_describing_json.SelfDescribingJson object at 0x0000015847CAC910>]}


============================== 10:14:00.177433 | 9e95b07a-c46b-44e7-92e4-dbd915e23004 ==============================
[0m10:14:00.177433 [info ] [MainThread]: Running with dbt=1.8.2
[0m10:14:00.178872 [debug] [MainThread]: running dbt with arguments {'printer_width': '80', 'indirect_selection': 'eager', 'log_cache_events': 'False', 'write_json': 'True', 'partial_parse': 'True', 'cache_selected_only': 'False', 'warn_error': 'None', 'fail_fast': 'False', 'debug': 'False', 'log_path': 'C:\\Users\\Qc\\Desktop\\self-healing-pipeline\\transform\\dbt_project\\logs', 'version_check': 'True', 'profiles_dir': 'C:\\Users\\Qc\\Desktop\\self-healing-pipeline\\transform\\dbt_project', 'use_colors': 'True', 'use_experimental_parser': 'False', 'no_print': 'None', 'quiet': 'False', 'log_format': 'default', 'invocation_command': 'dbt run --target staging_verify', 'static_parser': 'True', 'introspect': 'True', 'target_path': 'None', 'warn_error_options': 'WarnErrorOptions(include=[], exclude=[])', 'send_anonymous_usage_stats': 'True'}
[0m10:14:00.775980 [debug] [MainThread]: Sending event: {'category': 'dbt', 'action': 'project_id', 'label': '9e95b07a-c46b-44e7-92e4-dbd915e23004', 'context': [<snowplow_tracker.self_describing_json.SelfDescribingJson object at 0x000001584BD4F360>]}
[0m10:14:00.922967 [debug] [MainThread]: Sending event: {'category': 'dbt', 'action': 'adapter_info', 'label': '9e95b07a-c46b-44e7-92e4-dbd915e23004', 'context': [<snowplow_tracker.self_describing_json.SelfDescribingJson object at 0x000001584BA887C0>]}
[0m10:14:00.925169 [info ] [MainThread]: Registered adapter: postgres=1.8.2
[0m10:14:01.419050 [debug] [MainThread]: checksum: 1ce49185813d157258f4b6929effd3c140ce815a450235fd09955f03057e6df0, vars: {}, profile: , target: staging_verify, version: 1.8.2
[0m10:14:01.875166 [info ] [MainThread]: Unable to do partial parsing because config vars, config profile, or config target have changed
[0m10:14:01.876406 [debug] [MainThread]: previous checksum: 1ce49185813d157258f4b6929effd3c140ce815a450235fd09955f03057e6df0, current checksum: f0a141b9de567cb7f131613ba2682f40b3a1c6a157f81c6e5435862eff68f109
[0m10:14:01.877265 [info ] [MainThread]: Unable to do partial parsing because profile has changed
[0m10:14:01.878274 [debug] [MainThread]: Sending event: {'category': 'dbt', 'action': 'partial_parser', 'label': '9e95b07a-c46b-44e7-92e4-dbd915e23004', 'context': [<snowplow_tracker.self_describing_json.SelfDescribingJson object at 0x000001584BCFBA50>]}
[0m10:14:04.416790 [error] [MainThread]: Encountered an error:
Compilation Error in model stg_weather (models\staging\stg_weather.sql)
  expected token 'end of print statement', got 'model'
    line 2
      Staging model for the raw weather data.
[0m10:14:04.418395 [debug] [MainThread]: Command `dbt run` failed at 10:14:04.418181 after 4.64 seconds
[0m10:14:04.418944 [debug] [MainThread]: Sending event: {'category': 'dbt', 'action': 'invocation', 'label': 'end', 'context': [<snowplow_tracker.self_describing_json.SelfDescribingJson object at 0x000001584D0B7020>, <snowplow_tracker.self_describing_json.SelfDescribingJson object at 0x000001584D0B5E50>, <snowplow_tracker.self_describing_json.SelfDescribingJson object at 0x000001584B993D90>]}
[0m10:14:04.419502 [debug] [MainThread]: Flushing usage events
[0m10:14:13.433385 [debug] [MainThread]: Sending event: {'category': 'dbt', 'action': 'invocation', 'label': 'start', 'context': [<snowplow_tracker.self_describing_json.SelfDescribingJson object at 0x000001CFC09B7E00>, <snowplow_tracker.self_describing_json.SelfDescribingJson object at 0x000001CFC05B5E50>, <snowplow_tracker.self_describing_json.SelfDescribingJson object at 0x000001CFBF79C910>]}


============================== 10:14:13.442570 | af81e613-3095-40dd-a8c6-c1c5d619f665 ==============================
[0m10:14:13.442570 [info ] [MainThread]: Running with dbt=1.8.2
[0m10:14:13.444090 [debug] [MainThread]: running dbt with arguments {'printer_width': '80', 'indirect_selection': 'eager', 'write_json': 'True', 'log_cache_events': 'False', 'partial_parse': 'True', 'cache_selected_only': 'False', 'warn_error': 'None', 'fail_fast': 'False', 'profiles_dir': 'C:\\Users\\Qc\\Desktop\\self-healing-pipeline\\transform\\dbt_project', 'log_path': 'C:\\Users\\Qc\\Desktop\\self-healing-pipeline\\transform\\dbt_project\\logs', 'version_check': 'True', 'debug': 'False', 'use_colors': 'True', 'use_experimental_parser': 'False', 'no_print': 'None', 'quiet': 'False', 'warn_error_options': 'WarnErrorOptions(include=[], exclude=[])', 'introspect': 'True', 'log_format': 'default', 'invocation_command': 'dbt run --target staging_verify', 'target_path': 'None', 'static_parser': 'True', 'send_anonymous_usage_stats': 'True'}
[0m10:14:13.847320 [debug] [MainThread]: Sending event: {'category': 'dbt', 'action': 'project_id', 'label': 'af81e613-3095-40dd-a8c6-c1c5d619f665', 'context': [<snowplow_tracker.self_describing_json.SelfDescribingJson object at 0x000001CFC377F360>]}
[0m10:14:13.994074 [debug] [MainThread]: Sending event: {'category': 'dbt', 'action': 'adapter_info', 'label': 'af81e613-3095-40dd-a8c6-c1c5d619f665', 'context': [<snowplow_tracker.self_describing_json.SelfDescribingJson object at 0x000001CFC35687C0>]}
[0m10:14:13.995961 [info ] [MainThread]: Registered adapter: postgres=1.8.2
[0m10:14:14.446379 [debug] [MainThread]: checksum: 1ce49185813d157258f4b6929effd3c140ce815a450235fd09955f03057e6df0, vars: {}, profile: , target: staging_verify, version: 1.8.2
[0m10:14:14.818928 [info ] [MainThread]: Unable to do partial parsing because config vars, config profile, or config target have changed
[0m10:14:14.819986 [debug] [MainThread]: previous checksum: 1ce49185813d157258f4b6929effd3c140ce815a450235fd09955f03057e6df0, current checksum: f0a141b9de567cb7f131613ba2682f40b3a1c6a157f81c6e5435862eff68f109
[0m10:14:14.820872 [info ] [MainThread]: Unable to do partial parsing because profile has changed
[0m10:14:14.821784 [debug] [MainThread]: Sending event: {'category': 'dbt', 'action': 'partial_parser', 'label': 'af81e613-3095-40dd-a8c6-c1c5d619f665', 'context': [<snowplow_tracker.self_describing_json.SelfDescribingJson object at 0x000001CFC3727A50>]}
[0m10:14:17.254825 [warn ] [MainThread]: [[33mWARNING[0m]: Deprecated functionality
The `tests` config has been renamed to `data_tests`. Please see
https://docs.getdbt.com/docs/build/data-tests#new-data_tests-syntax for more
information.
[0m10:14:17.256033 [debug] [MainThread]: Sending event: {'category': 'dbt', 'action': 'deprecation', 'label': 'af81e613-3095-40dd-a8c6-c1c5d619f665', 'property_': 'warn', 'context': [<snowplow_tracker.self_describing_json.SelfDescribingJson object at 0x000001CFC38FE8A0>]}
[0m10:14:17.857497 [error] [MainThread]: Encountered an error:
Compilation Error
  Model 'model.self_healing_pipeline.stg_weather' (models\staging\stg_weather.sql) depends on a source named 'raw.weather' which was not found
[0m10:14:17.859676 [debug] [MainThread]: Command `dbt run` failed at 10:14:17.859253 after 4.65 seconds
[0m10:14:17.860293 [debug] [MainThread]: Sending event: {'category': 'dbt', 'action': 'invocation', 'label': 'end', 'context': [<snowplow_tracker.self_describing_json.SelfDescribingJson object at 0x000001CFC3473D90>, <snowplow_tracker.self_describing_json.SelfDescribingJson object at 0x000001CFC4D2FE70>, <snowplow_tracker.self_describing_json.SelfDescribingJson object at 0x000001CFC4B0C600>]}
[0m10:14:17.860785 [debug] [MainThread]: Flushing usage events
[0m10:16:35.200801 [debug] [MainThread]: Sending event: {'category': 'dbt', 'action': 'invocation', 'label': 'start', 'context': [<snowplow_tracker.self_describing_json.SelfDescribingJson object at 0x0000024E07EFBE00>, <snowplow_tracker.self_describing_json.SelfDescribingJson object at 0x0000024E07AF5E50>, <snowplow_tracker.self_describing_json.SelfDescribingJson object at 0x0000024E06CDC910>]}


============================== 10:16:35.213796 | d467d5e1-8fd5-4381-b6cc-bfec4617065e ==============================
[0m10:16:35.213796 [info ] [MainThread]: Running with dbt=1.8.2
[0m10:16:35.215627 [debug] [MainThread]: running dbt with arguments {'printer_width': '80', 'indirect_selection': 'eager', 'write_json': 'True', 'log_cache_events': 'False', 'partial_parse': 'True', 'cache_selected_only': 'False', 'profiles_dir': 'C:\\Users\\Qc\\Desktop\\self-healing-pipeline\\transform\\dbt_project', 'fail_fast': 'False', 'warn_error': 'None', 'log_path': 'C:\\Users\\Qc\\Desktop\\self-healing-pipeline\\transform\\dbt_project\\logs', 'version_check': 'True', 'debug': 'False', 'use_colors': 'True', 'use_experimental_parser': 'False', 'no_print': 'None', 'quiet': 'False', 'log_format': 'default', 'static_parser': 'True', 'introspect': 'True', 'warn_error_options': 'WarnErrorOptions(include=[], exclude=[])', 'target_path': 'None', 'invocation_command': 'dbt run', 'send_anonymous_usage_stats': 'True'}
[0m10:16:35.903794 [debug] [MainThread]: Sending event: {'category': 'dbt', 'action': 'project_id', 'label': 'd467d5e1-8fd5-4381-b6cc-bfec4617065e', 'context': [<snowplow_tracker.self_describing_json.SelfDescribingJson object at 0x0000024E0AD6F360>]}
[0m10:16:36.137532 [debug] [MainThread]: Sending event: {'category': 'dbt', 'action': 'adapter_info', 'label': 'd467d5e1-8fd5-4381-b6cc-bfec4617065e', 'context': [<snowplow_tracker.self_describing_json.SelfDescribingJson object at 0x0000024E0AAB87C0>]}
[0m10:16:36.140774 [info ] [MainThread]: Registered adapter: postgres=1.8.2
[0m10:16:36.865974 [debug] [MainThread]: checksum: f0a141b9de567cb7f131613ba2682f40b3a1c6a157f81c6e5435862eff68f109, vars: {}, profile: , target: , version: 1.8.2
[0m10:16:38.021319 [debug] [MainThread]: Partial parsing enabled: 0 files deleted, 0 files added, 0 files changed.
[0m10:16:38.022345 [debug] [MainThread]: Partial parsing enabled, no changes found, skipping parsing
[0m10:16:38.230308 [debug] [MainThread]: Sending event: {'category': 'dbt', 'action': 'load_project', 'label': 'd467d5e1-8fd5-4381-b6cc-bfec4617065e', 'context': [<snowplow_tracker.self_describing_json.SelfDescribingJson object at 0x0000024E0C198550>]}
[0m10:16:38.682761 [debug] [MainThread]: Sending event: {'category': 'dbt', 'action': 'resource_counts', 'label': 'd467d5e1-8fd5-4381-b6cc-bfec4617065e', 'context': [<snowplow_tracker.self_describing_json.SelfDescribingJson object at 0x0000024E0AEBFE30>]}
[0m10:16:38.684160 [info ] [MainThread]: Found 2 models, 6 data tests, 1 source, 428 macros
[0m10:16:38.685713 [debug] [MainThread]: Sending event: {'category': 'dbt', 'action': 'runnable_timing', 'label': 'd467d5e1-8fd5-4381-b6cc-bfec4617065e', 'context': [<snowplow_tracker.self_describing_json.SelfDescribingJson object at 0x0000024E0C1C9E10>]}
[0m10:16:38.691906 [info ] [MainThread]: 
[0m10:16:38.693544 [debug] [MainThread]: Acquiring new postgres connection 'master'
[0m10:16:38.696081 [debug] [ThreadPool]: Acquiring new postgres connection 'list_shp'
[0m10:16:39.008264 [debug] [ThreadPool]: Using postgres connection "list_shp"
[0m10:16:39.009310 [debug] [ThreadPool]: On list_shp: /* {"app": "dbt", "dbt_version": "1.8.2", "profile_name": "self_healing_pipeline", "target_name": "dev", "connection_name": "list_shp"} */

    select distinct nspname from pg_namespace
  
[0m10:16:39.010316 [debug] [ThreadPool]: Opening a new connection, currently in state init
[0m10:16:39.066147 [debug] [ThreadPool]: SQL status: SELECT 5 in 0.056 seconds
[0m10:16:39.070681 [debug] [ThreadPool]: On list_shp: Close
[0m10:16:39.083776 [debug] [ThreadPool]: Acquiring new postgres connection 'list_shp_public'
[0m10:16:39.101129 [debug] [ThreadPool]: Using postgres connection "list_shp_public"
[0m10:16:39.102141 [debug] [ThreadPool]: On list_shp_public: BEGIN
[0m10:16:39.103034 [debug] [ThreadPool]: Opening a new connection, currently in state init
[0m10:16:39.157013 [debug] [ThreadPool]: SQL status: BEGIN in 0.054 seconds
[0m10:16:39.158328 [debug] [ThreadPool]: Using postgres connection "list_shp_public"
[0m10:16:39.159879 [debug] [ThreadPool]: On list_shp_public: /* {"app": "dbt", "dbt_version": "1.8.2", "profile_name": "self_healing_pipeline", "target_name": "dev", "connection_name": "list_shp_public"} */
select
      'shp' as database,
      tablename as name,
      schemaname as schema,
      'table' as type
    from pg_tables
    where schemaname ilike 'public'
    union all
    select
      'shp' as database,
      viewname as name,
      schemaname as schema,
      'view' as type
    from pg_views
    where schemaname ilike 'public'
    union all
    select
      'shp' as database,
      matviewname as name,
      schemaname as schema,
      'materialized_view' as type
    from pg_matviews
    where schemaname ilike 'public'
  
[0m10:16:39.182259 [debug] [ThreadPool]: SQL status: SELECT 4 in 0.021 seconds
[0m10:16:39.186161 [debug] [ThreadPool]: On list_shp_public: ROLLBACK
[0m10:16:39.191711 [debug] [ThreadPool]: On list_shp_public: Close
[0m10:16:39.209541 [debug] [MainThread]: Using postgres connection "master"
[0m10:16:39.210721 [debug] [MainThread]: On master: BEGIN
[0m10:16:39.211883 [debug] [MainThread]: Opening a new connection, currently in state init
[0m10:16:39.257077 [debug] [MainThread]: SQL status: BEGIN in 0.045 seconds
[0m10:16:39.258451 [debug] [MainThread]: Using postgres connection "master"
[0m10:16:39.259975 [debug] [MainThread]: On master: /* {"app": "dbt", "dbt_version": "1.8.2", "profile_name": "self_healing_pipeline", "target_name": "dev", "connection_name": "master"} */
with relation as (
        select
            pg_rewrite.ev_class as class,
            pg_rewrite.oid as id
        from pg_rewrite
    ),
    class as (
        select
            oid as id,
            relname as name,
            relnamespace as schema,
            relkind as kind
        from pg_class
    ),
    dependency as (
        select distinct
            pg_depend.objid as id,
            pg_depend.refobjid as ref
        from pg_depend
    ),
    schema as (
        select
            pg_namespace.oid as id,
            pg_namespace.nspname as name
        from pg_namespace
        where nspname != 'information_schema' and nspname not like 'pg\_%'
    ),
    referenced as (
        select
            relation.id AS id,
            referenced_class.name ,
            referenced_class.schema ,
            referenced_class.kind
        from relation
        join class as referenced_class on relation.class=referenced_class.id
        where referenced_class.kind in ('r', 'v', 'm')
    ),
    relationships as (
        select
            referenced.name as referenced_name,
            referenced.schema as referenced_schema_id,
            dependent_class.name as dependent_name,
            dependent_class.schema as dependent_schema_id,
            referenced.kind as kind
        from referenced
        join dependency on referenced.id=dependency.id
        join class as dependent_class on dependency.ref=dependent_class.id
        where
            (referenced.name != dependent_class.name or
             referenced.schema != dependent_class.schema)
    )

    select
        referenced_schema.name as referenced_schema,
        relationships.referenced_name as referenced_name,
        dependent_schema.name as dependent_schema,
        relationships.dependent_name as dependent_name
    from relationships
    join schema as dependent_schema on relationships.dependent_schema_id=dependent_schema.id
    join schema as referenced_schema on relationships.referenced_schema_id=referenced_schema.id
    group by referenced_schema, referenced_name, dependent_schema, dependent_name
    order by referenced_schema, referenced_name, dependent_schema, dependent_name;
[0m10:16:39.284206 [debug] [MainThread]: SQL status: SELECT 2 in 0.022 seconds
[0m10:16:39.288729 [debug] [MainThread]: Sending event: {'category': 'dbt', 'action': 'runnable_timing', 'label': 'd467d5e1-8fd5-4381-b6cc-bfec4617065e', 'context': [<snowplow_tracker.self_describing_json.SelfDescribingJson object at 0x0000024E0C4260D0>]}
[0m10:16:39.290418 [debug] [MainThread]: On master: ROLLBACK
[0m10:16:39.293292 [debug] [MainThread]: Using postgres connection "master"
[0m10:16:39.294340 [debug] [MainThread]: On master: BEGIN
[0m10:16:39.298723 [debug] [MainThread]: SQL status: BEGIN in 0.003 seconds
[0m10:16:39.300092 [debug] [MainThread]: On master: COMMIT
[0m10:16:39.301225 [debug] [MainThread]: Using postgres connection "master"
[0m10:16:39.302310 [debug] [MainThread]: On master: COMMIT
[0m10:16:39.304890 [debug] [MainThread]: SQL status: COMMIT in 0.001 seconds
[0m10:16:39.306049 [debug] [MainThread]: On master: Close
[0m10:16:39.307562 [info ] [MainThread]: Concurrency: 4 threads (target='dev')
[0m10:16:39.309235 [info ] [MainThread]: 
[0m10:16:39.320411 [debug] [Thread-1 (]: Began running node model.self_healing_pipeline.daily_weather_summary
[0m10:16:39.323123 [info ] [Thread-1 (]: 1 of 1 START sql table model public.daily_weather_summary ...................... [RUN]
[0m10:16:39.325010 [debug] [Thread-1 (]: Acquiring new postgres connection 'model.self_healing_pipeline.daily_weather_summary'
[0m10:16:39.326338 [debug] [Thread-1 (]: Began compiling node model.self_healing_pipeline.daily_weather_summary
[0m10:16:39.350350 [debug] [Thread-1 (]: Writing injected SQL for node "model.self_healing_pipeline.daily_weather_summary"
[0m10:16:39.353059 [debug] [Thread-1 (]: Began executing node model.self_healing_pipeline.daily_weather_summary
[0m10:16:39.515750 [debug] [Thread-1 (]: Writing runtime sql for node "model.self_healing_pipeline.daily_weather_summary"
[0m10:16:39.518306 [debug] [Thread-1 (]: Using postgres connection "model.self_healing_pipeline.daily_weather_summary"
[0m10:16:39.519524 [debug] [Thread-1 (]: On model.self_healing_pipeline.daily_weather_summary: BEGIN
[0m10:16:39.520656 [debug] [Thread-1 (]: Opening a new connection, currently in state init
[0m10:16:39.572466 [debug] [Thread-1 (]: SQL status: BEGIN in 0.052 seconds
[0m10:16:39.573985 [debug] [Thread-1 (]: Using postgres connection "model.self_healing_pipeline.daily_weather_summary"
[0m10:16:39.575446 [debug] [Thread-1 (]: On model.self_healing_pipeline.daily_weather_summary: /* {"app": "dbt", "dbt_version": "1.8.2", "profile_name": "self_healing_pipeline", "target_name": "dev", "node_id": "model.self_healing_pipeline.daily_weather_summary"} */

  
    

  create  table "shp"."public"."daily_weather_summary__dbt_tmp"
  
  
    as
  
  (
    select
    date_trunc('day', ts)              as day,
    avg(temperature_c)                 as avg_temp_c,
    min(temperature_c)                 as min_temp_c,
    max(temperature_c)                 as max_temp_c,
    avg(humidity_pct)                  as avg_humidity_pct,
    sum(precipitation_mm)              as total_precipitation_mm,
    count(*)                           as reading_count
from "shp"."public"."stg_weather"
group by 1
  );
  
[0m10:16:39.665284 [debug] [Thread-1 (]: SQL status: SELECT 0 in 0.088 seconds
[0m10:16:39.687054 [debug] [Thread-1 (]: Using postgres connection "model.self_healing_pipeline.daily_weather_summary"
[0m10:16:39.689184 [debug] [Thread-1 (]: On model.self_healing_pipeline.daily_weather_summary: /* {"app": "dbt", "dbt_version": "1.8.2", "profile_name": "self_healing_pipeline", "target_name": "dev", "node_id": "model.self_healing_pipeline.daily_weather_summary"} */
alter table "shp"."public"."daily_weather_summary" rename to "daily_weather_summary__dbt_backup"
[0m10:16:39.701452 [debug] [Thread-1 (]: SQL status: ALTER TABLE in 0.010 seconds
[0m10:16:39.715019 [debug] [Thread-1 (]: Using postgres connection "model.self_healing_pipeline.daily_weather_summary"
[0m10:16:39.716634 [debug] [Thread-1 (]: On model.self_healing_pipeline.daily_weather_summary: /* {"app": "dbt", "dbt_version": "1.8.2", "profile_name": "self_healing_pipeline", "target_name": "dev", "node_id": "model.self_healing_pipeline.daily_weather_summary"} */
alter table "shp"."public"."daily_weather_summary__dbt_tmp" rename to "daily_weather_summary"
[0m10:16:39.720285 [debug] [Thread-1 (]: SQL status: ALTER TABLE in 0.002 seconds
[0m10:16:39.789747 [debug] [Thread-1 (]: On model.self_healing_pipeline.daily_weather_summary: COMMIT
[0m10:16:39.791054 [debug] [Thread-1 (]: Using postgres connection "model.self_healing_pipeline.daily_weather_summary"
[0m10:16:39.792355 [debug] [Thread-1 (]: On model.self_healing_pipeline.daily_weather_summary: COMMIT
[0m10:16:39.798675 [debug] [Thread-1 (]: SQL status: COMMIT in 0.005 seconds
[0m10:16:39.817537 [debug] [Thread-1 (]: Applying DROP to: "shp"."public"."daily_weather_summary__dbt_backup"
[0m10:16:39.832051 [debug] [Thread-1 (]: Using postgres connection "model.self_healing_pipeline.daily_weather_summary"
[0m10:16:39.833228 [debug] [Thread-1 (]: On model.self_healing_pipeline.daily_weather_summary: /* {"app": "dbt", "dbt_version": "1.8.2", "profile_name": "self_healing_pipeline", "target_name": "dev", "node_id": "model.self_healing_pipeline.daily_weather_summary"} */
drop table if exists "shp"."public"."daily_weather_summary__dbt_backup" cascade
[0m10:16:39.843181 [debug] [Thread-1 (]: SQL status: DROP TABLE in 0.009 seconds
[0m10:16:39.849848 [debug] [Thread-1 (]: On model.self_healing_pipeline.daily_weather_summary: Close
[0m10:16:39.854013 [debug] [Thread-1 (]: Sending event: {'category': 'dbt', 'action': 'run_model', 'label': 'd467d5e1-8fd5-4381-b6cc-bfec4617065e', 'context': [<snowplow_tracker.self_describing_json.SelfDescribingJson object at 0x0000024E0C232990>]}
[0m10:16:39.856393 [info ] [Thread-1 (]: 1 of 1 OK created sql table model public.daily_weather_summary ................. [[32mSELECT 0[0m in 0.53s]
[0m10:16:39.858915 [debug] [Thread-1 (]: Finished running node model.self_healing_pipeline.daily_weather_summary
[0m10:16:39.862384 [debug] [MainThread]: Using postgres connection "master"
[0m10:16:39.863626 [debug] [MainThread]: On master: BEGIN
[0m10:16:39.864804 [debug] [MainThread]: Opening a new connection, currently in state closed
[0m10:16:39.909245 [debug] [MainThread]: SQL status: BEGIN in 0.044 seconds
[0m10:16:39.910407 [debug] [MainThread]: On master: COMMIT
[0m10:16:39.911576 [debug] [MainThread]: Using postgres connection "master"
[0m10:16:39.912657 [debug] [MainThread]: On master: COMMIT
[0m10:16:39.916140 [debug] [MainThread]: SQL status: COMMIT in 0.002 seconds
[0m10:16:39.917289 [debug] [MainThread]: On master: Close
[0m10:16:39.918693 [debug] [MainThread]: Connection 'master' was properly closed.
[0m10:16:39.919900 [debug] [MainThread]: Connection 'list_shp' was properly closed.
[0m10:16:39.920971 [debug] [MainThread]: Connection 'list_shp_public' was properly closed.
[0m10:16:39.922198 [debug] [MainThread]: Connection 'model.self_healing_pipeline.daily_weather_summary' was properly closed.
[0m10:16:39.923666 [info ] [MainThread]: 
[0m10:16:39.924957 [info ] [MainThread]: Finished running 1 table model in 0 hours 0 minutes and 1.23 seconds (1.23s).
[0m10:16:39.927336 [debug] [MainThread]: Command end result
[0m10:16:40.029171 [info ] [MainThread]: 
[0m10:16:40.030579 [info ] [MainThread]: [32mCompleted successfully[0m
[0m10:16:40.031963 [info ] [MainThread]: 
[0m10:16:40.033257 [info ] [MainThread]: Done. PASS=1 WARN=0 ERROR=0 SKIP=0 TOTAL=1
[0m10:16:40.035908 [debug] [MainThread]: Command `dbt run` succeeded at 10:16:40.035576 after 5.35 seconds
[0m10:16:40.037080 [debug] [MainThread]: Sending event: {'category': 'dbt', 'action': 'invocation', 'label': 'end', 'context': [<snowplow_tracker.self_describing_json.SelfDescribingJson object at 0x0000024E0C1EB960>, <snowplow_tracker.self_describing_json.SelfDescribingJson object at 0x0000024E0C1FB070>, <snowplow_tracker.self_describing_json.SelfDescribingJson object at 0x0000024E0C1FB7F0>]}
[0m10:16:40.038235 [debug] [MainThread]: Flushing usage events
[0m10:16:53.948666 [debug] [MainThread]: Sending event: {'category': 'dbt', 'action': 'invocation', 'label': 'start', 'context': [<snowplow_tracker.self_describing_json.SelfDescribingJson object at 0x000002CCC157BE00>, <snowplow_tracker.self_describing_json.SelfDescribingJson object at 0x000002CCC1185E50>, <snowplow_tracker.self_describing_json.SelfDescribingJson object at 0x000002CCC035C910>]}


============================== 10:16:54.020315 | 2aad91e2-de28-401f-84e7-5dd75ef051b0 ==============================
[0m10:16:54.020315 [info ] [MainThread]: Running with dbt=1.8.2
[0m10:16:54.022173 [debug] [MainThread]: running dbt with arguments {'printer_width': '80', 'indirect_selection': 'eager', 'write_json': 'True', 'log_cache_events': 'False', 'partial_parse': 'True', 'cache_selected_only': 'False', 'warn_error': 'None', 'fail_fast': 'False', 'version_check': 'True', 'log_path': 'C:\\Users\\Qc\\Desktop\\self-healing-pipeline\\transform\\dbt_project\\logs', 'profiles_dir': 'C:\\Users\\Qc\\Desktop\\self-healing-pipeline\\transform\\dbt_project', 'debug': 'False', 'use_colors': 'True', 'use_experimental_parser': 'False', 'no_print': 'None', 'quiet': 'False', 'warn_error_options': 'WarnErrorOptions(include=[], exclude=[])', 'static_parser': 'True', 'log_format': 'default', 'introspect': 'True', 'target_path': 'None', 'invocation_command': 'dbt test', 'send_anonymous_usage_stats': 'True'}
[0m10:16:54.843087 [debug] [MainThread]: Sending event: {'category': 'dbt', 'action': 'project_id', 'label': '2aad91e2-de28-401f-84e7-5dd75ef051b0', 'context': [<snowplow_tracker.self_describing_json.SelfDescribingJson object at 0x000002CCC434F360>]}
[0m10:16:55.067627 [debug] [MainThread]: Sending event: {'category': 'dbt', 'action': 'adapter_info', 'label': '2aad91e2-de28-401f-84e7-5dd75ef051b0', 'context': [<snowplow_tracker.self_describing_json.SelfDescribingJson object at 0x000002CCC41287C0>]}
[0m10:16:55.070674 [info ] [MainThread]: Registered adapter: postgres=1.8.2
[0m10:16:55.788274 [debug] [MainThread]: checksum: f0a141b9de567cb7f131613ba2682f40b3a1c6a157f81c6e5435862eff68f109, vars: {}, profile: , target: , version: 1.8.2
[0m10:16:56.600115 [debug] [MainThread]: Partial parsing enabled: 0 files deleted, 0 files added, 0 files changed.
[0m10:16:56.601806 [debug] [MainThread]: Partial parsing enabled, no changes found, skipping parsing
[0m10:16:56.768403 [debug] [MainThread]: Sending event: {'category': 'dbt', 'action': 'load_project', 'label': '2aad91e2-de28-401f-84e7-5dd75ef051b0', 'context': [<snowplow_tracker.self_describing_json.SelfDescribingJson object at 0x000002CCC5780550>]}
[0m10:16:57.167341 [debug] [MainThread]: Sending event: {'category': 'dbt', 'action': 'resource_counts', 'label': '2aad91e2-de28-401f-84e7-5dd75ef051b0', 'context': [<snowplow_tracker.self_describing_json.SelfDescribingJson object at 0x000002CCC5861400>]}
[0m10:16:57.168546 [info ] [MainThread]: Found 2 models, 6 data tests, 1 source, 428 macros
[0m10:16:57.169686 [debug] [MainThread]: Sending event: {'category': 'dbt', 'action': 'runnable_timing', 'label': '2aad91e2-de28-401f-84e7-5dd75ef051b0', 'context': [<snowplow_tracker.self_describing_json.SelfDescribingJson object at 0x000002CCC5885FD0>]}
[0m10:16:57.175388 [info ] [MainThread]: 
[0m10:16:57.177316 [debug] [MainThread]: Acquiring new postgres connection 'master'
[0m10:16:57.188211 [debug] [ThreadPool]: Acquiring new postgres connection 'list_shp_public'
[0m10:16:57.535435 [debug] [ThreadPool]: Using postgres connection "list_shp_public"
[0m10:16:57.536707 [debug] [ThreadPool]: On list_shp_public: BEGIN
[0m10:16:57.538447 [debug] [ThreadPool]: Opening a new connection, currently in state init
[0m10:16:57.587224 [debug] [ThreadPool]: SQL status: BEGIN in 0.049 seconds
[0m10:16:57.588299 [debug] [ThreadPool]: Using postgres connection "list_shp_public"
[0m10:16:57.589396 [debug] [ThreadPool]: On list_shp_public: /* {"app": "dbt", "dbt_version": "1.8.2", "profile_name": "self_healing_pipeline", "target_name": "dev", "connection_name": "list_shp_public"} */
select
      'shp' as database,
      tablename as name,
      schemaname as schema,
      'table' as type
    from pg_tables
    where schemaname ilike 'public'
    union all
    select
      'shp' as database,
      viewname as name,
      schemaname as schema,
      'view' as type
    from pg_views
    where schemaname ilike 'public'
    union all
    select
      'shp' as database,
      matviewname as name,
      schemaname as schema,
      'materialized_view' as type
    from pg_matviews
    where schemaname ilike 'public'
  
[0m10:16:57.599734 [debug] [ThreadPool]: SQL status: SELECT 4 in 0.009 seconds
[0m10:16:57.604414 [debug] [ThreadPool]: On list_shp_public: ROLLBACK
[0m10:16:57.607099 [debug] [ThreadPool]: On list_shp_public: Close
[0m10:16:57.621890 [debug] [MainThread]: Using postgres connection "master"
[0m10:16:57.623056 [debug] [MainThread]: On master: BEGIN
[0m10:16:57.624121 [debug] [MainThread]: Opening a new connection, currently in state init
[0m10:16:57.668138 [debug] [MainThread]: SQL status: BEGIN in 0.044 seconds
[0m10:16:57.669350 [debug] [MainThread]: Using postgres connection "master"
[0m10:16:57.670950 [debug] [MainThread]: On master: /* {"app": "dbt", "dbt_version": "1.8.2", "profile_name": "self_healing_pipeline", "target_name": "dev", "connection_name": "master"} */
with relation as (
        select
            pg_rewrite.ev_class as class,
            pg_rewrite.oid as id
        from pg_rewrite
    ),
    class as (
        select
            oid as id,
            relname as name,
            relnamespace as schema,
            relkind as kind
        from pg_class
    ),
    dependency as (
        select distinct
            pg_depend.objid as id,
            pg_depend.refobjid as ref
        from pg_depend
    ),
    schema as (
        select
            pg_namespace.oid as id,
            pg_namespace.nspname as name
        from pg_namespace
        where nspname != 'information_schema' and nspname not like 'pg\_%'
    ),
    referenced as (
        select
            relation.id AS id,
            referenced_class.name ,
            referenced_class.schema ,
            referenced_class.kind
        from relation
        join class as referenced_class on relation.class=referenced_class.id
        where referenced_class.kind in ('r', 'v', 'm')
    ),
    relationships as (
        select
            referenced.name as referenced_name,
            referenced.schema as referenced_schema_id,
            dependent_class.name as dependent_name,
            dependent_class.schema as dependent_schema_id,
            referenced.kind as kind
        from referenced
        join dependency on referenced.id=dependency.id
        join class as dependent_class on dependency.ref=dependent_class.id
        where
            (referenced.name != dependent_class.name or
             referenced.schema != dependent_class.schema)
    )

    select
        referenced_schema.name as referenced_schema,
        relationships.referenced_name as referenced_name,
        dependent_schema.name as dependent_schema,
        relationships.dependent_name as dependent_name
    from relationships
    join schema as dependent_schema on relationships.dependent_schema_id=dependent_schema.id
    join schema as referenced_schema on relationships.referenced_schema_id=referenced_schema.id
    group by referenced_schema, referenced_name, dependent_schema, dependent_name
    order by referenced_schema, referenced_name, dependent_schema, dependent_name;
[0m10:16:57.688056 [debug] [MainThread]: SQL status: SELECT 2 in 0.015 seconds
[0m10:16:57.694382 [debug] [MainThread]: Sending event: {'category': 'dbt', 'action': 'runnable_timing', 'label': '2aad91e2-de28-401f-84e7-5dd75ef051b0', 'context': [<snowplow_tracker.self_describing_json.SelfDescribingJson object at 0x000002CCC5AA9980>]}
[0m10:16:57.695845 [debug] [MainThread]: On master: ROLLBACK
[0m10:16:57.698849 [debug] [MainThread]: Using postgres connection "master"
[0m10:16:57.700025 [debug] [MainThread]: On master: BEGIN
[0m10:16:57.704512 [debug] [MainThread]: SQL status: BEGIN in 0.003 seconds
[0m10:16:57.705619 [debug] [MainThread]: On master: COMMIT
[0m10:16:57.706751 [debug] [MainThread]: Using postgres connection "master"
[0m10:16:57.707966 [debug] [MainThread]: On master: COMMIT
[0m10:16:57.710812 [debug] [MainThread]: SQL status: COMMIT in 0.002 seconds
[0m10:16:57.712134 [debug] [MainThread]: On master: Close
[0m10:16:57.713732 [info ] [MainThread]: Concurrency: 4 threads (target='dev')
[0m10:16:57.715122 [info ] [MainThread]: 
[0m10:16:57.725689 [debug] [Thread-3 (]: Began running node test.self_healing_pipeline.not_null_stg_weather_humidity_pct.2b05ac1847
[0m10:16:57.727319 [debug] [Thread-4 (]: Began running node test.self_healing_pipeline.not_null_stg_weather_temperature_c.3a7a09f65f
[0m10:16:57.728747 [debug] [Thread-1 (]: Began running node test.self_healing_pipeline.not_null_daily_weather_summary_day.94fef7bf6b
[0m10:16:57.730251 [debug] [Thread-2 (]: Began running node test.self_healing_pipeline.not_null_daily_weather_summary_reading_count.a3aae03769
[0m10:16:57.731587 [info ] [Thread-3 (]: 3 of 6 START test not_null_stg_weather_humidity_pct ............................ [RUN]
[0m10:16:57.733318 [info ] [Thread-4 (]: 4 of 6 START test not_null_stg_weather_temperature_c ........................... [RUN]
[0m10:16:57.735025 [info ] [Thread-1 (]: 1 of 6 START test not_null_daily_weather_summary_day ........................... [RUN]
[0m10:16:57.736805 [info ] [Thread-2 (]: 2 of 6 START test not_null_daily_weather_summary_reading_count ................. [RUN]
[0m10:16:57.738573 [debug] [Thread-3 (]: Acquiring new postgres connection 'test.self_healing_pipeline.not_null_stg_weather_humidity_pct.2b05ac1847'
[0m10:16:57.740173 [debug] [Thread-4 (]: Acquiring new postgres connection 'test.self_healing_pipeline.not_null_stg_weather_temperature_c.3a7a09f65f'
[0m10:16:57.741733 [debug] [Thread-1 (]: Acquiring new postgres connection 'test.self_healing_pipeline.not_null_daily_weather_summary_day.94fef7bf6b'
[0m10:16:57.743462 [debug] [Thread-2 (]: Acquiring new postgres connection 'test.self_healing_pipeline.not_null_daily_weather_summary_reading_count.a3aae03769'
[0m10:16:57.744812 [debug] [Thread-3 (]: Began compiling node test.self_healing_pipeline.not_null_stg_weather_humidity_pct.2b05ac1847
[0m10:16:57.746186 [debug] [Thread-4 (]: Began compiling node test.self_healing_pipeline.not_null_stg_weather_temperature_c.3a7a09f65f
[0m10:16:57.747472 [debug] [Thread-1 (]: Began compiling node test.self_healing_pipeline.not_null_daily_weather_summary_day.94fef7bf6b
[0m10:16:57.748819 [debug] [Thread-2 (]: Began compiling node test.self_healing_pipeline.not_null_daily_weather_summary_reading_count.a3aae03769
[0m10:16:57.834517 [debug] [Thread-3 (]: Writing injected SQL for node "test.self_healing_pipeline.not_null_stg_weather_humidity_pct.2b05ac1847"
[0m10:16:57.852220 [debug] [Thread-4 (]: Writing injected SQL for node "test.self_healing_pipeline.not_null_stg_weather_temperature_c.3a7a09f65f"
[0m10:16:57.854031 [debug] [Thread-1 (]: Writing injected SQL for node "test.self_healing_pipeline.not_null_daily_weather_summary_day.94fef7bf6b"
[0m10:16:57.865096 [debug] [Thread-2 (]: Writing injected SQL for node "test.self_healing_pipeline.not_null_daily_weather_summary_reading_count.a3aae03769"
[0m10:16:57.869048 [debug] [Thread-1 (]: Began executing node test.self_healing_pipeline.not_null_daily_weather_summary_day.94fef7bf6b
[0m10:16:57.870418 [debug] [Thread-2 (]: Began executing node test.self_healing_pipeline.not_null_daily_weather_summary_reading_count.a3aae03769
[0m10:16:57.888027 [debug] [Thread-3 (]: Began executing node test.self_healing_pipeline.not_null_stg_weather_humidity_pct.2b05ac1847
[0m10:16:57.938778 [debug] [Thread-1 (]: Writing runtime sql for node "test.self_healing_pipeline.not_null_daily_weather_summary_day.94fef7bf6b"
[0m10:16:57.964340 [debug] [Thread-2 (]: Writing runtime sql for node "test.self_healing_pipeline.not_null_daily_weather_summary_reading_count.a3aae03769"
[0m10:16:57.971610 [debug] [Thread-3 (]: Writing runtime sql for node "test.self_healing_pipeline.not_null_stg_weather_humidity_pct.2b05ac1847"
[0m10:16:57.973361 [debug] [Thread-4 (]: Began executing node test.self_healing_pipeline.not_null_stg_weather_temperature_c.3a7a09f65f
[0m10:16:57.981405 [debug] [Thread-4 (]: Writing runtime sql for node "test.self_healing_pipeline.not_null_stg_weather_temperature_c.3a7a09f65f"
[0m10:16:57.983039 [debug] [Thread-2 (]: Using postgres connection "test.self_healing_pipeline.not_null_daily_weather_summary_reading_count.a3aae03769"
[0m10:16:57.984566 [debug] [Thread-1 (]: Using postgres connection "test.self_healing_pipeline.not_null_daily_weather_summary_day.94fef7bf6b"
[0m10:16:57.986294 [debug] [Thread-2 (]: On test.self_healing_pipeline.not_null_daily_weather_summary_reading_count.a3aae03769: BEGIN
[0m10:16:57.987799 [debug] [Thread-1 (]: On test.self_healing_pipeline.not_null_daily_weather_summary_day.94fef7bf6b: BEGIN
[0m10:16:57.989448 [debug] [Thread-3 (]: Using postgres connection "test.self_healing_pipeline.not_null_stg_weather_humidity_pct.2b05ac1847"
[0m10:16:57.990996 [debug] [Thread-2 (]: Opening a new connection, currently in state init
[0m10:16:57.992325 [debug] [Thread-1 (]: Opening a new connection, currently in state init
[0m10:16:57.993638 [debug] [Thread-4 (]: Using postgres connection "test.self_healing_pipeline.not_null_stg_weather_temperature_c.3a7a09f65f"
[0m10:16:57.995070 [debug] [Thread-3 (]: On test.self_healing_pipeline.not_null_stg_weather_humidity_pct.2b05ac1847: BEGIN
[0m10:16:57.997116 [debug] [Thread-4 (]: On test.self_healing_pipeline.not_null_stg_weather_temperature_c.3a7a09f65f: BEGIN
[0m10:16:57.998971 [debug] [Thread-3 (]: Opening a new connection, currently in state init
[0m10:16:58.001310 [debug] [Thread-4 (]: Opening a new connection, currently in state init
[0m10:16:58.252074 [debug] [Thread-1 (]: SQL status: BEGIN in 0.260 seconds
[0m10:16:58.253579 [debug] [Thread-1 (]: Using postgres connection "test.self_healing_pipeline.not_null_daily_weather_summary_day.94fef7bf6b"
[0m10:16:58.255048 [debug] [Thread-1 (]: On test.self_healing_pipeline.not_null_daily_weather_summary_day.94fef7bf6b: /* {"app": "dbt", "dbt_version": "1.8.2", "profile_name": "self_healing_pipeline", "target_name": "dev", "node_id": "test.self_healing_pipeline.not_null_daily_weather_summary_day.94fef7bf6b"} */
select
      count(*) as failures,
      count(*) != 0 as should_warn,
      count(*) != 0 as should_error
    from (
      
    
    



select day
from "shp"."public"."daily_weather_summary"
where day is null



      
    ) dbt_internal_test
[0m10:16:58.420272 [debug] [Thread-1 (]: SQL status: SELECT 1 in 0.164 seconds
[0m10:16:58.432921 [debug] [Thread-1 (]: On test.self_healing_pipeline.not_null_daily_weather_summary_day.94fef7bf6b: ROLLBACK
[0m10:16:58.459496 [debug] [Thread-4 (]: SQL status: BEGIN in 0.458 seconds
[0m10:16:58.461232 [debug] [Thread-3 (]: SQL status: BEGIN in 0.463 seconds
[0m10:16:58.462662 [debug] [Thread-4 (]: Using postgres connection "test.self_healing_pipeline.not_null_stg_weather_temperature_c.3a7a09f65f"
[0m10:16:58.463968 [debug] [Thread-3 (]: Using postgres connection "test.self_healing_pipeline.not_null_stg_weather_humidity_pct.2b05ac1847"
[0m10:16:58.465489 [debug] [Thread-4 (]: On test.self_healing_pipeline.not_null_stg_weather_temperature_c.3a7a09f65f: /* {"app": "dbt", "dbt_version": "1.8.2", "profile_name": "self_healing_pipeline", "target_name": "dev", "node_id": "test.self_healing_pipeline.not_null_stg_weather_temperature_c.3a7a09f65f"} */
select
      count(*) as failures,
      count(*) != 0 as should_warn,
      count(*) != 0 as should_error
    from (
      
    
    



select temperature_c
from "shp"."public"."stg_weather"
where temperature_c is null



      
    ) dbt_internal_test
[0m10:16:58.467313 [debug] [Thread-3 (]: On test.self_healing_pipeline.not_null_stg_weather_humidity_pct.2b05ac1847: /* {"app": "dbt", "dbt_version": "1.8.2", "profile_name": "self_healing_pipeline", "target_name": "dev", "node_id": "test.self_healing_pipeline.not_null_stg_weather_humidity_pct.2b05ac1847"} */
select
      count(*) as failures,
      count(*) != 0 as should_warn,
      count(*) != 0 as should_error
    from (
      
    
    



select humidity_pct
from "shp"."public"."stg_weather"
where humidity_pct is null



      
    ) dbt_internal_test
[0m10:16:58.477968 [debug] [Thread-2 (]: SQL status: BEGIN in 0.487 seconds
[0m10:16:58.479396 [debug] [Thread-1 (]: On test.self_healing_pipeline.not_null_daily_weather_summary_day.94fef7bf6b: Close
[0m10:16:58.480864 [debug] [Thread-2 (]: Using postgres connection "test.self_healing_pipeline.not_null_daily_weather_summary_reading_count.a3aae03769"
[0m10:16:58.482453 [debug] [Thread-2 (]: On test.self_healing_pipeline.not_null_daily_weather_summary_reading_count.a3aae03769: /* {"app": "dbt", "dbt_version": "1.8.2", "profile_name": "self_healing_pipeline", "target_name": "dev", "node_id": "test.self_healing_pipeline.not_null_daily_weather_summary_reading_count.a3aae03769"} */
select
      count(*) as failures,
      count(*) != 0 as should_warn,
      count(*) != 0 as should_error
    from (
      
    
    



select reading_count
from "shp"."public"."daily_weather_summary"
where reading_count is null



      
    ) dbt_internal_test
[0m10:16:58.484765 [info ] [Thread-1 (]: 1 of 6 PASS not_null_daily_weather_summary_day ................................. [[32mPASS[0m in 0.74s]
[0m10:16:58.487103 [debug] [Thread-1 (]: Finished running node test.self_healing_pipeline.not_null_daily_weather_summary_day.94fef7bf6b
[0m10:16:58.488516 [debug] [Thread-1 (]: Began running node test.self_healing_pipeline.not_null_stg_weather_ts.4f82cf9d8b
[0m10:16:58.489989 [info ] [Thread-1 (]: 5 of 6 START test not_null_stg_weather_ts ...................................... [RUN]
[0m10:16:58.491449 [debug] [Thread-1 (]: Re-using an available connection from the pool (formerly test.self_healing_pipeline.not_null_daily_weather_summary_day.94fef7bf6b, now test.self_healing_pipeline.not_null_stg_weather_ts.4f82cf9d8b)
[0m10:16:58.492780 [debug] [Thread-1 (]: Began compiling node test.self_healing_pipeline.not_null_stg_weather_ts.4f82cf9d8b
[0m10:16:58.504388 [debug] [Thread-4 (]: SQL status: SELECT 1 in 0.036 seconds
[0m10:16:58.506583 [debug] [Thread-1 (]: Writing injected SQL for node "test.self_healing_pipeline.not_null_stg_weather_ts.4f82cf9d8b"
[0m10:16:58.507761 [debug] [Thread-3 (]: SQL status: SELECT 1 in 0.039 seconds
[0m10:16:58.508670 [debug] [Thread-2 (]: SQL status: SELECT 1 in 0.023 seconds
[0m10:16:58.512669 [debug] [Thread-4 (]: On test.self_healing_pipeline.not_null_stg_weather_temperature_c.3a7a09f65f: ROLLBACK
[0m10:16:58.517253 [debug] [Thread-3 (]: On test.self_healing_pipeline.not_null_stg_weather_humidity_pct.2b05ac1847: ROLLBACK
[0m10:16:58.522736 [debug] [Thread-2 (]: On test.self_healing_pipeline.not_null_daily_weather_summary_reading_count.a3aae03769: ROLLBACK
[0m10:16:58.524458 [debug] [Thread-1 (]: Began executing node test.self_healing_pipeline.not_null_stg_weather_ts.4f82cf9d8b
[0m10:16:58.530910 [debug] [Thread-1 (]: Writing runtime sql for node "test.self_healing_pipeline.not_null_stg_weather_ts.4f82cf9d8b"
[0m10:16:58.533614 [debug] [Thread-1 (]: Using postgres connection "test.self_healing_pipeline.not_null_stg_weather_ts.4f82cf9d8b"
[0m10:16:58.535069 [debug] [Thread-1 (]: On test.self_healing_pipeline.not_null_stg_weather_ts.4f82cf9d8b: BEGIN
[0m10:16:58.536267 [debug] [Thread-1 (]: Opening a new connection, currently in state closed
[0m10:16:58.540948 [debug] [Thread-2 (]: On test.self_healing_pipeline.not_null_daily_weather_summary_reading_count.a3aae03769: Close
[0m10:16:58.542390 [debug] [Thread-4 (]: On test.self_healing_pipeline.not_null_stg_weather_temperature_c.3a7a09f65f: Close
[0m10:16:58.543667 [debug] [Thread-3 (]: On test.self_healing_pipeline.not_null_stg_weather_humidity_pct.2b05ac1847: Close
[0m10:16:58.545773 [info ] [Thread-2 (]: 2 of 6 PASS not_null_daily_weather_summary_reading_count ....................... [[32mPASS[0m in 0.80s]
[0m10:16:58.551411 [debug] [Thread-2 (]: Finished running node test.self_healing_pipeline.not_null_daily_weather_summary_reading_count.a3aae03769
[0m10:16:58.547546 [info ] [Thread-4 (]: 4 of 6 PASS not_null_stg_weather_temperature_c ................................. [[32mPASS[0m in 0.81s]
[0m10:16:58.553473 [debug] [Thread-2 (]: Began running node test.self_healing_pipeline.unique_daily_weather_summary_day.3ac2b955ee
[0m10:16:58.555823 [debug] [Thread-4 (]: Finished running node test.self_healing_pipeline.not_null_stg_weather_temperature_c.3a7a09f65f
[0m10:16:58.549537 [info ] [Thread-3 (]: 3 of 6 PASS not_null_stg_weather_humidity_pct .................................. [[32mPASS[0m in 0.81s]
[0m10:16:58.557424 [info ] [Thread-2 (]: 6 of 6 START test unique_daily_weather_summary_day ............................. [RUN]
[0m10:16:58.559862 [debug] [Thread-3 (]: Finished running node test.self_healing_pipeline.not_null_stg_weather_humidity_pct.2b05ac1847
[0m10:16:58.561356 [debug] [Thread-2 (]: Re-using an available connection from the pool (formerly test.self_healing_pipeline.not_null_daily_weather_summary_reading_count.a3aae03769, now test.self_healing_pipeline.unique_daily_weather_summary_day.3ac2b955ee)
[0m10:16:58.562817 [debug] [Thread-2 (]: Began compiling node test.self_healing_pipeline.unique_daily_weather_summary_day.3ac2b955ee
[0m10:16:58.582269 [debug] [Thread-2 (]: Writing injected SQL for node "test.self_healing_pipeline.unique_daily_weather_summary_day.3ac2b955ee"
[0m10:16:58.585254 [debug] [Thread-2 (]: Began executing node test.self_healing_pipeline.unique_daily_weather_summary_day.3ac2b955ee
[0m10:16:58.592040 [debug] [Thread-2 (]: Writing runtime sql for node "test.self_healing_pipeline.unique_daily_weather_summary_day.3ac2b955ee"
[0m10:16:58.593378 [debug] [Thread-1 (]: SQL status: BEGIN in 0.057 seconds
[0m10:16:58.595034 [debug] [Thread-1 (]: Using postgres connection "test.self_healing_pipeline.not_null_stg_weather_ts.4f82cf9d8b"
[0m10:16:58.596653 [debug] [Thread-1 (]: On test.self_healing_pipeline.not_null_stg_weather_ts.4f82cf9d8b: /* {"app": "dbt", "dbt_version": "1.8.2", "profile_name": "self_healing_pipeline", "target_name": "dev", "node_id": "test.self_healing_pipeline.not_null_stg_weather_ts.4f82cf9d8b"} */
select
      count(*) as failures,
      count(*) != 0 as should_warn,
      count(*) != 0 as should_error
    from (
      
    
    



select ts
from "shp"."public"."stg_weather"
where ts is null



      
    ) dbt_internal_test
[0m10:16:58.598452 [debug] [Thread-2 (]: Using postgres connection "test.self_healing_pipeline.unique_daily_weather_summary_day.3ac2b955ee"
[0m10:16:58.600344 [debug] [Thread-2 (]: On test.self_healing_pipeline.unique_daily_weather_summary_day.3ac2b955ee: BEGIN
[0m10:16:58.601740 [debug] [Thread-2 (]: Opening a new connection, currently in state closed
[0m10:16:58.603474 [debug] [Thread-1 (]: SQL status: SELECT 1 in 0.005 seconds
[0m10:16:58.608198 [debug] [Thread-1 (]: On test.self_healing_pipeline.not_null_stg_weather_ts.4f82cf9d8b: ROLLBACK
[0m10:16:58.611004 [debug] [Thread-1 (]: On test.self_healing_pipeline.not_null_stg_weather_ts.4f82cf9d8b: Close
[0m10:16:58.612912 [info ] [Thread-1 (]: 5 of 6 PASS not_null_stg_weather_ts ............................................ [[32mPASS[0m in 0.12s]
[0m10:16:58.614882 [debug] [Thread-1 (]: Finished running node test.self_healing_pipeline.not_null_stg_weather_ts.4f82cf9d8b
[0m10:16:58.637767 [debug] [Thread-2 (]: SQL status: BEGIN in 0.036 seconds
[0m10:16:58.639156 [debug] [Thread-2 (]: Using postgres connection "test.self_healing_pipeline.unique_daily_weather_summary_day.3ac2b955ee"
[0m10:16:58.640580 [debug] [Thread-2 (]: On test.self_healing_pipeline.unique_daily_weather_summary_day.3ac2b955ee: /* {"app": "dbt", "dbt_version": "1.8.2", "profile_name": "self_healing_pipeline", "target_name": "dev", "node_id": "test.self_healing_pipeline.unique_daily_weather_summary_day.3ac2b955ee"} */
select
      count(*) as failures,
      count(*) != 0 as should_warn,
      count(*) != 0 as should_error
    from (
      
    
    

select
    day as unique_field,
    count(*) as n_records

from "shp"."public"."daily_weather_summary"
where day is not null
group by day
having count(*) > 1



      
    ) dbt_internal_test
[0m10:16:58.646132 [debug] [Thread-2 (]: SQL status: SELECT 1 in 0.004 seconds
[0m10:16:58.650484 [debug] [Thread-2 (]: On test.self_healing_pipeline.unique_daily_weather_summary_day.3ac2b955ee: ROLLBACK
[0m10:16:58.653140 [debug] [Thread-2 (]: On test.self_healing_pipeline.unique_daily_weather_summary_day.3ac2b955ee: Close
[0m10:16:58.655425 [info ] [Thread-2 (]: 6 of 6 PASS unique_daily_weather_summary_day ................................... [[32mPASS[0m in 0.09s]
[0m10:16:58.658271 [debug] [Thread-2 (]: Finished running node test.self_healing_pipeline.unique_daily_weather_summary_day.3ac2b955ee
[0m10:16:58.661763 [debug] [MainThread]: Using postgres connection "master"
[0m10:16:58.663065 [debug] [MainThread]: On master: BEGIN
[0m10:16:58.664183 [debug] [MainThread]: Opening a new connection, currently in state closed
[0m10:16:58.701561 [debug] [MainThread]: SQL status: BEGIN in 0.037 seconds
[0m10:16:58.702776 [debug] [MainThread]: On master: COMMIT
[0m10:16:58.703858 [debug] [MainThread]: Using postgres connection "master"
[0m10:16:58.705013 [debug] [MainThread]: On master: COMMIT
[0m10:16:58.707478 [debug] [MainThread]: SQL status: COMMIT in 0.001 seconds
[0m10:16:58.708778 [debug] [MainThread]: On master: Close
[0m10:16:58.710455 [debug] [MainThread]: Connection 'master' was properly closed.
[0m10:16:58.711647 [debug] [MainThread]: Connection 'list_shp_public' was properly closed.
[0m10:16:58.712559 [debug] [MainThread]: Connection 'test.self_healing_pipeline.not_null_stg_weather_humidity_pct.2b05ac1847' was properly closed.
[0m10:16:58.713459 [debug] [MainThread]: Connection 'test.self_healing_pipeline.not_null_stg_weather_temperature_c.3a7a09f65f' was properly closed.
[0m10:16:58.714847 [debug] [MainThread]: Connection 'test.self_healing_pipeline.not_null_stg_weather_ts.4f82cf9d8b' was properly closed.
[0m10:16:58.715971 [debug] [MainThread]: Connection 'test.self_healing_pipeline.unique_daily_weather_summary_day.3ac2b955ee' was properly closed.
[0m10:16:58.717010 [info ] [MainThread]: 
[0m10:16:58.718267 [info ] [MainThread]: Finished running 6 data tests in 0 hours 0 minutes and 1.54 seconds (1.54s).
[0m10:16:58.722831 [debug] [MainThread]: Command end result
[0m10:16:58.872112 [info ] [MainThread]: 
[0m10:16:58.873709 [info ] [MainThread]: [32mCompleted successfully[0m
[0m10:16:58.875180 [info ] [MainThread]: 
[0m10:16:58.876427 [info ] [MainThread]: Done. PASS=6 WARN=0 ERROR=0 SKIP=0 TOTAL=6
[0m10:16:58.879869 [debug] [MainThread]: Command `dbt test` succeeded at 10:16:58.879408 after 5.35 seconds
[0m10:16:58.881245 [debug] [MainThread]: Sending event: {'category': 'dbt', 'action': 'invocation', 'label': 'end', 'context': [<snowplow_tracker.self_describing_json.SelfDescribingJson object at 0x000002CCC418D190>, <snowplow_tracker.self_describing_json.SelfDescribingJson object at 0x000002CCC58A6620>, <snowplow_tracker.self_describing_json.SelfDescribingJson object at 0x000002CCC58A6990>]}
[0m10:16:58.882650 [debug] [MainThread]: Flushing usage events
[0m10:17:14.982880 [debug] [MainThread]: Sending event: {'category': 'dbt', 'action': 'invocation', 'label': 'start', 'context': [<snowplow_tracker.self_describing_json.SelfDescribingJson object at 0x00000206E5F77E00>, <snowplow_tracker.self_describing_json.SelfDescribingJson object at 0x00000206E5B75E50>, <snowplow_tracker.self_describing_json.SelfDescribingJson object at 0x00000206E4D5C910>]}


============================== 10:17:14.994224 | 8118b704-3bd2-4604-8380-b93f3e61a4aa ==============================
[0m10:17:14.994224 [info ] [MainThread]: Running with dbt=1.8.2
[0m10:17:14.995991 [debug] [MainThread]: running dbt with arguments {'printer_width': '80', 'indirect_selection': 'eager', 'write_json': 'True', 'log_cache_events': 'False', 'partial_parse': 'True', 'cache_selected_only': 'False', 'warn_error': 'None', 'fail_fast': 'False', 'version_check': 'True', 'log_path': 'C:\\Users\\Qc\\Desktop\\self-healing-pipeline\\transform\\dbt_project\\logs', 'debug': 'False', 'profiles_dir': 'C:\\Users\\Qc\\Desktop\\self-healing-pipeline\\transform\\dbt_project', 'use_colors': 'True', 'use_experimental_parser': 'False', 'no_print': 'None', 'quiet': 'False', 'warn_error_options': 'WarnErrorOptions(include=[], exclude=[])', 'introspect': 'True', 'static_parser': 'True', 'log_format': 'default', 'target_path': 'None', 'invocation_command': 'dbt run --target staging_verify', 'send_anonymous_usage_stats': 'True'}
[0m10:17:15.650054 [debug] [MainThread]: Sending event: {'category': 'dbt', 'action': 'project_id', 'label': '8118b704-3bd2-4604-8380-b93f3e61a4aa', 'context': [<snowplow_tracker.self_describing_json.SelfDescribingJson object at 0x00000206E8DFF360>]}
[0m10:17:15.815721 [debug] [MainThread]: Sending event: {'category': 'dbt', 'action': 'adapter_info', 'label': '8118b704-3bd2-4604-8380-b93f3e61a4aa', 'context': [<snowplow_tracker.self_describing_json.SelfDescribingJson object at 0x00000206E8B387C0>]}
[0m10:17:15.818566 [info ] [MainThread]: Registered adapter: postgres=1.8.2
[0m10:17:16.441574 [debug] [MainThread]: checksum: 1ce49185813d157258f4b6929effd3c140ce815a450235fd09955f03057e6df0, vars: {}, profile: , target: staging_verify, version: 1.8.2
[0m10:17:17.634478 [info ] [MainThread]: Unable to do partial parsing because config vars, config profile, or config target have changed
[0m10:17:17.635957 [debug] [MainThread]: previous checksum: 1ce49185813d157258f4b6929effd3c140ce815a450235fd09955f03057e6df0, current checksum: f0a141b9de567cb7f131613ba2682f40b3a1c6a157f81c6e5435862eff68f109
[0m10:17:17.687674 [info ] [MainThread]: Unable to do partial parsing because profile has changed
[0m10:17:17.690368 [debug] [MainThread]: Sending event: {'category': 'dbt', 'action': 'partial_parser', 'label': '8118b704-3bd2-4604-8380-b93f3e61a4aa', 'context': [<snowplow_tracker.self_describing_json.SelfDescribingJson object at 0x00000206E8DA7A50>]}
[0m10:17:20.872957 [warn ] [MainThread]: [[33mWARNING[0m]: Deprecated functionality
The `tests` config has been renamed to `data_tests`. Please see
https://docs.getdbt.com/docs/build/data-tests#new-data_tests-syntax for more
information.
[0m10:17:20.874399 [debug] [MainThread]: Sending event: {'category': 'dbt', 'action': 'deprecation', 'label': '8118b704-3bd2-4604-8380-b93f3e61a4aa', 'property_': 'warn', 'context': [<snowplow_tracker.self_describing_json.SelfDescribingJson object at 0x00000206E8F4E8A0>]}
[0m10:17:22.336169 [debug] [MainThread]: Sending event: {'category': 'dbt', 'action': 'load_project', 'label': '8118b704-3bd2-4604-8380-b93f3e61a4aa', 'context': [<snowplow_tracker.self_describing_json.SelfDescribingJson object at 0x00000206EA37C750>]}
[0m10:17:22.837104 [debug] [MainThread]: Sending event: {'category': 'dbt', 'action': 'resource_counts', 'label': '8118b704-3bd2-4604-8380-b93f3e61a4aa', 'context': [<snowplow_tracker.self_describing_json.SelfDescribingJson object at 0x00000206EA4ED570>]}
[0m10:17:22.839112 [info ] [MainThread]: Found 2 models, 6 data tests, 1 source, 428 macros
[0m10:17:22.840417 [debug] [MainThread]: Sending event: {'category': 'dbt', 'action': 'runnable_timing', 'label': '8118b704-3bd2-4604-8380-b93f3e61a4aa', 'context': [<snowplow_tracker.self_describing_json.SelfDescribingJson object at 0x00000206EA45D250>]}
[0m10:17:22.846862 [info ] [MainThread]: 
[0m10:17:22.848558 [debug] [MainThread]: Acquiring new postgres connection 'master'
[0m10:17:22.865630 [debug] [ThreadPool]: Acquiring new postgres connection 'list_shp'
[0m10:17:23.084409 [debug] [ThreadPool]: Using postgres connection "list_shp"
[0m10:17:23.085418 [debug] [ThreadPool]: On list_shp: /* {"app": "dbt", "dbt_version": "1.8.2", "profile_name": "self_healing_pipeline", "target_name": "staging_verify", "connection_name": "list_shp"} */

    select distinct nspname from pg_namespace
  
[0m10:17:23.086370 [debug] [ThreadPool]: Opening a new connection, currently in state init
[0m10:17:23.131418 [debug] [ThreadPool]: SQL status: SELECT 5 in 0.045 seconds
[0m10:17:23.135389 [debug] [ThreadPool]: On list_shp: Close
[0m10:17:23.138849 [debug] [ThreadPool]: Acquiring new postgres connection 'list_shp_staging_verify'
[0m10:17:23.155411 [debug] [ThreadPool]: Using postgres connection "list_shp_staging_verify"
[0m10:17:23.156369 [debug] [ThreadPool]: On list_shp_staging_verify: BEGIN
[0m10:17:23.157266 [debug] [ThreadPool]: Opening a new connection, currently in state init
[0m10:17:23.197125 [debug] [ThreadPool]: SQL status: BEGIN in 0.040 seconds
[0m10:17:23.198332 [debug] [ThreadPool]: Using postgres connection "list_shp_staging_verify"
[0m10:17:23.199520 [debug] [ThreadPool]: On list_shp_staging_verify: /* {"app": "dbt", "dbt_version": "1.8.2", "profile_name": "self_healing_pipeline", "target_name": "staging_verify", "connection_name": "list_shp_staging_verify"} */
select
      'shp' as database,
      tablename as name,
      schemaname as schema,
      'table' as type
    from pg_tables
    where schemaname ilike 'staging_verify'
    union all
    select
      'shp' as database,
      viewname as name,
      schemaname as schema,
      'view' as type
    from pg_views
    where schemaname ilike 'staging_verify'
    union all
    select
      'shp' as database,
      matviewname as name,
      schemaname as schema,
      'materialized_view' as type
    from pg_matviews
    where schemaname ilike 'staging_verify'
  
[0m10:17:23.209138 [debug] [ThreadPool]: SQL status: SELECT 2 in 0.008 seconds
[0m10:17:23.213155 [debug] [ThreadPool]: On list_shp_staging_verify: ROLLBACK
[0m10:17:23.216069 [debug] [ThreadPool]: On list_shp_staging_verify: Close
[0m10:17:23.230845 [debug] [MainThread]: Using postgres connection "master"
[0m10:17:23.232107 [debug] [MainThread]: On master: BEGIN
[0m10:17:23.233202 [debug] [MainThread]: Opening a new connection, currently in state init
[0m10:17:23.299572 [debug] [MainThread]: SQL status: BEGIN in 0.066 seconds
[0m10:17:23.300630 [debug] [MainThread]: Using postgres connection "master"
[0m10:17:23.303590 [debug] [MainThread]: On master: /* {"app": "dbt", "dbt_version": "1.8.2", "profile_name": "self_healing_pipeline", "target_name": "staging_verify", "connection_name": "master"} */
with relation as (
        select
            pg_rewrite.ev_class as class,
            pg_rewrite.oid as id
        from pg_rewrite
    ),
    class as (
        select
            oid as id,
            relname as name,
            relnamespace as schema,
            relkind as kind
        from pg_class
    ),
    dependency as (
        select distinct
            pg_depend.objid as id,
            pg_depend.refobjid as ref
        from pg_depend
    ),
    schema as (
        select
            pg_namespace.oid as id,
            pg_namespace.nspname as name
        from pg_namespace
        where nspname != 'information_schema' and nspname not like 'pg\_%'
    ),
    referenced as (
        select
            relation.id AS id,
            referenced_class.name ,
            referenced_class.schema ,
            referenced_class.kind
        from relation
        join class as referenced_class on relation.class=referenced_class.id
        where referenced_class.kind in ('r', 'v', 'm')
    ),
    relationships as (
        select
            referenced.name as referenced_name,
            referenced.schema as referenced_schema_id,
            dependent_class.name as dependent_name,
            dependent_class.schema as dependent_schema_id,
            referenced.kind as kind
        from referenced
        join dependency on referenced.id=dependency.id
        join class as dependent_class on dependency.ref=dependent_class.id
        where
            (referenced.name != dependent_class.name or
             referenced.schema != dependent_class.schema)
    )

    select
        referenced_schema.name as referenced_schema,
        relationships.referenced_name as referenced_name,
        dependent_schema.name as dependent_schema,
        relationships.dependent_name as dependent_name
    from relationships
    join schema as dependent_schema on relationships.dependent_schema_id=dependent_schema.id
    join schema as referenced_schema on relationships.referenced_schema_id=referenced_schema.id
    group by referenced_schema, referenced_name, dependent_schema, dependent_name
    order by referenced_schema, referenced_name, dependent_schema, dependent_name;
[0m10:17:23.365226 [debug] [MainThread]: SQL status: SELECT 2 in 0.059 seconds
[0m10:17:23.375587 [debug] [MainThread]: Sending event: {'category': 'dbt', 'action': 'runnable_timing', 'label': '8118b704-3bd2-4604-8380-b93f3e61a4aa', 'context': [<snowplow_tracker.self_describing_json.SelfDescribingJson object at 0x00000206EA838470>]}
[0m10:17:23.377084 [debug] [MainThread]: On master: ROLLBACK
[0m10:17:23.382215 [debug] [MainThread]: Using postgres connection "master"
[0m10:17:23.383626 [debug] [MainThread]: On master: BEGIN
[0m10:17:23.398075 [debug] [MainThread]: SQL status: BEGIN in 0.008 seconds
[0m10:17:23.399315 [debug] [MainThread]: On master: COMMIT
[0m10:17:23.400444 [debug] [MainThread]: Using postgres connection "master"
[0m10:17:23.405012 [debug] [MainThread]: On master: COMMIT
[0m10:17:23.427549 [debug] [MainThread]: SQL status: COMMIT in 0.021 seconds
[0m10:17:23.429395 [debug] [MainThread]: On master: Close
[0m10:17:23.433146 [info ] [MainThread]: Concurrency: 4 threads (target='staging_verify')
[0m10:17:23.438354 [info ] [MainThread]: 
[0m10:17:23.448162 [debug] [Thread-1 (]: Began running node model.self_healing_pipeline.stg_weather
[0m10:17:23.449763 [info ] [Thread-1 (]: 1 of 2 START sql view model staging_verify.stg_weather ......................... [RUN]
[0m10:17:23.454342 [debug] [Thread-1 (]: Acquiring new postgres connection 'model.self_healing_pipeline.stg_weather'
[0m10:17:23.456179 [debug] [Thread-1 (]: Began compiling node model.self_healing_pipeline.stg_weather
[0m10:17:23.488129 [debug] [Thread-1 (]: Writing injected SQL for node "model.self_healing_pipeline.stg_weather"
[0m10:17:23.494835 [debug] [Thread-1 (]: Began executing node model.self_healing_pipeline.stg_weather
[0m10:17:23.723952 [debug] [Thread-1 (]: Writing runtime sql for node "model.self_healing_pipeline.stg_weather"
[0m10:17:23.726726 [debug] [Thread-1 (]: Using postgres connection "model.self_healing_pipeline.stg_weather"
[0m10:17:23.728268 [debug] [Thread-1 (]: On model.self_healing_pipeline.stg_weather: BEGIN
[0m10:17:23.729721 [debug] [Thread-1 (]: Opening a new connection, currently in state init
[0m10:17:23.772594 [debug] [Thread-1 (]: SQL status: BEGIN in 0.043 seconds
[0m10:17:23.773950 [debug] [Thread-1 (]: Using postgres connection "model.self_healing_pipeline.stg_weather"
[0m10:17:23.775332 [debug] [Thread-1 (]: On model.self_healing_pipeline.stg_weather: /* {"app": "dbt", "dbt_version": "1.8.2", "profile_name": "self_healing_pipeline", "target_name": "staging_verify", "node_id": "model.self_healing_pipeline.stg_weather"} */

  create view "shp"."staging_verify"."stg_weather__dbt_tmp"
    
    
  as (
    EXPLANATION: I cannot propose a concrete fix because the current contents of the dbt model file were not included in the request. To add a defensive guard around the `temperature_c` cast, I need to see the exact SQL that is currently being used so I can modify only the relevant expression without altering any other parts of the model.

Please provide the full text of the dbt model file, and I’ll supply a minimal, safe correction that guards against non‑numeric values in `temperature_c`.
  );
[0m10:17:23.780767 [debug] [Thread-1 (]: Postgres adapter: Postgres error: syntax error at or near "EXPLANATION"
LINE 7:     EXPLANATION: I cannot propose a concrete fix because the...
            ^

[0m10:17:23.782325 [debug] [Thread-1 (]: On model.self_healing_pipeline.stg_weather: ROLLBACK
[0m10:17:23.785641 [debug] [Thread-1 (]: On model.self_healing_pipeline.stg_weather: Close
[0m10:17:24.110358 [debug] [Thread-1 (]: Database Error in model stg_weather (models\staging\stg_weather.sql)
  syntax error at or near "EXPLANATION"
  LINE 7:     EXPLANATION: I cannot propose a concrete fix because the...
              ^
  compiled code at target\run\self_healing_pipeline\models\staging\stg_weather.sql
[0m10:17:24.114217 [debug] [Thread-1 (]: Sending event: {'category': 'dbt', 'action': 'run_model', 'label': '8118b704-3bd2-4604-8380-b93f3e61a4aa', 'context': [<snowplow_tracker.self_describing_json.SelfDescribingJson object at 0x00000206E82A7A70>]}
[0m10:17:24.116053 [error] [Thread-1 (]: 1 of 2 ERROR creating sql view model staging_verify.stg_weather ................ [[31mERROR[0m in 0.66s]
[0m10:17:24.118324 [debug] [Thread-1 (]: Finished running node model.self_healing_pipeline.stg_weather
[0m10:17:24.121677 [debug] [Thread-2 (]: Began running node model.self_healing_pipeline.daily_weather_summary
[0m10:17:24.123297 [info ] [Thread-2 (]: 2 of 2 SKIP relation staging_verify.daily_weather_summary ...................... [[33mSKIP[0m]
[0m10:17:24.125135 [debug] [Thread-2 (]: Finished running node model.self_healing_pipeline.daily_weather_summary
[0m10:17:24.128099 [debug] [MainThread]: Using postgres connection "master"
[0m10:17:24.129114 [debug] [MainThread]: On master: BEGIN
[0m10:17:24.130126 [debug] [MainThread]: Opening a new connection, currently in state closed
[0m10:17:24.168503 [debug] [MainThread]: SQL status: BEGIN in 0.038 seconds
[0m10:17:24.169710 [debug] [MainThread]: On master: COMMIT
[0m10:17:24.170801 [debug] [MainThread]: Using postgres connection "master"
[0m10:17:24.171876 [debug] [MainThread]: On master: COMMIT
[0m10:17:24.174354 [debug] [MainThread]: SQL status: COMMIT in 0.001 seconds
[0m10:17:24.175461 [debug] [MainThread]: On master: Close
[0m10:17:24.176948 [debug] [MainThread]: Connection 'master' was properly closed.
[0m10:17:24.178137 [debug] [MainThread]: Connection 'list_shp' was properly closed.
[0m10:17:24.179180 [debug] [MainThread]: Connection 'list_shp_staging_verify' was properly closed.
[0m10:17:24.180643 [debug] [MainThread]: Connection 'model.self_healing_pipeline.stg_weather' was properly closed.
[0m10:17:24.182276 [info ] [MainThread]: 
[0m10:17:24.183559 [info ] [MainThread]: Finished running 1 view model, 1 table model in 0 hours 0 minutes and 1.33 seconds (1.33s).
[0m10:17:24.185923 [debug] [MainThread]: Command end result
[0m10:17:24.295694 [info ] [MainThread]: 
[0m10:17:24.299190 [info ] [MainThread]: [31mCompleted with 1 error and 0 warnings:[0m
[0m10:17:24.305237 [info ] [MainThread]: 
[0m10:17:24.306585 [error] [MainThread]:   Database Error in model stg_weather (models\staging\stg_weather.sql)
  syntax error at or near "EXPLANATION"
  LINE 7:     EXPLANATION: I cannot propose a concrete fix because the...
              ^
  compiled code at target\run\self_healing_pipeline\models\staging\stg_weather.sql
[0m10:17:24.307676 [info ] [MainThread]: 
[0m10:17:24.308789 [info ] [MainThread]: Done. PASS=0 WARN=0 ERROR=1 SKIP=1 TOTAL=2
[0m10:17:24.311513 [debug] [MainThread]: Command `dbt run` failed at 10:17:24.311116 after 9.68 seconds
[0m10:17:24.312790 [debug] [MainThread]: Sending event: {'category': 'dbt', 'action': 'invocation', 'label': 'end', 'context': [<snowplow_tracker.self_describing_json.SelfDescribingJson object at 0x00000206E8E63250>, <snowplow_tracker.self_describing_json.SelfDescribingJson object at 0x00000206EA359DD0>, <snowplow_tracker.self_describing_json.SelfDescribingJson object at 0x00000206E8C110F0>]}
[0m10:17:24.313971 [debug] [MainThread]: Flushing usage events
[0m10:17:39.664754 [debug] [MainThread]: Sending event: {'category': 'dbt', 'action': 'invocation', 'label': 'start', 'context': [<snowplow_tracker.self_describing_json.SelfDescribingJson object at 0x0000023553557E00>, <snowplow_tracker.self_describing_json.SelfDescribingJson object at 0x0000023553155E50>, <snowplow_tracker.self_describing_json.SelfDescribingJson object at 0x000002355233C910>]}


============================== 10:17:39.676711 | 5119d189-c600-4f96-b930-7cfd0d3de8bd ==============================
[0m10:17:39.676711 [info ] [MainThread]: Running with dbt=1.8.2
[0m10:17:39.678608 [debug] [MainThread]: running dbt with arguments {'printer_width': '80', 'indirect_selection': 'eager', 'write_json': 'True', 'log_cache_events': 'False', 'partial_parse': 'True', 'cache_selected_only': 'False', 'profiles_dir': 'C:\\Users\\Qc\\Desktop\\self-healing-pipeline\\transform\\dbt_project', 'fail_fast': 'False', 'warn_error': 'None', 'log_path': 'C:\\Users\\Qc\\Desktop\\self-healing-pipeline\\transform\\dbt_project\\logs', 'debug': 'False', 'version_check': 'True', 'use_colors': 'True', 'use_experimental_parser': 'False', 'no_print': 'None', 'quiet': 'False', 'log_format': 'default', 'static_parser': 'True', 'introspect': 'True', 'invocation_command': 'dbt run --target staging_verify', 'target_path': 'None', 'warn_error_options': 'WarnErrorOptions(include=[], exclude=[])', 'send_anonymous_usage_stats': 'True'}
[0m10:17:40.839833 [debug] [MainThread]: Sending event: {'category': 'dbt', 'action': 'project_id', 'label': '5119d189-c600-4f96-b930-7cfd0d3de8bd', 'context': [<snowplow_tracker.self_describing_json.SelfDescribingJson object at 0x00000235563FF360>]}
[0m10:17:41.231021 [debug] [MainThread]: Sending event: {'category': 'dbt', 'action': 'adapter_info', 'label': '5119d189-c600-4f96-b930-7cfd0d3de8bd', 'context': [<snowplow_tracker.self_describing_json.SelfDescribingJson object at 0x00000235561087C0>]}
[0m10:17:41.238777 [info ] [MainThread]: Registered adapter: postgres=1.8.2
[0m10:17:42.827334 [debug] [MainThread]: checksum: 1ce49185813d157258f4b6929effd3c140ce815a450235fd09955f03057e6df0, vars: {}, profile: , target: staging_verify, version: 1.8.2
[0m10:17:44.471011 [debug] [MainThread]: Partial parsing enabled: 0 files deleted, 0 files added, 1 files changed.
[0m10:17:44.476691 [debug] [MainThread]: Partial parsing: updated file: self_healing_pipeline://models\staging\stg_weather.sql
[0m10:17:45.626810 [warn ] [MainThread]: [[33mWARNING[0m]: Deprecated functionality
The `tests` config has been renamed to `data_tests`. Please see
https://docs.getdbt.com/docs/build/data-tests#new-data_tests-syntax for more
information.
[0m10:17:45.628177 [debug] [MainThread]: Sending event: {'category': 'dbt', 'action': 'deprecation', 'label': '5119d189-c600-4f96-b930-7cfd0d3de8bd', 'property_': 'warn', 'context': [<snowplow_tracker.self_describing_json.SelfDescribingJson object at 0x00000235563AAE50>]}
[0m10:17:46.063300 [error] [MainThread]: Encountered an error:
Compilation Error
  Model 'model.self_healing_pipeline.stg_weather' (models\staging\stg_weather.sql) depends on a source named 'weather.raw_weather' which was not found
[0m10:17:46.066207 [debug] [MainThread]: Command `dbt run` failed at 10:17:46.065902 after 6.91 seconds
[0m10:17:46.067243 [debug] [MainThread]: Sending event: {'category': 'dbt', 'action': 'invocation', 'label': 'end', 'context': [<snowplow_tracker.self_describing_json.SelfDescribingJson object at 0x0000023557A58F50>, <snowplow_tracker.self_describing_json.SelfDescribingJson object at 0x0000023557A58D70>, <snowplow_tracker.self_describing_json.SelfDescribingJson object at 0x0000023556013D90>]}
[0m10:17:46.068445 [debug] [MainThread]: Flushing usage events
[0m10:17:59.445185 [debug] [MainThread]: Sending event: {'category': 'dbt', 'action': 'invocation', 'label': 'start', 'context': [<snowplow_tracker.self_describing_json.SelfDescribingJson object at 0x000001A1FDA47E00>, <snowplow_tracker.self_describing_json.SelfDescribingJson object at 0x000001A1FD655E50>, <snowplow_tracker.self_describing_json.SelfDescribingJson object at 0x000001A1FC82C910>]}


============================== 10:17:59.457440 | bbe2d54f-6a36-4248-ad63-0e0cd280fcff ==============================
[0m10:17:59.457440 [info ] [MainThread]: Running with dbt=1.8.2
[0m10:17:59.458951 [debug] [MainThread]: running dbt with arguments {'printer_width': '80', 'indirect_selection': 'eager', 'write_json': 'True', 'log_cache_events': 'False', 'partial_parse': 'True', 'cache_selected_only': 'False', 'profiles_dir': 'C:\\Users\\Qc\\Desktop\\self-healing-pipeline\\transform\\dbt_project', 'version_check': 'True', 'fail_fast': 'False', 'log_path': 'C:\\Users\\Qc\\Desktop\\self-healing-pipeline\\transform\\dbt_project\\logs', 'warn_error': 'None', 'debug': 'False', 'use_colors': 'True', 'use_experimental_parser': 'False', 'no_print': 'None', 'quiet': 'False', 'warn_error_options': 'WarnErrorOptions(include=[], exclude=[])', 'introspect': 'True', 'log_format': 'default', 'static_parser': 'True', 'target_path': 'None', 'invocation_command': 'dbt run --target staging_verify', 'send_anonymous_usage_stats': 'True'}
[0m10:18:00.264711 [debug] [MainThread]: Sending event: {'category': 'dbt', 'action': 'project_id', 'label': 'bbe2d54f-6a36-4248-ad63-0e0cd280fcff', 'context': [<snowplow_tracker.self_describing_json.SelfDescribingJson object at 0x000001A1808DF360>]}
[0m10:18:00.624360 [debug] [MainThread]: Sending event: {'category': 'dbt', 'action': 'adapter_info', 'label': 'bbe2d54f-6a36-4248-ad63-0e0cd280fcff', 'context': [<snowplow_tracker.self_describing_json.SelfDescribingJson object at 0x000001A1806B87C0>]}
[0m10:18:00.627789 [info ] [MainThread]: Registered adapter: postgres=1.8.2
[0m10:18:01.716267 [debug] [MainThread]: checksum: 1ce49185813d157258f4b6929effd3c140ce815a450235fd09955f03057e6df0, vars: {}, profile: , target: staging_verify, version: 1.8.2
[0m10:18:02.676096 [debug] [MainThread]: Partial parsing enabled: 0 files deleted, 0 files added, 1 files changed.
[0m10:18:02.677704 [debug] [MainThread]: Partial parsing: updated file: self_healing_pipeline://models\staging\stg_weather.sql
[0m10:18:03.529046 [warn ] [MainThread]: [[33mWARNING[0m]: Deprecated functionality
The `tests` config has been renamed to `data_tests`. Please see
https://docs.getdbt.com/docs/build/data-tests#new-data_tests-syntax for more
information.
[0m10:18:03.532016 [debug] [MainThread]: Sending event: {'category': 'dbt', 'action': 'deprecation', 'label': 'bbe2d54f-6a36-4248-ad63-0e0cd280fcff', 'property_': 'warn', 'context': [<snowplow_tracker.self_describing_json.SelfDescribingJson object at 0x000001A18088AE50>]}
[0m10:18:04.799434 [debug] [MainThread]: Sending event: {'category': 'dbt', 'action': 'load_project', 'label': 'bbe2d54f-6a36-4248-ad63-0e0cd280fcff', 'context': [<snowplow_tracker.self_describing_json.SelfDescribingJson object at 0x000001A181F88410>]}
[0m10:18:05.223665 [debug] [MainThread]: Sending event: {'category': 'dbt', 'action': 'resource_counts', 'label': 'bbe2d54f-6a36-4248-ad63-0e0cd280fcff', 'context': [<snowplow_tracker.self_describing_json.SelfDescribingJson object at 0x000001A181FE6270>]}
[0m10:18:05.224979 [info ] [MainThread]: Found 2 models, 6 data tests, 1 source, 428 macros
[0m10:18:05.226203 [debug] [MainThread]: Sending event: {'category': 'dbt', 'action': 'runnable_timing', 'label': 'bbe2d54f-6a36-4248-ad63-0e0cd280fcff', 'context': [<snowplow_tracker.self_describing_json.SelfDescribingJson object at 0x000001A1820964E0>]}
[0m10:18:05.231933 [info ] [MainThread]: 
[0m10:18:05.233535 [debug] [MainThread]: Acquiring new postgres connection 'master'
[0m10:18:05.244712 [debug] [ThreadPool]: Acquiring new postgres connection 'list_shp'
[0m10:18:05.618864 [debug] [ThreadPool]: Using postgres connection "list_shp"
[0m10:18:05.621240 [debug] [ThreadPool]: On list_shp: /* {"app": "dbt", "dbt_version": "1.8.2", "profile_name": "self_healing_pipeline", "target_name": "staging_verify", "connection_name": "list_shp"} */

    select distinct nspname from pg_namespace
  
[0m10:18:05.622635 [debug] [ThreadPool]: Opening a new connection, currently in state init
[0m10:18:05.742837 [debug] [ThreadPool]: SQL status: SELECT 5 in 0.120 seconds
[0m10:18:05.748013 [debug] [ThreadPool]: On list_shp: Close
[0m10:18:05.781035 [debug] [ThreadPool]: Acquiring new postgres connection 'list_shp_staging_verify'
[0m10:18:05.813307 [debug] [ThreadPool]: Using postgres connection "list_shp_staging_verify"
[0m10:18:05.819501 [debug] [ThreadPool]: On list_shp_staging_verify: BEGIN
[0m10:18:05.824455 [debug] [ThreadPool]: Opening a new connection, currently in state init
[0m10:18:05.933184 [debug] [ThreadPool]: SQL status: BEGIN in 0.110 seconds
[0m10:18:05.934592 [debug] [ThreadPool]: Using postgres connection "list_shp_staging_verify"
[0m10:18:05.938488 [debug] [ThreadPool]: On list_shp_staging_verify: /* {"app": "dbt", "dbt_version": "1.8.2", "profile_name": "self_healing_pipeline", "target_name": "staging_verify", "connection_name": "list_shp_staging_verify"} */
select
      'shp' as database,
      tablename as name,
      schemaname as schema,
      'table' as type
    from pg_tables
    where schemaname ilike 'staging_verify'
    union all
    select
      'shp' as database,
      viewname as name,
      schemaname as schema,
      'view' as type
    from pg_views
    where schemaname ilike 'staging_verify'
    union all
    select
      'shp' as database,
      matviewname as name,
      schemaname as schema,
      'materialized_view' as type
    from pg_matviews
    where schemaname ilike 'staging_verify'
  
[0m10:18:05.957516 [debug] [ThreadPool]: SQL status: SELECT 2 in 0.018 seconds
[0m10:18:05.962303 [debug] [ThreadPool]: On list_shp_staging_verify: ROLLBACK
[0m10:18:05.965843 [debug] [ThreadPool]: On list_shp_staging_verify: Close
[0m10:18:05.987203 [debug] [MainThread]: Using postgres connection "master"
[0m10:18:05.988473 [debug] [MainThread]: On master: BEGIN
[0m10:18:05.989488 [debug] [MainThread]: Opening a new connection, currently in state init
[0m10:18:06.056479 [debug] [MainThread]: SQL status: BEGIN in 0.067 seconds
[0m10:18:06.057903 [debug] [MainThread]: Using postgres connection "master"
[0m10:18:06.059744 [debug] [MainThread]: On master: /* {"app": "dbt", "dbt_version": "1.8.2", "profile_name": "self_healing_pipeline", "target_name": "staging_verify", "connection_name": "master"} */
with relation as (
        select
            pg_rewrite.ev_class as class,
            pg_rewrite.oid as id
        from pg_rewrite
    ),
    class as (
        select
            oid as id,
            relname as name,
            relnamespace as schema,
            relkind as kind
        from pg_class
    ),
    dependency as (
        select distinct
            pg_depend.objid as id,
            pg_depend.refobjid as ref
        from pg_depend
    ),
    schema as (
        select
            pg_namespace.oid as id,
            pg_namespace.nspname as name
        from pg_namespace
        where nspname != 'information_schema' and nspname not like 'pg\_%'
    ),
    referenced as (
        select
            relation.id AS id,
            referenced_class.name ,
            referenced_class.schema ,
            referenced_class.kind
        from relation
        join class as referenced_class on relation.class=referenced_class.id
        where referenced_class.kind in ('r', 'v', 'm')
    ),
    relationships as (
        select
            referenced.name as referenced_name,
            referenced.schema as referenced_schema_id,
            dependent_class.name as dependent_name,
            dependent_class.schema as dependent_schema_id,
            referenced.kind as kind
        from referenced
        join dependency on referenced.id=dependency.id
        join class as dependent_class on dependency.ref=dependent_class.id
        where
            (referenced.name != dependent_class.name or
             referenced.schema != dependent_class.schema)
    )

    select
        referenced_schema.name as referenced_schema,
        relationships.referenced_name as referenced_name,
        dependent_schema.name as dependent_schema,
        relationships.dependent_name as dependent_name
    from relationships
    join schema as dependent_schema on relationships.dependent_schema_id=dependent_schema.id
    join schema as referenced_schema on relationships.referenced_schema_id=referenced_schema.id
    group by referenced_schema, referenced_name, dependent_schema, dependent_name
    order by referenced_schema, referenced_name, dependent_schema, dependent_name;
[0m10:18:06.101566 [debug] [MainThread]: SQL status: SELECT 2 in 0.040 seconds
[0m10:18:06.105220 [debug] [MainThread]: Sending event: {'category': 'dbt', 'action': 'runnable_timing', 'label': 'bbe2d54f-6a36-4248-ad63-0e0cd280fcff', 'context': [<snowplow_tracker.self_describing_json.SelfDescribingJson object at 0x000001A181C8CD10>]}
[0m10:18:06.106559 [debug] [MainThread]: On master: ROLLBACK
[0m10:18:06.109588 [debug] [MainThread]: Using postgres connection "master"
[0m10:18:06.110713 [debug] [MainThread]: On master: BEGIN
[0m10:18:06.119781 [debug] [MainThread]: SQL status: BEGIN in 0.008 seconds
[0m10:18:06.121015 [debug] [MainThread]: On master: COMMIT
[0m10:18:06.122137 [debug] [MainThread]: Using postgres connection "master"
[0m10:18:06.123143 [debug] [MainThread]: On master: COMMIT
[0m10:18:06.134589 [debug] [MainThread]: SQL status: COMMIT in 0.010 seconds
[0m10:18:06.135946 [debug] [MainThread]: On master: Close
[0m10:18:06.137847 [info ] [MainThread]: Concurrency: 4 threads (target='staging_verify')
[0m10:18:06.139481 [info ] [MainThread]: 
[0m10:18:06.149180 [debug] [Thread-1 (]: Began running node model.self_healing_pipeline.stg_weather
[0m10:18:06.151261 [info ] [Thread-1 (]: 1 of 2 START sql view model staging_verify.stg_weather ......................... [RUN]
[0m10:18:06.153288 [debug] [Thread-1 (]: Acquiring new postgres connection 'model.self_healing_pipeline.stg_weather'
[0m10:18:06.154657 [debug] [Thread-1 (]: Began compiling node model.self_healing_pipeline.stg_weather
[0m10:18:06.288327 [debug] [Thread-1 (]: Writing injected SQL for node "model.self_healing_pipeline.stg_weather"
[0m10:18:06.290792 [debug] [Thread-1 (]: Began executing node model.self_healing_pipeline.stg_weather
[0m10:18:06.438602 [debug] [Thread-1 (]: Writing runtime sql for node "model.self_healing_pipeline.stg_weather"
[0m10:18:06.448277 [debug] [Thread-1 (]: Using postgres connection "model.self_healing_pipeline.stg_weather"
[0m10:18:06.450195 [debug] [Thread-1 (]: On model.self_healing_pipeline.stg_weather: BEGIN
[0m10:18:06.451932 [debug] [Thread-1 (]: Opening a new connection, currently in state init
[0m10:18:06.504903 [debug] [Thread-1 (]: SQL status: BEGIN in 0.053 seconds
[0m10:18:06.506806 [debug] [Thread-1 (]: Using postgres connection "model.self_healing_pipeline.stg_weather"
[0m10:18:06.508403 [debug] [Thread-1 (]: On model.self_healing_pipeline.stg_weather: /* {"app": "dbt", "dbt_version": "1.8.2", "profile_name": "self_healing_pipeline", "target_name": "staging_verify", "node_id": "model.self_healing_pipeline.stg_weather"} */

  create view "shp"."staging_verify"."stg_weather__dbt_tmp"
    
    
  as (
    **EXPLANATION:**  
I cannot propose a concrete fix without seeing the current contents of the `models\staging\stg_weather.sql` file. The missing file prevents me from identifying the exact column expressions that need a defensive cast or the source definition that is causing the “source not found” error. Please provide the full SQL of the model so I can apply the minimal, correct change.
  );
[0m10:18:06.513091 [debug] [Thread-1 (]: Postgres adapter: Postgres error: syntax error at or near "**"
LINE 7:     **EXPLANATION:**  
            ^

[0m10:18:06.514511 [debug] [Thread-1 (]: On model.self_healing_pipeline.stg_weather: ROLLBACK
[0m10:18:06.518041 [debug] [Thread-1 (]: On model.self_healing_pipeline.stg_weather: Close
[0m10:18:06.550252 [debug] [Thread-1 (]: Database Error in model stg_weather (models\staging\stg_weather.sql)
  syntax error at or near "**"
  LINE 7:     **EXPLANATION:**  
              ^
  compiled code at target\run\self_healing_pipeline\models\staging\stg_weather.sql
[0m10:18:06.555333 [debug] [Thread-1 (]: Sending event: {'category': 'dbt', 'action': 'run_model', 'label': 'bbe2d54f-6a36-4248-ad63-0e0cd280fcff', 'context': [<snowplow_tracker.self_describing_json.SelfDescribingJson object at 0x000001A1822F87E0>]}
[0m10:18:06.557533 [error] [Thread-1 (]: 1 of 2 ERROR creating sql view model staging_verify.stg_weather ................ [[31mERROR[0m in 0.40s]
[0m10:18:06.561054 [debug] [Thread-1 (]: Finished running node model.self_healing_pipeline.stg_weather
[0m10:18:06.564688 [debug] [Thread-2 (]: Began running node model.self_healing_pipeline.daily_weather_summary
[0m10:18:06.566025 [info ] [Thread-2 (]: 2 of 2 SKIP relation staging_verify.daily_weather_summary ...................... [[33mSKIP[0m]
[0m10:18:06.567756 [debug] [Thread-2 (]: Finished running node model.self_healing_pipeline.daily_weather_summary
[0m10:18:06.570844 [debug] [MainThread]: Using postgres connection "master"
[0m10:18:06.572278 [debug] [MainThread]: On master: BEGIN
[0m10:18:06.574787 [debug] [MainThread]: Opening a new connection, currently in state closed
[0m10:18:06.629134 [debug] [MainThread]: SQL status: BEGIN in 0.054 seconds
[0m10:18:06.630345 [debug] [MainThread]: On master: COMMIT
[0m10:18:06.631457 [debug] [MainThread]: Using postgres connection "master"
[0m10:18:06.632743 [debug] [MainThread]: On master: COMMIT
[0m10:18:06.635272 [debug] [MainThread]: SQL status: COMMIT in 0.001 seconds
[0m10:18:06.636467 [debug] [MainThread]: On master: Close
[0m10:18:06.638283 [debug] [MainThread]: Connection 'master' was properly closed.
[0m10:18:06.640275 [debug] [MainThread]: Connection 'list_shp' was properly closed.
[0m10:18:06.641375 [debug] [MainThread]: Connection 'list_shp_staging_verify' was properly closed.
[0m10:18:06.642547 [debug] [MainThread]: Connection 'model.self_healing_pipeline.stg_weather' was properly closed.
[0m10:18:06.644415 [info ] [MainThread]: 
[0m10:18:06.645771 [info ] [MainThread]: Finished running 1 view model, 1 table model in 0 hours 0 minutes and 1.41 seconds (1.41s).
[0m10:18:06.648652 [debug] [MainThread]: Command end result
[0m10:18:06.798209 [info ] [MainThread]: 
[0m10:18:06.799564 [info ] [MainThread]: [31mCompleted with 1 error and 0 warnings:[0m
[0m10:18:06.800920 [info ] [MainThread]: 
[0m10:18:06.803086 [error] [MainThread]:   Database Error in model stg_weather (models\staging\stg_weather.sql)
  syntax error at or near "**"
  LINE 7:     **EXPLANATION:**  
              ^
  compiled code at target\run\self_healing_pipeline\models\staging\stg_weather.sql
[0m10:18:06.808008 [info ] [MainThread]: 
[0m10:18:06.819862 [info ] [MainThread]: Done. PASS=0 WARN=0 ERROR=1 SKIP=1 TOTAL=2
[0m10:18:06.824795 [debug] [MainThread]: Command `dbt run` failed at 10:18:06.824305 after 8.06 seconds
[0m10:18:06.826250 [debug] [MainThread]: Sending event: {'category': 'dbt', 'action': 'invocation', 'label': 'end', 'context': [<snowplow_tracker.self_describing_json.SelfDescribingJson object at 0x000001A1820D1F90>, <snowplow_tracker.self_describing_json.SelfDescribingJson object at 0x000001A181D2E570>, <snowplow_tracker.self_describing_json.SelfDescribingJson object at 0x000001A181F6E0D0>]}
[0m10:18:06.827987 [debug] [MainThread]: Flushing usage events
